공연ID,공연명,시작일,종료일,공연장소,장르,포스터,상태
PF288193,빈 심포니 내한공연 (05.25),2026.05.25,2026.05.25,롯데콘서트홀,서양음악(클래식),http://www.kopis.or.kr/upload/pfmPoster/PF_PF288193_260327_150734.jpg,공연예정
PF288192,빈 심포니 내한공연 (05.26),2026.05.26,2026.05.26,예술의전당 [서울],서양음악(클래식),http://www.kopis.or.kr/upload/pfmPoster/PF_PF288192_260327_150119.gif,공연예정
PF288191,"아츠스프링 대구 페스티벌, 대구성악가협회 희망콘서트",2026.05.19,2026.05.19,대구문화예술회관,서양음악(클래식),http://www.kopis.or.kr/upload/pfmPoster/PF_PF288191_260327_145415.gif,공연예정
PF288190,메조소프라노 김가영 귀국 독창회,2026.04.30,2026.04.30,예술의전당 [서울],서양음악(클래식),http://www.kopis.or.kr/upload/pfmPoster/PF_PF288190_260327_144228.gif,공연예정
PF288183,공원영 피아노 독주회: Shape of Water,2026.05.22,2026.05.22,예술의전당 [서울],서양음악(클래식),http://www.kopis.or.kr/upload/pfmPoster/PF_PF288183_260327_140337.gif,공연예정
PF288177,제3회 어뮤징오케스트라 정기연주회,2026.04.19,2026.04.19,성남아트센터,서양음악(클래식),http://www.kopis.or.kr/upload/pfmPoster/PF_PF288177_260327_134041.png,공연예정
PF288167,제37회 한밭신인음악회 [대전],2026.04.10,2026.04.10,대전예술의전당,서양음악(클래식),http://www.kopis.or.kr/upload/pfmPoster/PF_PF288167_260327_131737.gif,공연예정
PF288165,"클래시컬 브릿지 국제 음악 페스티벌, 고티에 카퓌송, 엘렌 메르시에, 다니엘 로자코비치, 미하일 플레트네프 & 라흐마니노프 인터네셔널 오케스트라",2026.06.12,2026.06.12,예술의전당 [서울],서양음악(클래식),http://www.kopis.or.kr/upload/pfmPoster/PF_PF288165_260327_131416.gif,공연예정
PF288160,금난새의 두시 데이트 [대구] (6월),2026.06.09,2026.06.09,대구문화예술회관,서양음악(클래식),http://www.kopis.or.kr/upload/pfmPoster/PF_PF288160_260327_130142.gif,공연예정
PF288157,"제134회 울산시립합창단 정기공연, 세대공감: 우리집 음악상자",2026.05.21,2026.05.21,울산문화예술회관,서양음악(클래식),http://www.kopis.or.kr/upload/pfmPoster/PF_PF288157_260327_124832.jpg,공연예정
PF288152,함께Grin합창단 창단연주회 [부천],2026.04.18,2026.04.18,부천아트센터,서양음악(클래식),http://www.kopis.or.kr/upload/pfmPoster/PF_PF288152_260327_114504.jpg,공연예정
PF288151,이예지 귀국 바순 독주회,2026.04.14,2026.04.14,세종문화회관,서양음악(클래식),http://www.kopis.or.kr/upload/pfmPoster/PF_PF288151_260327_113526.jpg,공연예정
PF288149,"푸르지오아트홀 수요초대석 34, 채움아트커뮤니케이션의 음악이 말하는 위로: 구름 뒤의 선율",2026.04.22,2026.04.22,푸르지오아트홀,서양음악(클래식),http://www.kopis.or.kr/upload/pfmPoster/PF_PF288149_260327_112944.gif,공연예정
PF288146,선우예권 피아노 리사이틀 [울산],2026.05.22,2026.05.22,울산중구문화의전당,서양음악(클래식),http://www.kopis.or.kr/upload/pfmPoster/PF_PF288146_260327_112501.jpg,공연예정
PF288144,"피아니스트의 방 클로즈업콘서트 ⅩⅤ, 사계酒: 봄, 한 잔 해야지?",2026.04.11,2026.04.11,피아니스트의 방,서양음악(클래식),http://www.kopis.or.kr/upload/pfmPoster/PF_PF288144_260327_111817.png,공연예정
PF288143,"서빛마루문예회관 기획공연, 명작콘서트: 바람이 전하는 봄의 세레나데 (4월)",2026.04.25,2026.04.25,서빛마루문화예술회관,서양음악(클래식),http://www.kopis.or.kr/upload/pfmPoster/PF_PF288143_260327_111657.jpg,공연예정
PF288139,함안문화예술회관 클래식 시리즈 Ⅲ. 백건우 & 슈베르트,2026.05.08,2026.05.08,함안문화예술회관,서양음악(클래식),http://www.kopis.or.kr/upload/pfmPoster/PF_PF288139_260327_110211.jpg,공연예정
PF288137,아코디언 스토리텔링 월드뮤직 콘서트: 세상에 바람이 되어 [부산],2026.05.30,2026.05.30,F1963,서양음악(클래식),http://www.kopis.or.kr/upload/pfmPoster/PF_PF288137_260327_105617.jpg,공연예정
PF288122,제10회 대전아트필하모닉오케스트라 정기연주회: 로맨틱 로드 [대전],2026.05.08,2026.05.08,대전예술의전당,서양음악(클래식),http://www.kopis.or.kr/upload/pfmPoster/PF_PF288122_260327_100345.gif,공연예정
PF288121,"제82회 (사) 한국여성작곡가회 봄 정기발표회, 씨앗의 기억: 한글의 소리로서의 탄생",2026.04.24,2026.04.24,예술의전당 [서울],서양음악(클래식),http://www.kopis.or.kr/upload/pfmPoster/PF_PF288121_260327_100344.gif,공연예정
PF288119,이미현 피아노 독주회,2026.04.23,2026.04.23,예술의전당 [서울],서양음악(클래식),http://www.kopis.or.kr/upload/pfmPoster/PF_PF288119_260326_154158.gif,공연예정
PF288117,광주시립합창단 기획연주회 Ⅰ. 미취학 아동을 위한 음악회: 칭구야~노올~자 [광주],2026.04.16,2026.04.18,광주 예술의 전당,서양음악(클래식),http://www.kopis.or.kr/upload/pfmPoster/PF_PF288117_260326_153259.jpg,공연예정
PF288115,"슈테른 필하모닉 오케스트라, 더 노블레스 Ⅳ. 베토벤 [성남]",2026.05.17,2026.05.17,성남아트센터,서양음악(클래식),http://www.kopis.or.kr/upload/pfmPoster/PF_PF288115_260326_151238.gif,공연예정
PF288114,"제17회 대한민국 오페라 페스티벌, 베세토 오페라단: 코지 판 투테",2026.05.22,2026.05.24,예술의전당 [서울],서양음악(클래식),http://www.kopis.or.kr/upload/pfmPoster/PF_PF288114_260326_151237.gif,공연예정
PF288109,이디오마 델라 무지카 정기연주회: Telemann Fantasia [대구],2026.04.12,2026.04.12,공간울림연주홀,서양음악(클래식),http://www.kopis.or.kr/upload/pfmPoster/PF_PF288109_260326_143638.png,공연예정
PF288107,제6회 위드합창단 정기연주회,2026.04.25,2026.04.25,광림아트센터,서양음악(클래식),http://www.kopis.or.kr/upload/pfmPoster/PF_PF288107_260326_142734.jpg,공연예정
PF288102,"예술의전당 토요콘서트, 프리뷰 베토벤 (7월)",2026.07.18,2026.07.18,예술의전당 [서울],서양음악(클래식),http://www.kopis.or.kr/upload/pfmPoster/PF_PF288102_260326_141614.gif,공연예정
PF288101,곁에두는음악 Series 1. 에본트리오 앙상블: 선율의 대화,2026.04.17,2026.04.17,음악의집,서양음악(클래식),http://www.kopis.or.kr/upload/pfmPoster/PF_PF288101_260326_141446.jpg,공연예정
PF288100,"아트 온 스크린, 라 트라비아타 [울산] (영상화)",2026.04.28,2026.04.28,울산중구문화의전당,서양음악(클래식),http://www.kopis.or.kr/upload/pfmPoster/PF_PF288100_260326_141131.jpg,공연예정
PF288096,"예술의전당 토요콘서트, 프리뷰 베토벤 (5월)",2026.05.16,2026.05.16,예술의전당 [서울],서양음악(클래식),http://www.kopis.or.kr/upload/pfmPoster/PF_PF288096_260326_140130.gif,공연예정
PF288086,"국립심포니오케스트라, 파리의 아메리카인 [평택]",2026.05.16,2026.05.16,평택아트센터,서양음악(클래식),http://www.kopis.or.kr/upload/pfmPoster/PF_PF288086_260326_134140.gif,공연예정
PF288085,클라라 주미 강 & 김선욱 듀오 리사이틀 [평택],2026.05.22,2026.05.22,평택아트센터,서양음악(클래식),http://www.kopis.or.kr/upload/pfmPoster/PF_PF288085_260326_133948.gif,공연예정
PF288075,에든버러 페스티벌 우수작 초청 시리즈Ⅲ. 오르테미스 오케스트라 (Orthemis Orchestra) [구미],2026.06.20,2026.06.20,구미시문화예술회관,서양음악(클래식),http://www.kopis.or.kr/upload/pfmPoster/PF_PF288075_260326_131401.gif,공연예정
PF288073,"클래시컬 브릿지 국제 음악 페스티벌, 라흐마니노프 인터내셔널 오케스트라 (06.11)",2026.06.11,2026.06.11,롯데콘서트홀,서양음악(클래식),http://www.kopis.or.kr/upload/pfmPoster/PF_PF288073_260326_131305.jpg,공연예정
PF288072,디즈니 인 콘서트: Beyond the Magic [평택],2026.05.02,2026.05.02,평택아트센터,서양음악(클래식),http://www.kopis.or.kr/upload/pfmPoster/PF_PF288072_260326_131304.gif,공연예정
PF288069,백건우 피아노 리사이틀 [대구],2026.05.07,2026.05.07,대구문화예술회관,서양음악(클래식),http://www.kopis.or.kr/upload/pfmPoster/PF_PF288069_260326_130817.gif,공연예정
PF288067,창원문화재단 신인음악회 [창원],2026.04.10,2026.04.10,성산아트홀,서양음악(클래식),http://www.kopis.or.kr/upload/pfmPoster/PF_PF288067_260326_125938.jpg,공연예정
PF288063,오르간 시리즈 II. 올리비에 라트리 & 이신영: 포 핸즈,2026.10.06,2026.10.06,롯데콘서트홀,서양음악(클래식),http://www.kopis.or.kr/upload/pfmPoster/PF_PF288063_260326_124808.jpg,공연예정
PF288057,제5회 트리오 스페스 정기연주회 [대전],2026.03.31,2026.03.31,대전시립연정국악원,서양음악(클래식),http://www.kopis.or.kr/upload/pfmPoster/PF_PF288057_260326_114205.gif,공연예정
PF288054,친절한 오케스트라 시리즈 Ⅰ. 행진 콘서트 [대구],2026.03.28,2026.03.28,대구서구문화회관,서양음악(클래식),http://www.kopis.or.kr/upload/pfmPoster/PF_PF288054_260326_113451.jpg,공연중
PF288051,김지수 피아노 독주회: Schumanistische Blute,2026.03.27,2026.03.27,거암아트홀,서양음악(클래식),http://www.kopis.or.kr/upload/pfmPoster/PF_PF288051_260326_112924.gif,공연완료
PF288050,"위클리 클래식 페스티벌, 음악적 궤도: 사랑의 궤도 [서울 수서]",2026.05.25,2026.05.25,스튜디오 바이탈 바이브,서양음악(클래식),http://www.kopis.or.kr/upload/pfmPoster/PF_PF288050_260326_112435.gif,공연예정
PF288049,"제45회 서울예술가곡제: 첫사랑, 봄빛에 새기다",2026.04.14,2026.04.14,예술의전당 [서울],서양음악(클래식),http://www.kopis.or.kr/upload/pfmPoster/PF_PF288049_260326_112128.gif,공연예정
PF288045,"DSAC 브랜드 콘서트, Playlist: Untitled 시즌Ⅳ, 봄 [대구]",2026.04.18,2026.04.18,달서아트센터 (구. 웃는얼굴아트센터),서양음악(클래식),http://www.kopis.or.kr/upload/pfmPoster/PF_PF288045_260326_111316.jpg,공연예정
PF288043,Beyond Two Pianos 두 대의 피아노를 넘어,2026.04.13,2026.04.13,롯데콘서트홀,서양음악(클래식),http://www.kopis.or.kr/upload/pfmPoster/PF_PF288043_260326_110728.jpg,공연예정
PF288037,"광주시립교향악단, GSO 체임버 시리즈 Ⅱ. April Romance",2026.04.23,2026.04.23,국립아시아문화전당,서양음악(클래식),http://www.kopis.or.kr/upload/pfmPoster/PF_PF288037_260326_104712.jpg,공연예정
PF288034,제5회 브리즈온 윈드오케스트라 정기연주회: 바람이 들려주는 부산이야기,2026.04.05,2026.04.05,부산콘서트홀,서양음악(클래식),http://www.kopis.or.kr/upload/pfmPoster/PF_PF288034_260326_104216.jpg,공연예정
PF288031,임윤찬 피아노 리사이틀 [부산],2026.05.09,2026.05.09,부산콘서트홀,서양음악(클래식),http://www.kopis.or.kr/upload/pfmPoster/PF_PF288031_260326_103438.jpg,공연예정
PF288029,박노을 첼로 독주회,2026.04.14,2026.04.14,예술의전당 [서울],서양음악(클래식),http://www.kopis.or.kr/upload/pfmPoster/PF_PF288029_260326_103322.gif,공연예정
PF288028,한규호 귀국 피아노 독주회,2026.05.10,2026.05.10,예술의전당 [서울],서양음악(클래식),http://www.kopis.or.kr/upload/pfmPoster/PF_PF288028_260326_103153.gif,공연예정
PF288027,"한경진 & 이영희의 브람스: 세 개의 소나타, 하나의 여정",2026.05.23,2026.05.23,예술의전당 [서울],서양음악(클래식),http://www.kopis.or.kr/upload/pfmPoster/PF_PF288027_260326_102735.gif,공연예정
PF288024,제5회 Woon Kyung 유 Chamber Orchestra (운경유챔버오케스트라) 정기연주회: 봄의 세레나데,2026.04.23,2026.04.23,대구콘서트하우스,서양음악(클래식),http://www.kopis.or.kr/upload/pfmPoster/PF_PF288024_260326_102600.jpg,공연예정
PF288014,"밀레니엄심포니오케스트라, 지브리 & 디즈니 OST 콘서트 [서울 강동]",2026.05.08,2026.05.08,강동아트센터,서양음악(클래식),http://www.kopis.or.kr/upload/pfmPoster/PF_PF288014_260325_143743.gif,공연예정
PF288012,"이지은, Andrei Ionita 조인트 리사이틀",2026.04.10,2026.04.10,예술의전당 [서울],서양음악(클래식),http://www.kopis.or.kr/upload/pfmPoster/PF_PF288012_260325_141723.gif,공연예정
PF288004,제3회 The울림 앙상블 정기연주회: 모차르트가 사랑한 아리랑,2026.04.19,2026.04.19,성남아트센터,서양음악(클래식),http://www.kopis.or.kr/upload/pfmPoster/PF_PF288004_260325_135510.jpg,공연예정
PF287998,SK하이닉스와 함께하는 이천국제음악제 4th: 오페라나잇 카르멘 [이천],2026.05.03,2026.05.03,이천아트홀,서양음악(클래식),http://www.kopis.or.kr/upload/pfmPoster/PF_PF287998_260325_134249.gif,공연예정
PF287989,명랑하녀 [인천],2026.04.04,2026.04.04,문화공간 터틀,서양음악(클래식),http://www.kopis.or.kr/upload/pfmPoster/PF_PF287989_260325_132104.jpg,공연예정
PF287988,김재영 바이올린 리사이틀 [통영],2026.05.09,2026.05.09,통영국제음악당,서양음악(클래식),http://www.kopis.or.kr/upload/pfmPoster/PF_PF287988_260325_131944.gif,공연예정
PF287985,조수미 세계무대 데뷔 40주년 기념공연: Continuum [용인],2026.05.17,2026.05.17,용인포은아트홀,서양음악(클래식),http://www.kopis.or.kr/upload/pfmPoster/PF_PF287985_260325_131439.gif,공연예정
PF287984,함경 오보에 리사이틀,2026.05.30,2026.05.30,예술의전당 [서울],서양음악(클래식),http://www.kopis.or.kr/upload/pfmPoster/PF_PF287984_260325_131111.gif,공연예정
PF287978,장 프레드릭 느브제 피아노 리사이틀 [통영],2026.06.14,2026.06.14,통영국제음악당,서양음악(클래식),http://www.kopis.or.kr/upload/pfmPoster/PF_PF287978_260325_130327.gif,공연예정
PF287973,심소연 바이올린 독주회,2026.04.12,2026.04.12,금호아트홀 연세,서양음악(클래식),http://www.kopis.or.kr/upload/pfmPoster/PF_PF287973_260325_124113.gif,공연예정
PF287972,한경아르떼필하모닉 정기연주회: 한경arte필하모닉 더클래식 시리즈2,2026.05.08,2026.05.08,예술의전당 [서울],서양음악(클래식),http://www.kopis.or.kr/upload/pfmPoster/PF_PF287972_260325_123709.gif,공연예정
PF287970,제22회 페스티벌 앙상블 가우디움 정기연주회 [부천],2026.04.11,2026.04.11,부천아트센터,서양음악(클래식),http://www.kopis.or.kr/upload/pfmPoster/PF_PF287970_260325_114212.png,공연예정
PF287969,제8회 서울시민윈드콰이어 정기연주회 [성남],2026.04.04,2026.04.04,성남아트센터,서양음악(클래식),http://www.kopis.or.kr/upload/pfmPoster/PF_PF287969_260325_113518.jpg,공연예정
PF287965,살롱 드 탱고: 홍진호 & 고상지 [여주],2026.03.24,2026.03.24,세종국악당,서양음악(클래식),http://www.kopis.or.kr/upload/pfmPoster/PF_PF287965_260325_112656.jpg,공연완료
PF287961,"봄, 피어오르다 [부천]",2026.04.24,2026.04.25,부천시민회관,서양음악(클래식),http://www.kopis.or.kr/upload/pfmPoster/PF_PF287961_260325_111712.gif,공연예정
PF287956,케빈 추 바이올린 리사이틀 [통영],2026.05.23,2026.05.23,통영국제음악당,서양음악(클래식),http://www.kopis.or.kr/upload/pfmPoster/PF_PF287956_260325_110506.gif,공연예정
PF287952,팬잔스의 해적들 [울산],2026.04.18,2026.04.18,서울주문화센터,서양음악(클래식),http://www.kopis.or.kr/upload/pfmPoster/PF_PF287952_260325_105421.jpg,공연예정
PF287951,지브리 & 디즈니 영화음악 FESTA [부산],2026.05.30,2026.05.30,부산콘서트홀,서양음악(클래식),http://www.kopis.or.kr/upload/pfmPoster/PF_PF287951_260325_105421.gif,공연예정
PF287950,배성희 반주 리사이틀: 로맨티스트 나 [대전],2026.04.19,2026.04.19,대전예술의전당,서양음악(클래식),http://www.kopis.or.kr/upload/pfmPoster/PF_PF287950_260325_105053.gif,공연예정
PF287949,"에피소드 블렌드 시리즈 Ⅶ. 쳄발로, 친구를 만나다.",2026.04.17,2026.04.17,세종문화회관,서양음악(클래식),http://www.kopis.or.kr/upload/pfmPoster/PF_PF287949_260325_104745.gif,공연예정
PF287948,이천국제음악제 3rd: 콘체르토나잇 [이천],2026.05.02,2026.05.02,이천아트홀,서양음악(클래식),http://www.kopis.or.kr/upload/pfmPoster/PF_PF287948_260325_104744.gif,공연예정
PF287946,박규희 & 양방언 듀오 콘서트: 두 개의 빛 [대구],2026.03.27,2026.03.27,비원뮤직홀,서양음악(클래식),http://www.kopis.or.kr/upload/pfmPoster/PF_PF287946_260325_104545.png,공연완료
PF287945,라베크 자매 Two Pianos: 필립 글래스의 장 콕토 3부작 [강릉],2026.04.28,2026.04.28,강릉아트센터 (구. 강릉문화예술관),서양음악(클래식),http://www.kopis.or.kr/upload/pfmPoster/PF_PF287945_260325_103957.jpg,공연예정
PF287939,제81회 군산시립교향악단 기획연주회: 음 (音) 하하하 교과서 음악회,2026.05.21,2026.05.21,군산예술의전당,서양음악(클래식),http://www.kopis.or.kr/upload/pfmPoster/PF_PF287939_260325_102949.jpg,공연예정
PF287938,"TIMF 앙상블, 마우리치오 카겔: 바리에테 [통영]",2026.06.20,2026.06.20,통영국제음악당,서양음악(클래식),http://www.kopis.or.kr/upload/pfmPoster/PF_PF287938_260325_102712.gif,공연예정
PF287930,서울시향 퇴근길 콘서트: 우리가 사랑한 뮤지컬,2026.06.23,2026.06.23,LG아트센터 서울,서양음악(클래식),http://www.kopis.or.kr/upload/pfmPoster/PF_PF287930_260325_101352.jpg,공연예정
PF287928,제85회 파주시립예술단 기획연주회: 밤의 노래,2026.04.09,2026.04.09,솔가람아트홀,서양음악(클래식),http://www.kopis.or.kr/upload/pfmPoster/PF_PF287928_260325_101018.jpg,공연예정
PF287923,"금호영아티스트콘서트, 안정빈 첼로 독주회",2026.06.20,2026.06.20,금호아트홀 연세,서양음악(클래식),http://www.kopis.or.kr/upload/pfmPoster/PF_PF287923_260324_135340.gif,공연예정
PF287922,"금호영재콘서트, 김다함 오보에 독주회",2026.05.16,2026.05.16,금호아트홀 연세,서양음악(클래식),http://www.kopis.or.kr/upload/pfmPoster/PF_PF287922_260324_134950.gif,공연예정
PF287921,"NAC 실내악시리즈, The Sound of Strings: 앙상블 코스모폴리탄 [부산]",2026.04.16,2026.04.16,낙동아트센터,서양음악(클래식),http://www.kopis.or.kr/upload/pfmPoster/PF_PF287921_260324_134720.jpg,공연예정
PF287920,"금호영재콘서트, 최은호 트럼펫 독주회",2026.04.25,2026.04.25,금호아트홀 연세,서양음악(클래식),http://www.kopis.or.kr/upload/pfmPoster/PF_PF287920_260324_134104.gif,공연예정
PF287919,NEXT DIMENSION 세종후원회 신춘음악회,2026.03.24,2026.03.24,세종문화회관,서양음악(클래식),http://www.kopis.or.kr/upload/pfmPoster/PF_PF287919_260326_164236.png,공연완료
PF287918,조수미 세계무대 데뷔 40주년 기념 콘서트 [창원],2026.05.09,2026.05.09,성산아트홀,서양음악(클래식),http://www.kopis.or.kr/upload/pfmPoster/PF_PF287918_260324_133816.jpg,공연예정
PF287909,"NAC 시그니처 클래식 시리즈 Ⅱ, 멘델스존 5번 & 패리시 알바스 하프 협주곡",2026.04.25,2026.04.25,낙동아트센터,서양음악(클래식),http://www.kopis.or.kr/upload/pfmPoster/PF_PF287909_260324_132229.jpg,공연예정
PF287908,평창페스티벌오케스트라 with 양성원 [통영],2026.08.08,2026.08.08,통영국제음악당,서양음악(클래식),http://www.kopis.or.kr/upload/pfmPoster/PF_PF287908_260324_131639.gif,공연예정
PF287906,"트라이보울 클래식 페스티벌, 트라이보울 페스티브 체임버 [인천]",2026.05.10,2026.05.10,트라이보울,서양음악(클래식),http://www.kopis.or.kr/upload/pfmPoster/PF_PF287906_260324_130851.gif,공연예정
PF287905,"NAC 실내악시리즈, 트리오 젬 (GEM) : 세 개의 빛, 하나의 울림",2026.04.23,2026.04.23,낙동아트센터,서양음악(클래식),http://www.kopis.or.kr/upload/pfmPoster/PF_PF287905_260324_130531.jpg,공연예정
PF287904,임윤찬 피아노 리사이틀 [통영],2026.05.10,2026.05.10,통영국제음악당,서양음악(클래식),http://www.kopis.or.kr/upload/pfmPoster/PF_PF287904_260324_130131.gif,공연예정
PF287900,Cotton Project IV: 세기를 잇는 선율의 대화,2026.04.02,2026.04.02,반포심산아트홀,서양음악(클래식),http://www.kopis.or.kr/upload/pfmPoster/PF_PF287900_260324_124210.gif,공연예정
PF287899,"앳모스피어 리트릿 시리즈, 박종해: 피아노의 숲 [남양주]",2026.04.18,2026.04.18,앳모스피어 뮤직홀,서양음악(클래식),http://www.kopis.or.kr/upload/pfmPoster/PF_PF287899_260324_115246.png,공연예정
PF287898,"트라이보울 클래식 페스티벌: 앙상블 파체, 클래식의 경계를 넘다: 클래식으로부터 [인천]",2026.05.09,2026.05.09,트라이보울,서양음악(클래식),http://www.kopis.or.kr/upload/pfmPoster/PF_PF287898_260324_114404.jpg,공연예정
PF287896,"트라이보울 클래식 페스티벌, 아렌트 & 정민호: Early Musique [인천]",2026.05.10,2026.05.10,트라이보울,서양음악(클래식),http://www.kopis.or.kr/upload/pfmPoster/PF_PF287896_260324_113620.jpg,공연예정
PF287895,토요일 토요일은 클래식 vol.1: 제주특별자치도립 서귀포관악단: 바람의 울림 (04.04) [제주],2026.04.04,2026.04.04,김정문화회관,서양음악(클래식),http://www.kopis.or.kr/upload/pfmPoster/PF_PF287895_260324_113433.jpg,공연예정
PF287891,드레스덴 슈타츠카펠레 체임버 오케스트라 with 윤홍천 [통영],2026.07.04,2026.07.04,통영국제음악당,서양음악(클래식),http://www.kopis.or.kr/upload/pfmPoster/PF_PF287891_260324_112139.gif,공연예정
PF287888,김재이 플루트 독주회,2026.04.10,2026.04.10,롯데콘서트홀,서양음악(클래식),http://www.kopis.or.kr/upload/pfmPoster/PF_PF287888_260324_111948.jpg,공연예정
PF287887,백건우 피아노 리사이틀 [통영],2026.05.05,2026.05.05,통영국제음악당,서양음악(클래식),http://www.kopis.or.kr/upload/pfmPoster/PF_PF287887_260324_111620.gif,공연예정
PF287883,"트라이보울 클래식 페스티벌, 실내악 시리즈: 문태국 & 박종해 듀오",2026.05.09,2026.05.09,트라이보울,서양음악(클래식),http://www.kopis.or.kr/upload/pfmPoster/PF_PF287883_260324_110329.jpg,공연예정
PF287880,"마티네 콘서트, 한국가곡, 마음에 피다. [부산 해운대]",2026.04.17,2026.04.17,해운대문화회관,서양음악(클래식),http://www.kopis.or.kr/upload/pfmPoster/PF_PF287880_260324_105747.jpg,공연예정
PF287872,아트클래스 시리즈 Ⅸ. 화가들이 그린 음악가의 초상,2026.04.14,2026.04.14,을숙도문화회관,서양음악(클래식),http://www.kopis.or.kr/upload/pfmPoster/PF_PF287872_260324_103943.jpg,공연예정
PF287870,"트라이보울 클래식 페스티벌, 해설이 있는 조재혁 피아노 리사이틀",2026.05.08,2026.05.08,트라이보울,서양음악(클래식),http://www.kopis.or.kr/upload/pfmPoster/PF_PF287870_260324_103450.jpg,공연예정
PF287869,"클래식시리즈, 산책Ⅱ. 김홍박 & 아레테 콰르텟: GOLDEN [인천]",2026.06.27,2026.06.27,인천동구문화체육센터,서양음악(클래식),http://www.kopis.or.kr/upload/pfmPoster/PF_PF287869_260324_103126.gif,공연예정
PF287863,제11회 거제필하모닉오케스트라 정기연주회,2026.04.20,2026.04.20,거제문화예술회관,서양음악(클래식),http://www.kopis.or.kr/upload/pfmPoster/PF_PF287863_260324_101724.jpg,공연예정
PF287862,제182회 제주특별자치도립 제주교향악단 정기연주회: 제주 헤리티지 시리즈Ⅱ (04.05),2026.04.05,2026.04.05,제주문예회관,서양음악(클래식),http://www.kopis.or.kr/upload/pfmPoster/PF_PF287862_260324_101723.png,공연예정
PF287858,제6회 리베클라비어 정기연주회: Festival M. Ravel [대전],2026.04.12,2026.04.12,대전예술의전당,서양음악(클래식),http://www.kopis.or.kr/upload/pfmPoster/PF_PF287858_260324_101134.gif,공연예정
PF287855,제31회 훈피아노 정기연주회: 피아니스트들의 봄 (4개월 프로젝트),2026.03.29,2026.03.29,브라움홀,서양음악(클래식),http://www.kopis.or.kr/upload/pfmPoster/PF_PF287855_260324_100440.png,공연예정
PF287852,지브리 & 디즈니 오케스트라 콘서트,2026.05.10,2026.05.10,롯데콘서트홀,서양음악(클래식),http://www.kopis.or.kr/upload/pfmPoster/PF_PF287852_260324_095715.gif,공연예정
PF287850,김현철의 유쾌한 오케스트라 [하동],2026.04.09,2026.04.09,하동문화예술회관,서양음악(클래식),http://www.kopis.or.kr/upload/pfmPoster/PF_PF287850_260324_095309.png,공연예정
PF287841,"제1291회 서초금요음악회, 봄을 두드리는 밤",2026.04.03,2026.04.03,서초문화예술회관(구. 서초구민회관),서양음악(클래식),http://www.kopis.or.kr/upload/pfmPoster/PF_PF287841_260326_170515.jpg,공연예정
PF287840,"서리풀 전곡 연주 시리즈, 하이든 교향곡 시리즈 33: Military",2026.05.14,2026.05.14,반포심산아트홀,서양음악(클래식),http://www.kopis.or.kr/upload/pfmPoster/PF_PF287840_260323_172557.gif,공연예정
PF287838,"낭만주의 거장, 말러",2026.05.15,2026.05.15,롯데콘서트홀,서양음악(클래식),http://www.kopis.or.kr/upload/pfmPoster/PF_PF287838_260323_171921.gif,공연예정
PF287830,엘든 링 심포니 콘서트,2026.05.03,2026.05.03,롯데콘서트홀,서양음악(클래식),http://www.kopis.or.kr/upload/pfmPoster/PF_PF287830_260323_170126.png,공연예정
PF287819,"서초문화재단 & 서초교향악단 공동기획, 모차르트 피아노 협주곡 전곡시리즈 5",2026.04.23,2026.04.23,반포심산아트홀,서양음악(클래식),http://www.kopis.or.kr/upload/pfmPoster/PF_PF287819_260323_163125.gif,공연예정
PF287818,"서리풀 전곡 연주 시리즈, 하이든 교향곡 시리즈 32: Special Guest",2026.04.09,2026.04.09,반포심산아트홀,서양음악(클래식),http://www.kopis.or.kr/upload/pfmPoster/PF_PF287818_260323_162926.gif,공연예정
PF287809,피예나 그리그 바이올린 소나타 전곡 연주,2026.04.25,2026.04.25,예술의전당 [서울],서양음악(클래식),http://www.kopis.or.kr/upload/pfmPoster/PF_PF287809_260323_161137.gif,공연예정
PF287806,"프란츠 리스트에 의한 베토벤 교향곡 전곡, 홍은혜 피아노 독주회 [하남]",2026.04.24,2026.04.25,하남문화예술회관,서양음악(클래식),http://www.kopis.or.kr/upload/pfmPoster/PF_PF287806_260323_160657.gif,공연예정
PF287804,"제1155회 하우스콘서트, 박진수, 연정흠",2026.05.04,2026.05.04,예술가의 집,서양음악(클래식),http://www.kopis.or.kr/upload/pfmPoster/PF_PF287804_260323_155950.png,공연예정
PF287803,NAC 초청기획시리즈: 대구시립교향악단 초청공연 [부산],2026.04.14,2026.04.14,낙동아트센터,서양음악(클래식),http://www.kopis.or.kr/upload/pfmPoster/PF_PF287803_260323_155916.jpg,공연예정
PF287798,김수지 바이올린 독주회,2026.04.25,2026.04.25,세종문화회관,서양음악(클래식),http://www.kopis.or.kr/upload/pfmPoster/PF_PF287798_260323_155244.gif,공연예정
PF287794,"서초문화재단 & 서초교향악단 공동기획, 모차르트 피아노 협주곡 전곡 시리즈 7",2026.06.25,2026.06.25,반포심산아트홀,서양음악(클래식),http://www.kopis.or.kr/upload/pfmPoster/PF_PF287794_260323_154658.gif,공연예정
PF287790,"금호 영아티스트 콘서트, 이상욱 트럼펫 독주회",2026.05.16,2026.05.16,금호아트홀 연세,서양음악(클래식),http://www.kopis.or.kr/upload/pfmPoster/PF_PF287790_260323_154000.gif,공연예정
PF287788,소프라노 강혜정의 어느 봄날,2026.04.09,2026.04.13,아트센터 림,서양음악(클래식),http://www.kopis.or.kr/upload/pfmPoster/PF_PF287788_260323_153856.jpg,공연예정
PF287784,김혜령 바이올린 리사이틀 [대구],2026.04.16,2026.04.16,대구콘서트하우스,서양음악(클래식),http://www.kopis.or.kr/upload/pfmPoster/PF_PF287784_260323_152621.jpg,공연예정
PF287782,"NAC 실내악시리즈, 에코앙상블 (Echo Ensemble) 실내악 콘서트",2026.04.09,2026.04.09,낙동아트센터,서양음악(클래식),http://www.kopis.or.kr/upload/pfmPoster/PF_PF287782_260323_151928.jpg,공연예정
PF287781,제124회 포항시립합창단 정기연주회: 봄 날,2026.04.09,2026.04.09,포항문화예술회관,서양음악(클래식),http://www.kopis.or.kr/upload/pfmPoster/PF_PF287781_260323_151927.jpg,공연예정
PF287778,"서리풀 전곡 연주 시리즈, 하이든 교향곡 시리즈 34: Drum Roll",2026.06.18,2026.06.18,반포심산아트홀,서양음악(클래식),http://www.kopis.or.kr/upload/pfmPoster/PF_PF287778_260323_151321.gif,공연예정
PF287774,"금호영아티스트콘서트, 이소민 첼로 독주회",2026.04.04,2026.04.04,금호아트홀 연세,서양음악(클래식),http://www.kopis.or.kr/upload/pfmPoster/PF_PF287774_260323_150141.jpg,공연예정
PF287769,안은주 바이올린 독주회,2026.04.16,2026.04.16,일신홀,서양음악(클래식),http://www.kopis.or.kr/upload/pfmPoster/PF_PF287769_260323_145554.gif,공연예정
PF287762,"아티스트 인 안동, 아토 앙상블: 클래식, 시간을 잇다",2026.04.18,2026.04.18,안동문화예술의전당,서양음악(클래식),http://www.kopis.or.kr/upload/pfmPoster/PF_PF287762_260323_144128.jpg,공연예정
PF287761,케이팝 데몬 헌터스 OST 오케스트라 콘서트 [부산],2026.05.03,2026.05.03,부산콘서트홀,서양음악(클래식),http://www.kopis.or.kr/upload/pfmPoster/PF_PF287761_260323_143904.png,공연예정
PF287758,지휘자 서희태의 교과서 클래식 토크 콘서트 [부산],2026.05.17,2026.05.17,낙동아트센터,서양음악(클래식),http://www.kopis.or.kr/upload/pfmPoster/PF_PF287758_260323_143628.jpg,공연예정
PF287757,"낙동아트센터 마티네 콘서트, 성악앙상블 시리즈 Ⅱ. 소프라노 왕기헌, 강수진 테너 문한솔, 장지현 바리톤 안세범: 인생은 아름다워",2026.04.21,2026.04.21,낙동아트센터,서양음악(클래식),http://www.kopis.or.kr/upload/pfmPoster/PF_PF287757_260323_143401.jpg,공연예정
PF287753,"르네상스 in 동래, 성악과 피아노 트리오로 만나는 모차르트의 삶",2026.04.21,2026.04.21,동래문화회관,서양음악(클래식),http://www.kopis.or.kr/upload/pfmPoster/PF_PF287753_260323_142630.jpg,공연예정
PF287750,"드림문화오케스트라와 함께하는 4월의, 드림콘서트 [부산]",2026.04.11,2026.04.11,부산북구문화예술회관 (구.북구문화빙상센터),서양음악(클래식),http://www.kopis.or.kr/upload/pfmPoster/PF_PF287750_260323_141444.gif,공연예정
PF287749,"서초문화재단 & 서초교향악단 공동기획, 모차르트 피아노 협주곡 전곡시리즈 9",2026.08.27,2026.08.27,반포심산아트홀,서양음악(클래식),http://www.kopis.or.kr/upload/pfmPoster/PF_PF287749_260323_141253.gif,공연예정
PF287748,"서초문화재단 & 서초교향악단 공동기획, 모차르트 피아노 협주곡 전곡 시리즈 6",2026.05.28,2026.05.28,반포심산아트홀,서양음악(클래식),http://www.kopis.or.kr/upload/pfmPoster/PF_PF287748_260323_141136.gif,공연예정
PF287747,제4회 덴탈필하모닉오케스트라 정기연주회,2026.05.30,2026.05.30,KBS [본관],서양음악(클래식),http://www.kopis.or.kr/upload/pfmPoster/PF_PF287747_260323_140825.gif,공연예정
PF287743,제2회 트리오 크레도 정기연주회,2026.05.22,2026.05.22,예술의전당 [서울],서양음악(클래식),http://www.kopis.or.kr/upload/pfmPoster/PF_PF287743_260323_140517.gif,공연예정
PF287742,제13회 클랑클링 피아노 트리오 정기연주회: 거장 베토벤 시리즈 Ⅱ [대전],2026.04.18,2026.04.18,대전예술의전당,서양음악(클래식),http://www.kopis.or.kr/upload/pfmPoster/PF_PF287742_260323_140116.gif,공연예정
PF287735,김영욱 x 콜레기움 무지쿰 서울: 8 Seasons [여수],2026.05.07,2026.05.07,GS칼텍스 예울마루,서양음악(클래식),http://www.kopis.or.kr/upload/pfmPoster/PF_PF287735_260323_135107.gif,공연예정
PF287732,경상오페라단 창단 10주년 기념공연 시리즈 Ⅰ. 라 트라비아타 [진주],2026.05.30,2026.05.30,경상남도문화예술회관,서양음악(클래식),http://www.kopis.or.kr/upload/pfmPoster/PF_PF287732_260323_134712.gif,공연예정
PF287729,양지혜 피아노 독주회,2026.04.14,2026.04.14,영산아트홀,서양음악(클래식),http://www.kopis.or.kr/upload/pfmPoster/PF_PF287729_260323_134420.gif,공연예정
PF287728,강윤지 비올라 독주회,2026.04.25,2026.04.25,예술의전당 [서울],서양음악(클래식),http://www.kopis.or.kr/upload/pfmPoster/PF_PF287728_260323_134114.gif,공연예정
PF287725,"DSAC 아트 페스티벌, 제9회 피아노 위크 [대구]",2026.04.22,2026.04.25,달서아트센터 (구. 웃는얼굴아트센터),서양음악(클래식),http://www.kopis.or.kr/upload/pfmPoster/PF_PF287725_260323_133715.jpg,공연예정
PF287718,"이영희 & 박제민, Spring Dialogue 봄의 대화 [진주]",2026.03.28,2026.03.28,"문기타, 문씨어터 [진주]",서양음악(클래식),http://www.kopis.or.kr/upload/pfmPoster/PF_PF287718_260323_132450.jpg,공연중
PF287715,"SC BRIGHT 큐레이션 산책 시리즈 Ⅱ. 4월, 봄의 결",2026.04.01,2026.04.01,세종문화회관,서양음악(클래식),http://www.kopis.or.kr/upload/pfmPoster/PF_PF287715_260323_132119.png,공연예정
PF287710,이옥규 피아노 독주회,2026.04.09,2026.04.09,예술의전당 [서울],서양음악(클래식),http://www.kopis.or.kr/upload/pfmPoster/PF_PF287710_260323_131214.gif,공연예정
PF287709,해설이 있는 이아라 바이올린 독주회,2026.04.29,2026.04.29,세종문화회관,서양음악(클래식),http://www.kopis.or.kr/upload/pfmPoster/PF_PF287709_260323_130727.png,공연예정
PF287708,앤디맥키 & 마사아키 키시베 내한공연,2026.05.22,2026.05.22,푸르지오아트홀,서양음악(클래식),http://www.kopis.or.kr/upload/pfmPoster/PF_PF287708_260323_130727.gif,공연예정
PF287706,"선데이콘서트, 엘림 리사이틀 시리즈: 안정빈 첼로 독주회 [인천]",2026.03.22,2026.03.22,엘림아트센터,서양음악(클래식),http://www.kopis.or.kr/upload/pfmPoster/PF_PF287706_260323_130137.gif,공연완료
PF287705,제6회 OPUS Chamber Society (OCS) 정기연주회: 음악의 향연: Beethoven to Broadway,2026.03.24,2026.03.24,용인포은아트홀,서양음악(클래식),http://www.kopis.or.kr/upload/pfmPoster/PF_PF287705_260323_130137.jpg,공연완료
PF287704,"서리풀 전곡 연주 시리즈, 하이든 교향곡 시리즈 35: London",2026.07.09,2026.07.09,반포심산아트홀,서양음악(클래식),http://www.kopis.or.kr/upload/pfmPoster/PF_PF287704_260323_125834.png,공연예정
PF287703,온 가족이 행복한 콘서트 오페라 시리즈3. 프란츠 레하르: THE MERRY WIDOW [부산],2026.04.24,2026.04.24,금정문화회관,서양음악(클래식),http://www.kopis.or.kr/upload/pfmPoster/PF_PF287703_260323_125704.png,공연예정
PF287697,"수요초대석 33. 테너 이인학 독창회, 브람스의 동화 연가곡: 아름다운 마겔로네",2026.04.08,2026.04.08,푸르지오아트홀,서양음악(클래식),http://www.kopis.or.kr/upload/pfmPoster/PF_PF287697_260323_124554.gif,공연예정
PF287694,디지몬 심포니: 선택받은 아이들 Epilogue,2026.04.19,2026.04.20,세종문화회관,서양음악(클래식),http://www.kopis.or.kr/upload/pfmPoster/PF_PF287694_260323_123805.png,공연예정
PF287685,"월간연주자, 피아니스트 김나연 (5월)",2026.05.30,2026.05.30,갤러리 디 아르테 청담,서양음악(클래식),http://www.kopis.or.kr/upload/pfmPoster/PF_PF287685_260323_113737.gif,공연예정
PF287681,"온: 콘서트, 연음: 낭만주의에서 인상주의까지",2026.04.25,2026.04.25,온쉼표,서양음악(클래식),http://www.kopis.or.kr/upload/pfmPoster/PF_PF287681_260323_112815.png,공연예정
PF287678,예은하 귀국 클라리넷 독주회,2026.05.31,2026.05.31,예술의전당 [서울],서양음악(클래식),http://www.kopis.or.kr/upload/pfmPoster/PF_PF287678_260323_111703.gif,공연예정
PF287672,김천회 트롬본 독주회,2026.04.26,2026.04.26,예술의전당 [서울],서양음악(클래식),http://www.kopis.or.kr/upload/pfmPoster/PF_PF287672_260323_110001.jpg,공연예정
PF287671,소프라노 민경원 귀국 독창회,2026.05.13,2026.05.13,세종문화회관,서양음악(클래식),http://www.kopis.or.kr/upload/pfmPoster/PF_PF287671_260323_105747.jpg,공연예정
PF287670,"목요상설음악회 아트살롱, 현 위의 산책: 클래식부터 시네마까지 [부산]",2026.04.23,2026.04.23,동래문화회관,서양음악(클래식),http://www.kopis.or.kr/upload/pfmPoster/PF_PF287670_260323_105747.jpg,공연예정
PF287667,"서초문화재단 & 서초교향악단 공동기획, 모차르트 피아노 협주곡 전곡시리즈 8",2026.07.23,2026.07.23,반포심산아트홀,서양음악(클래식),http://www.kopis.or.kr/upload/pfmPoster/PF_PF287667_260323_105450.gif,공연예정
PF287662,"헤르만아트홀 상반기 기획연주, 앙상블 패치워크 리사이틀",2026.03.21,2026.03.21,헤르만아트홀,서양음악(클래식),http://www.kopis.or.kr/upload/pfmPoster/PF_PF287662_260323_104559.jpg,공연완료
PF287652,"TIMF앙상블 SPICE I, 한국작곡가의 밤",2026.04.24,2026.04.24,일신홀,서양음악(클래식),http://www.kopis.or.kr/upload/pfmPoster/PF_PF287652_260323_102620.gif,공연예정
PF287649,"지브리를 품은 클래식: 가족, 우리들의 노래 [부산 해운대]",2026.05.31,2026.05.31,해운대문화회관,서양음악(클래식),http://www.kopis.or.kr/upload/pfmPoster/PF_PF287649_260320_151837.gif,공연예정
PF287644,케이팝 데몬 헌터스 OST 오케스트라 콘서트 [울산],2026.05.02,2026.05.02,울산문화예술회관,서양음악(클래식),http://www.kopis.or.kr/upload/pfmPoster/PF_PF287644_260320_145927.jpg,공연예정
PF287643,브런치클래식 Ⅲ. 내 영혼 바람되어 [군포],2026.06.25,2026.06.25,군포문화예술회관,서양음악(클래식),http://www.kopis.or.kr/upload/pfmPoster/PF_PF287643_260320_145317.gif,공연예정
PF287642,대한민국 동요대축제: 함께 걸어 좋은 길 [부산],2026.03.21,2026.03.21,(재) 영화의전당,서양음악(클래식),http://www.kopis.or.kr/upload/pfmPoster/PF_PF287642_260320_145205.jpg,공연완료
PF287640,"클래시컬 브릿지 국제 음악 페스티벌, 미샤 마이스키 첼로 리사이틀",2026.06.04,2026.06.04,예술의전당 [서울],서양음악(클래식),http://www.kopis.or.kr/upload/pfmPoster/PF_PF287640_260320_144313.gif,공연예정
PF287628,브런치클래식 Ⅱ. Home Sweet Home [군포],2026.05.14,2026.05.14,군포문화예술회관,서양음악(클래식),http://www.kopis.or.kr/upload/pfmPoster/PF_PF287628_260320_141256.gif,공연예정
PF287625,"대관령음악제, 강원의 사계 여름: 에스메 콰르텟 [춘천]",2026.06.09,2026.06.09,춘천문화예술회관,서양음악(클래식),http://www.kopis.or.kr/upload/pfmPoster/PF_PF287625_260320_140546.gif,공연예정
PF287620,해설과 함께하는 첼리스트 배유미의 무반주 음악 Ⅲ,2026.04.02,2026.04.02,예술의전당 [서울],서양음악(클래식),http://www.kopis.or.kr/upload/pfmPoster/PF_PF287620_260320_135349.gif,공연예정
PF287619,케이팝 데몬 헌터스 OST 오케스트라 콘서트 [안산],2026.05.05,2026.05.05,안산문화예술의전당,서양음악(클래식),http://www.kopis.or.kr/upload/pfmPoster/PF_PF287619_260323_144351.jpg,공연예정
PF287616,제44회 하남시립합창단 정기연주회: 여음 음악회 [하남],2026.05.09,2026.05.09,하남문화예술회관,서양음악(클래식),http://www.kopis.or.kr/upload/pfmPoster/PF_PF287616_260320_134243.gif,공연예정
PF287615,브런치클래식 Ⅰ. 봄 (Spring) [군포],2026.04.16,2026.04.16,군포문화예술회관,서양음악(클래식),http://www.kopis.or.kr/upload/pfmPoster/PF_PF287615_260320_134215.gif,공연예정
PF287611,최형록 피아노 리사이틀,2026.05.17,2026.05.17,예술의전당 [서울],서양음악(클래식),http://www.kopis.or.kr/upload/pfmPoster/PF_PF287611_260320_133501.gif,공연예정
PF287605,"상반기 예진 아티스트 페스티벌, 예진영아티스트콘서트 3",2026.03.21,2026.03.21,모차르트홀,서양음악(클래식),http://www.kopis.or.kr/upload/pfmPoster/PF_PF287605_260320_132010.jpg,공연완료
PF287604,"말러리안 시리즈 9, 말러 교향곡 8번: 천인",2026.04.30,2026.04.30,예술의전당 [서울],서양음악(클래식),http://www.kopis.or.kr/upload/pfmPoster/PF_PF287604_260320_131741.gif,공연예정
PF287599,제7회 가온 솔로이스츠 정기연주회,2026.04.18,2026.04.18,예술의전당 [서울],서양음악(클래식),http://www.kopis.or.kr/upload/pfmPoster/PF_PF287599_260320_130154.gif,공연예정
PF287596,제1회 디어에스엠 정기연주회: Love & Blossom,2026.04.04,2026.04.04,영산아트홀,서양음악(클래식),http://www.kopis.or.kr/upload/pfmPoster/PF_PF287596_260320_125715.gif,공연예정
PF287595,소프라노 김선희 독창회 [서울],2026.04.17,2026.04.17,예술의전당 [서울],서양음악(클래식),http://www.kopis.or.kr/upload/pfmPoster/PF_PF287595_260320_125359.gif,공연예정
PF287587,"남양주문화재단 마티네 콘서트 시리즈, 11시 클래식 수다 with 이서준 [남양주] (4월)",2026.04.08,2026.04.08,다산아트홀,서양음악(클래식),http://www.kopis.or.kr/upload/pfmPoster/PF_PF287587_260320_123318.png,공연예정
PF287581,"낙동아트센터 마티네 콘서트, 피아노 소나타 시리즈 Ⅱ. 피아니스트 서형민의 베토벤소나타: 시련의 시작 [부산]",2026.04.14,2026.04.14,낙동아트센터,서양음악(클래식),http://www.kopis.or.kr/upload/pfmPoster/PF_PF287581_260320_114442.jpg,공연예정
PF287578,"낙동아트센터 마티네 콘서트, 실내악시리즈 Ⅰ. 앙상블 GEM, 바이올린 김동욱: Dear Mozart [부산]",2026.04.07,2026.04.07,낙동아트센터,서양음악(클래식),http://www.kopis.or.kr/upload/pfmPoster/PF_PF287578_260320_113401.jpg,공연예정
PF287577,이혁 & 이효 듀오 리사이틀,2026.05.24,2026.05.24,예술의전당 [서울],서양음악(클래식),http://www.kopis.or.kr/upload/pfmPoster/PF_PF287577_260320_113359.gif,공연예정
PF287569,어린이날 기념 지브리 & 디즈니 OST 콘서트 [광주],2026.05.05,2026.05.05,광주 예술의 전당,서양음악(클래식),http://www.kopis.or.kr/upload/pfmPoster/PF_PF287569_260320_111220.gif,공연예정
PF287568,"부산시립교향악단 기획음악회, 세계 클래식 음악산책 Ⅱ. 스페인",2026.05.13,2026.05.13,부산문화회관,서양음악(클래식),http://www.kopis.or.kr/upload/pfmPoster/PF_PF287568_260320_111220.jpg,공연예정
PF287566,박지나 피아노 독주회,2026.04.11,2026.04.11,세종문화회관,서양음악(클래식),http://www.kopis.or.kr/upload/pfmPoster/PF_PF287566_260320_110834.png,공연예정
PF287564,박고운 첼로 리사이틀: Johannes Brahms,2026.05.26,2026.05.26,예술의전당 [서울],서양음악(클래식),http://www.kopis.or.kr/upload/pfmPoster/PF_PF287564_260320_110616.gif,공연예정
PF287561,"클래시컬 브릿지 국제 음악 페스티벌, 챔버콘서트 Ⅲ: 미샤 마이스키, 오귀스땅 뒤메이, 에릭 실버거, 김상진 외 [고양]",2026.06.07,2026.06.07,고양아람누리,서양음악(클래식),http://www.kopis.or.kr/upload/pfmPoster/PF_PF287561_260320_105847.gif,공연예정
PF287559,"수성르네상스프로젝트, 젊은 예술가 리사이틀 Ⅰ. 소프라노 김소미 리사이틀",2026.04.29,2026.04.29,수성아트피아,서양음악(클래식),http://www.kopis.or.kr/upload/pfmPoster/PF_PF287559_260320_105111.jpg,공연예정
PF287556,"소프라노 송영옥과 친구들: 봄, 다시 만난 노래",2026.03.24,2026.03.24,일신홀,서양음악(클래식),http://www.kopis.or.kr/upload/pfmPoster/PF_PF287556_260320_104416.gif,공연완료
PF287553,"음악으로 그리는 일곱가지 반 고흐, 별이 빛나는 밤에 [정읍]",2026.03.27,2026.03.27,정읍사예술회관,서양음악(클래식),http://www.kopis.or.kr/upload/pfmPoster/PF_PF287553_260320_103622.jpg,공연완료
PF287552,(사) 서울오케스트라와 함께하는 소아암 환우 돕기 KSC 신인아티스트 콘서트,2026.03.26,2026.03.26,롯데콘서트홀,서양음악(클래식),http://www.kopis.or.kr/upload/pfmPoster/PF_PF287552_260320_103423.gif,공연완료
PF287547,"24시간 프로젝트 시즌9: 성유나, 강은정",2026.03.21,2026.03.21,예술가의 집,서양음악(클래식),http://www.kopis.or.kr/upload/pfmPoster/PF_PF287547_260320_102042.png,공연완료
PF287539,제22회 소프라노 강경이 독창회,2026.03.26,2026.03.26,영산아트홀,서양음악(클래식),http://www.kopis.or.kr/upload/pfmPoster/PF_PF287539_260319_144727.gif,공연완료
PF287537,제50회 K-뮤직 필하모닉 오케스트라 정기연주회 [대전],2026.05.31,2026.05.31,대전시립연정국악원,서양음악(클래식),http://www.kopis.or.kr/upload/pfmPoster/PF_PF287537_260319_143558.gif,공연예정
PF287535,화음챔버오케스트라: 명상과 성찰의 여정,2026.04.29,2026.04.29,예술의전당 [서울],서양음악(클래식),http://www.kopis.or.kr/upload/pfmPoster/PF_PF287535_260319_142609.gif,공연예정
PF287533,지브리를 품은 클래식: 한 여름의 꿈 [부산],2026.06.21,2026.06.21,해운대문화회관,서양음악(클래식),http://www.kopis.or.kr/upload/pfmPoster/PF_PF287533_260319_141918.gif,공연예정
PF287532,제12회 사단법인 샹떼자듀합창단 정기연주회: 수난절 음악회,2026.04.02,2026.04.02,영산아트홀,서양음악(클래식),http://www.kopis.or.kr/upload/pfmPoster/PF_PF287532_260319_141917.gif,공연예정
PF287527,오은지 플루트 독주회,2026.04.15,2026.04.15,금호아트홀 연세,서양음악(클래식),http://www.kopis.or.kr/upload/pfmPoster/PF_PF287527_260319_140519.gif,공연예정
PF287526,"푸르지오아트홀 수요초대석 32, 앙상블 Mes Amis (메자미) : Une soiree avec mes amis",2026.03.18,2026.03.18,푸르지오아트홀,서양음악(클래식),http://www.kopis.or.kr/upload/pfmPoster/PF_PF287526_260319_140518.gif,공연완료
PF287525,"위클리 클래식 페스티벌, 사랑의 환상: 꿈, 헌정, 그리고 기억: 피아노 김소영 [충남 서산]",2026.06.27,2026.06.27,모투스 아트홀,서양음악(클래식),http://www.kopis.or.kr/upload/pfmPoster/PF_PF287525_260319_140016.gif,공연예정
PF287522,"어린이날 기념, 지브리 & 디즈니 OST 콘서트 [부천]",2026.05.10,2026.05.10,부천아트센터,서양음악(클래식),http://www.kopis.or.kr/upload/pfmPoster/PF_PF287522_260319_135038.gif,공연예정
PF287519,제76회 서울예술가곡연구회 정기연주회: Lobgesang,2026.04.22,2026.04.22,금호아트홀 연세,서양음악(클래식),http://www.kopis.or.kr/upload/pfmPoster/PF_PF287519_260319_134636.gif,공연예정
PF287515,SIGF Young Guitarist Concert,2026.04.26,2026.04.26,성남아트센터,서양음악(클래식),http://www.kopis.or.kr/upload/pfmPoster/PF_PF287515_260319_133700.jpg,공연예정
PF287513,"온: 콘서트, Pacato의 하나의 피아노, 두개의 호흡",2026.05.02,2026.05.02,온쉼표,서양음악(클래식),http://www.kopis.or.kr/upload/pfmPoster/PF_PF287513_260319_133257.png,공연예정
PF287512,팝페라 그룹 Volare (볼라레) 팝페라 콘서트: 4월의 비상 (飛上),2026.04.17,2026.04.17,오류아트홀,서양음악(클래식),http://www.kopis.or.kr/upload/pfmPoster/PF_PF287512_260319_133110.gif,공연예정
PF287510,"서울시향 퇴근길 토크 콘서트 Ⅰ: 모차르트, 단조의 얼굴",2026.04.23,2026.04.23,대한성공회 서울주교좌성당,서양음악(클래식),http://www.kopis.or.kr/upload/pfmPoster/PF_PF287510_260319_132435.gif,공연예정
PF287496,라파우 블레하츠 피아노 리사이틀,2026.07.05,2026.07.05,롯데콘서트홀,서양음악(클래식),http://www.kopis.or.kr/upload/pfmPoster/PF_PF287496_260320_152006.gif,공연예정
PF287495,"DSAC 시그니처, 선우예권 피아노 리사이틀 [대구]",2026.05.16,2026.05.16,달서아트센터 (구. 웃는얼굴아트센터),서양음악(클래식),http://www.kopis.or.kr/upload/pfmPoster/PF_PF287495_260319_123754.jpg,공연예정
PF287492,동국대학교 건학120주년 기념 목멱 가곡의 밤,2026.04.30,2026.04.30,국립극장,서양음악(클래식),http://www.kopis.or.kr/upload/pfmPoster/PF_PF287492_260319_114301.jpg,공연예정
PF287491,"SAC 월드스타시리즈, 르 콩소르",2026.06.26,2026.06.26,예술의전당 [서울],서양음악(클래식),http://www.kopis.or.kr/upload/pfmPoster/PF_PF287491_260319_113826.gif,공연예정
PF287488,태수연 피아노 독주회,2026.05.19,2026.05.19,예술의전당 [서울],서양음악(클래식),http://www.kopis.or.kr/upload/pfmPoster/PF_PF287488_260319_113035.gif,공연예정
PF287482,"아츠스프링 대구 페스티벌, 비아트리오: K-POP의 과거와 현재",2026.03.18,2026.03.18,대구문화예술회관,서양음악(클래식),http://www.kopis.or.kr/upload/pfmPoster/PF_PF287482_260319_111958.jpg,공연완료
PF287475,독고 영 바이올린 독주회,2026.05.02,2026.05.02,예술의전당 [서울],서양음악(클래식),http://www.kopis.or.kr/upload/pfmPoster/PF_PF287475_260319_174211.gif,공연예정
PF287474,제5회 뮤직에듀벤처 강사연주회: 피아노 오디세이,2026.04.04,2026.04.04,예술의전당 [서울],서양음악(클래식),http://www.kopis.or.kr/upload/pfmPoster/PF_PF287474_260319_105845.gif,공연예정
PF287463,제12회 Viva Musica 정기연주회: 비바무지카 새로운도약,2026.03.20,2026.03.20,성남아트센터,서양음악(클래식),http://www.kopis.or.kr/upload/pfmPoster/PF_PF287463_260319_103456.jpg,공연완료
PF287461,이솔 피아노 독주회: 스크리아빈 공감각 프로젝트 Ⅲ. 영혼의 상태,2026.04.26,2026.04.26,금호아트홀 연세,서양음악(클래식),http://www.kopis.or.kr/upload/pfmPoster/PF_PF287461_260319_102613.gif,공연예정
PF287450,24시간 프로젝트 시즌9: 윤모영,2026.03.20,2026.03.20,예술가의 집,서양음악(클래식),http://www.kopis.or.kr/upload/pfmPoster/PF_PF287450_260319_095604.png,공연완료
PF287446,부천아트센터 개관 3주년 페스티벌: 클라라 주미 강 & 김선욱 듀오 리사이틀 [부천],2026.05.21,2026.05.21,부천아트센터,서양음악(클래식),http://www.kopis.or.kr/upload/pfmPoster/PF_PF287446_260318_154032.jpg,공연예정
PF287438,라하브 샤니 & 뮌헨 필하모닉 [인천],2026.05.08,2026.05.08,아트센터 인천,서양음악(클래식),http://www.kopis.or.kr/upload/pfmPoster/PF_PF287438_260318_151217.gif,공연예정
PF287437,김정연 바이올린 독주회,2026.05.01,2026.05.01,예술의전당 [서울],서양음악(클래식),http://www.kopis.or.kr/upload/pfmPoster/PF_PF287437_260318_151217.jpg,공연예정
PF287436,에스메 콰르텟 데뷔 10주년 기념 리사이틀,2026.06.02,2026.06.02,예술의전당 [서울],서양음악(클래식),http://www.kopis.or.kr/upload/pfmPoster/PF_PF287436_260318_151110.jpg,공연예정
PF287435,이태리 이블라재단 위너스 콘서트 [구리],2026.03.28,2026.03.28,구리아트홀,서양음악(클래식),http://www.kopis.or.kr/upload/pfmPoster/PF_PF287435_260318_150744.gif,공연중
PF287434,"수성아트피아 토요음악회: 시, 노래로 피어나다 [대구]",2026.07.18,2026.07.18,수성아트피아,서양음악(클래식),http://www.kopis.or.kr/upload/pfmPoster/PF_PF287434_260318_150333.jpg,공연예정
PF287431,코펙스 챔버 실내악 시리즈,2026.04.07,2026.04.07,예술의전당 [서울],서양음악(클래식),http://www.kopis.or.kr/upload/pfmPoster/PF_PF287431_260318_145539.gif,공연예정
PF287427,지브리 & 디즈니 영화음악 FESTA [성남],2026.06.28,2026.06.28,성남아트센터,서양음악(클래식),http://www.kopis.or.kr/upload/pfmPoster/PF_PF287427_260318_144442.gif,공연예정
PF287425,지브리 & 디즈니 영화음악 FESTA,2026.06.06,2026.06.06,롯데콘서트홀,서양음악(클래식),http://www.kopis.or.kr/upload/pfmPoster/PF_PF287425_260318_143824.gif,공연예정
PF287422,제3회 하나아트뮤직 정기연주회 [천안],2026.06.09,2026.06.09,천안예술의전당,서양음악(클래식),http://www.kopis.or.kr/upload/pfmPoster/PF_PF287422_260318_142933.gif,공연예정
PF287421,"제524회 대구시립교향악단 정기연주회: 프로코피예프, 격동의 시간",2026.04.17,2026.04.17,대구콘서트하우스,서양음악(클래식),http://www.kopis.or.kr/upload/pfmPoster/PF_PF287421_260318_142932.gif,공연예정
PF287418,정하나 더블베이스 독주회,2026.04.18,2026.04.18,예술의전당 [서울],서양음악(클래식),http://www.kopis.or.kr/upload/pfmPoster/PF_PF287418_260318_142228.gif,공연예정
PF287416,"토요 클래식의 밤, 해설이 있는 클래식: 홍채원의 Sibelius, Mozart, Bach",2026.03.21,2026.03.21,콘서트홀 나누,서양음악(클래식),http://www.kopis.or.kr/upload/pfmPoster/PF_PF287416_260318_141909.jpg,공연완료
PF287415,정승원 첼로 독주회,2026.04.21,2026.04.21,예술의전당 [서울],서양음악(클래식),http://www.kopis.or.kr/upload/pfmPoster/PF_PF287415_260318_141637.gif,공연예정
PF287413,"천안예술의전당 스프링콘서트, 고잉홈프로젝트 with 피아니스트 손열음",2026.04.29,2026.04.29,천안예술의전당,서양음악(클래식),http://www.kopis.or.kr/upload/pfmPoster/PF_PF287413_260318_141353.gif,공연예정
PF287411,"신영증권과 함께하는 예술의전당 THE NEXT, 이관욱 피아노 리사이틀",2026.09.03,2026.09.03,예술의전당 [서울],서양음악(클래식),http://www.kopis.or.kr/upload/pfmPoster/PF_PF287411_260318_141133.gif,공연예정
PF287407,전규민 첼로 독주회,2026.05.31,2026.05.31,금호아트홀 연세,서양음악(클래식),http://www.kopis.or.kr/upload/pfmPoster/PF_PF287407_260318_140507.gif,공연예정
PF287401,"수성아트피아 일요음악회, 가족콘서트 [대구]",2026.04.26,2026.04.26,수성아트피아,서양음악(클래식),http://www.kopis.or.kr/upload/pfmPoster/PF_PF287401_260318_135204.jpg,공연예정
PF287400,"수성키즈클래식, Cinema Classic: 지브리 & 영화 OST [대구]",2026.04.04,2026.04.04,수성아트피아,서양음악(클래식),http://www.kopis.or.kr/upload/pfmPoster/PF_PF287400_260318_160232.jpg,공연예정
PF287399,임윤찬 피아노 리사이틀 [인천],2026.05.13,2026.05.13,아트센터 인천,서양음악(클래식),http://www.kopis.or.kr/upload/pfmPoster/PF_PF287399_260318_134719.gif,공연예정
PF287398,윤지희 첼로 독주회,2026.04.06,2026.04.06,금호아트홀 연세,서양음악(클래식),http://www.kopis.or.kr/upload/pfmPoster/PF_PF287398_260318_134400.gif,공연예정
PF287395,오푸스 심포니 오케스트라 정기연주회 [대전],2026.03.28,2026.03.28,대전예술의전당,서양음악(클래식),http://www.kopis.or.kr/upload/pfmPoster/PF_PF287395_260318_133931.gif,공연중
PF287394,"수성아트피아 토요음악회, 벨칸토와 떠나는 노래 여행",2026.06.20,2026.06.20,수성아트피아,서양음악(클래식),http://www.kopis.or.kr/upload/pfmPoster/PF_PF287394_260318_133730.jpg,공연예정
PF287392,"과천시립교향악단 콘서트시리즈2, 김정원 그리고 바그너 [과천]",2026.04.17,2026.04.17,과천시민회관,서양음악(클래식),http://www.kopis.or.kr/upload/pfmPoster/PF_PF287392_260318_133144.gif,공연예정
PF287391,피아니스트 배길 리사이틀,2026.05.08,2026.05.08,금호아트홀 연세,서양음악(클래식),http://www.kopis.or.kr/upload/pfmPoster/PF_PF287391_260318_133143.gif,공연예정
PF287384,"라율아트홀 살롱클래식, 최기원 기타 독주회",2026.04.11,2026.04.11,라율아트홀,서양음악(클래식),http://www.kopis.or.kr/upload/pfmPoster/PF_PF287384_260318_131654.gif,공연예정
PF287379,선우예권 피아노 리사이틀,2026.05.30,2026.05.30,예술의전당 [서울],서양음악(클래식),http://www.kopis.or.kr/upload/pfmPoster/PF_PF287379_260318_130437.gif,공연예정
PF287375,제네바 챔버 앙상블 내한공연 [구리],2026.04.05,2026.04.05,구리아트홀,서양음악(클래식),http://www.kopis.or.kr/upload/pfmPoster/PF_PF287375_260318_125549.gif,공연예정
PF287372,교보 노블리에 포유콘서트: 상상이 음악이 되는 순간 [부천],2026.03.18,2026.03.18,부천아트센터,서양음악(클래식),http://www.kopis.or.kr/upload/pfmPoster/PF_PF287372_260318_125204.jpg,공연완료
PF287370,THE NEXT: 정규빈 피아노 리사이틀,2026.08.28,2026.08.28,예술의전당 [서울],서양음악(클래식),http://www.kopis.or.kr/upload/pfmPoster/PF_PF287370_260318_125024.gif,공연예정
PF287368,부산시립교향악단 기획음악회: 우리 아이 음악회 [부산],2026.05.06,2026.05.06,부산문화회관,서양음악(클래식),http://www.kopis.or.kr/upload/pfmPoster/PF_PF287368_260318_124528.jpg,공연예정
PF287367,THE NEXT: 유다윤 바이올린 리사이틀,2026.05.07,2026.05.07,예술의전당 [서울],서양음악(클래식),http://www.kopis.or.kr/upload/pfmPoster/PF_PF287367_260318_124527.gif,공연예정
PF287365,THE NEXT: 김현서 바이올린 리사이틀,2026.07.02,2026.07.02,예술의전당 [서울],서양음악(클래식),http://www.kopis.or.kr/upload/pfmPoster/PF_PF287365_260318_124129.gif,공연예정
PF287364,제209회 공주시충남교향악단 정기연주회 [공주],2026.04.17,2026.04.17,공주문예회관,서양음악(클래식),http://www.kopis.or.kr/upload/pfmPoster/PF_PF287364_260318_123933.gif,공연예정
PF287356,"쌀롱드무지끄, Poetry for four hands",2026.03.22,2026.03.22,쌀롱드무지끄,서양음악(클래식),http://www.kopis.or.kr/upload/pfmPoster/PF_PF287356_260318_115833.jpg,공연완료
PF287353,"신영증권과 함께하는 예술의전당 THE NEXT, 송현정 오보에 리사이틀",2026.11.05,2026.11.05,예술의전당 [서울],서양음악(클래식),http://www.kopis.or.kr/upload/pfmPoster/PF_PF287353_260318_114001.gif,공연예정
PF287351,제7회 베아투스 트리오 정기연주회,2026.04.26,2026.04.26,금호아트홀 연세,서양음악(클래식),http://www.kopis.or.kr/upload/pfmPoster/PF_PF287351_260318_113459.gif,공연예정
PF287348,소프라노 이윤정 독창회,2026.04.13,2026.04.13,세종문화회관,서양음악(클래식),http://www.kopis.or.kr/upload/pfmPoster/PF_PF287348_260318_112919.png,공연예정
PF287347,백건우와 슈베르트 [경기 광주],2026.04.24,2026.04.24,광주시문화예술의전당 (구. 남한산성아트홀),서양음악(클래식),http://www.kopis.or.kr/upload/pfmPoster/PF_PF287347_260318_112846.gif,공연예정
PF287345,지브리 & 디즈니 오케스트라 콘서트 [서울 마포],2026.04.19,2026.04.19,마포아트센터,서양음악(클래식),http://www.kopis.or.kr/upload/pfmPoster/PF_PF287345_260318_112834.gif,공연예정
PF287340,백건 바이올린 리사이틀,2026.06.06,2026.06.06,예술의전당 [서울],서양음악(클래식),http://www.kopis.or.kr/upload/pfmPoster/PF_PF287340_260318_111650.gif,공연예정
PF287338,제33회 경산시립합창단 정기연주회: 동방의 빛,2026.03.26,2026.03.26,천마아트센터,서양음악(클래식),http://www.kopis.or.kr/upload/pfmPoster/PF_PF287338_260318_111430.jpg,공연완료
PF287337,"처음 만나는 클래식 (3월, 4월)",2026.03.21,2026.04.25,콘서트홀 나누,서양음악(클래식),http://www.kopis.or.kr/upload/pfmPoster/PF_PF287337_260318_111130.gif,공연중
PF287336,부천아트센터 개관 3주년 페스티벌: 조수미 세계무대 데뷔 40주년 기념 콘서트,2026.05.15,2026.05.15,부천아트센터,서양음악(클래식),http://www.kopis.or.kr/upload/pfmPoster/PF_PF287336_260318_111114.gif,공연예정
PF287332,"수성아트피아 일요음악회, Double life: 본캐와 부캐사이",2026.06.28,2026.06.28,수성아트피아,서양음악(클래식),http://www.kopis.or.kr/upload/pfmPoster/PF_PF287332_260318_110332.jpg,공연예정
PF287331,루이 오자와 & 장지원 듀오 리사이틀,2026.04.11,2026.04.11,로데아트센터,서양음악(클래식),http://www.kopis.or.kr/upload/pfmPoster/PF_PF287331_260318_110006.jpg,공연예정
PF287329,박성현 파이프 오르간 콘서트,2026.04.23,2026.04.23,롯데콘서트홀,서양음악(클래식),http://www.kopis.or.kr/upload/pfmPoster/PF_PF287329_260318_105737.jpg,공연예정
PF287328,이승민 피아노 독주회,2026.04.19,2026.04.19,예술의전당 [서울],서양음악(클래식),http://www.kopis.or.kr/upload/pfmPoster/PF_PF287328_260318_105736.gif,공연예정
PF287327,오소라 피아노 독주회,2026.04.19,2026.04.19,금호아트홀 연세,서양음악(클래식),http://www.kopis.or.kr/upload/pfmPoster/PF_PF287327_260318_105339.gif,공연예정
PF287323,김보경의 피아노 이야기 Ⅲ,2026.03.31,2026.03.31,금호아트홀 연세,서양음악(클래식),http://www.kopis.or.kr/upload/pfmPoster/PF_PF287323_260318_103902.gif,공연예정
PF287320,김민재 피아노 독주회 [세종],2026.04.07,2026.04.07,세종예술의전당,서양음악(클래식),http://www.kopis.or.kr/upload/pfmPoster/PF_PF287320_260318_103244.gif,공연예정
PF287310,"ONLY FOR YOU, 카운터테너 지필두 & 피아니스트 김지영",2026.04.25,2026.04.25,에이치아츠 (H-Art),서양음악(클래식),http://www.kopis.or.kr/upload/pfmPoster/PF_PF287310_260317_135209.jpg,공연예정
PF287307,24시간 프로젝트 시즌9: 이창규,2026.03.20,2026.03.20,예술가의 집,서양음악(클래식),http://www.kopis.or.kr/upload/pfmPoster/PF_PF287307_260317_125530.png,공연완료
PF287306,"DSAC 시그니처, 에릭 루 피아노 리사이틀 [대구]",2026.05.13,2026.05.13,달서아트센터 (구. 웃는얼굴아트센터),서양음악(클래식),http://www.kopis.or.kr/upload/pfmPoster/PF_PF287306_260317_124630.jpg,공연예정
PF287302,제175회 대전시립합창단 정기연주회: 헨델 오라토리오 사울,2026.04.16,2026.04.16,대전예술의전당,서양음악(클래식),http://www.kopis.or.kr/upload/pfmPoster/PF_PF287302_260318_151646.gif,공연예정
PF287301,춤추는 지휘자 백윤학과 함께하는 지브리 & 디즈니 OST FESTA [영덕],2026.04.04,2026.04.04,예주문화예술회관,서양음악(클래식),http://www.kopis.or.kr/upload/pfmPoster/PF_PF287301_260317_114014.png,공연예정
PF287298,헐리우드 블록버스터 & 디즈니 픽사 영화음악 FESTA,2026.06.20,2026.06.20,롯데콘서트홀,서양음악(클래식),http://www.kopis.or.kr/upload/pfmPoster/PF_PF287298_260317_113140.jpg,공연예정
PF287292,"제85회 예술공감, 폴리포니 기타듀오의 알폰시나와 바다 [부산]",2026.04.07,2026.04.07,을숙도문화회관,서양음악(클래식),http://www.kopis.or.kr/upload/pfmPoster/PF_PF287292_260317_111440.jpeg,공연예정
PF287288,르네상스 in 동래: SUN & MOON [부산],2026.04.14,2026.04.14,동래문화회관,서양음악(클래식),http://www.kopis.or.kr/upload/pfmPoster/PF_PF287288_260317_110500.jpg,공연예정
PF287278,"두시 음악 살롱, 슈베르티아데 (4월)",2026.04.16,2026.04.16,거제문화예술회관,서양음악(클래식),http://www.kopis.or.kr/upload/pfmPoster/PF_PF287278_260317_104156.jpg,공연예정
PF287266,"On Stage Concert, MBTI 콘서트: 음악으로 만나는 성격 이야기 [부산]",2026.04.14,2026.04.14,해운대문화회관,서양음악(클래식),http://www.kopis.or.kr/upload/pfmPoster/PF_PF287266_260317_101721.jpg,공연예정
PF287260,"제20회 스페셜 아티스트, La Romantica: 테너 류정필의 월드뮤직 세계로 가다 [부산]",2026.04.03,2026.04.03,을숙도문화회관,서양음악(클래식),http://www.kopis.or.kr/upload/pfmPoster/PF_PF287260_260317_100917.jpg,공연예정
PF287257,Disney in ukulele: A Magical Night of Disney Music [제주 서귀포],2026.03.29,2026.03.29,서귀포예술의전당,서양음악(클래식),http://www.kopis.or.kr/upload/pfmPoster/PF_PF287257_260317_095756.jpg,공연예정
PF287250,"제250회 울산시립교향악단 호국보훈 기념 정기연주회, 인류를 위한 기도: a Payer for Humanity [울산]",2026.05.29,2026.05.29,울산문화예술회관,서양음악(클래식),http://www.kopis.or.kr/upload/pfmPoster/PF_PF287250_260316_172412.jpg,공연예정
PF287241,이화경 피아노 독주회,2026.04.14,2026.04.14,금호아트홀 연세,서양음악(클래식),http://www.kopis.or.kr/upload/pfmPoster/PF_PF287241_260316_165323.gif,공연예정
PF287239,"제222회 포항시립교향악단 정기연주회: 벨칸토, 아름다운 노래",2026.04.02,2026.04.02,포항문화예술회관,서양음악(클래식),http://www.kopis.or.kr/upload/pfmPoster/PF_PF287239_260316_164831.png,공연예정
PF287238,부산CBS교향악단과 함께하는 CBS콘서트: 출항 [부산],2026.03.27,2026.03.27,(재) 영화의전당,서양음악(클래식),http://www.kopis.or.kr/upload/pfmPoster/PF_PF287238_260316_164143.png,공연완료
PF287236,이승민 쳄발로 독주회,2026.04.28,2026.04.28,예술의전당 [서울],서양음악(클래식),http://www.kopis.or.kr/upload/pfmPoster/PF_PF287236_260319_152216.gif,공연예정
PF287234,춘천시립예술단 정기회원 음악회 [춘천],2026.04.03,2026.04.03,춘천문화예술회관,서양음악(클래식),http://www.kopis.or.kr/upload/pfmPoster/PF_PF287234_260316_162709.jpg,공연예정
PF287233,"DCH 합창페스티벌, 안동시립합창단 [대구]",2026.04.21,2026.04.21,대구콘서트하우스,서양음악(클래식),http://www.kopis.or.kr/upload/pfmPoster/PF_PF287233_260316_162708.gif,공연예정
PF287231,제14회 첼리스트 이명로 독주회: 압도적인 폭력속의 예술가 [대구],2026.06.27,2026.06.27,수성아트피아,서양음악(클래식),http://www.kopis.or.kr/upload/pfmPoster/PF_PF287231_260316_162224.png,공연예정
PF287230,김명현 피아노 독주회,2026.03.31,2026.03.31,예술의전당 [서울],서양음악(클래식),http://www.kopis.or.kr/upload/pfmPoster/PF_PF287230_260316_161726.gif,공연예정
PF287228,윤지현 & 최영성 피아노 듀오 리사이틀 [대구],2026.03.27,2026.03.27,달서아트센터 (구. 웃는얼굴아트센터),서양음악(클래식),http://www.kopis.or.kr/upload/pfmPoster/PF_PF287228_260316_161313.jpg,공연완료
PF287227,"지브리를 품은 클래식: 가족, 아름다운 울림 [대구]",2026.05.23,2026.05.23,어울아트센터(구. 대구북구문예회관),서양음악(클래식),http://www.kopis.or.kr/upload/pfmPoster/PF_PF287227_260316_161312.gif,공연예정
PF287226,지브리 하우스 콘서트: 당신이 듣고싶던 노래 [대구],2026.03.24,2026.06.23,어연히하우스,서양음악(클래식),http://www.kopis.or.kr/upload/pfmPoster/PF_PF287226_260316_160836.jpg,공연중
PF287222,새봄맞이 합창제: 우리들의 합창,2026.03.31,2026.03.31,롯데콘서트홀,서양음악(클래식),http://www.kopis.or.kr/upload/pfmPoster/PF_PF287222_260316_154809.jpg,공연예정
PF287221,제54회 우리가곡연구회 정기연주회,2026.04.13,2026.04.13,금호아트홀 연세,서양음악(클래식),http://www.kopis.or.kr/upload/pfmPoster/PF_PF287221_260316_154031.gif,공연예정
PF287218,제38회 용인시립청소년오케스트라 정기연주회 [용인],2026.03.22,2026.03.22,용인포은아트홀,서양음악(클래식),http://www.kopis.or.kr/upload/pfmPoster/PF_PF287218_260316_153342.jpg,공연완료
PF287217,"24시간 프로젝트 시즌9, 콰르텟 레아",2026.03.21,2026.03.21,예술가의 집,서양음악(클래식),http://www.kopis.or.kr/upload/pfmPoster/PF_PF287217_260316_153249.jpeg,공연완료
PF287216,"제1156회 하우스콘서트, 배길",2026.05.11,2026.05.11,예술가의 집,서양음악(클래식),http://www.kopis.or.kr/upload/pfmPoster/PF_PF287216_260316_153248.png,공연예정
PF287214,제47회 용인시립소년소녀합창단 정기연주회 [용인],2026.03.21,2026.03.21,용인포은아트홀,서양음악(클래식),http://www.kopis.or.kr/upload/pfmPoster/PF_PF287214_260316_152901.jpg,공연완료
PF287211,센텀아트홀 명품 ART 키즈콘서트: Animal Story [부산],2026.05.05,2026.05.05,센텀아트홀,서양음악(클래식),http://www.kopis.or.kr/upload/pfmPoster/PF_PF287211_260316_152226.png,공연예정
PF287210,흔들리며 지는 꽃 [부산],2026.04.17,2026.04.18,부산문화회관,서양음악(클래식),http://www.kopis.or.kr/upload/pfmPoster/PF_PF287210_260316_152225.gif,공연예정
PF287208,"쌀롱드무지끄, 살롱 드 라곰: 클래식과 스크린으로 물드는 오후",2026.03.28,2026.03.28,쌀롱드무지끄,서양음악(클래식),http://www.kopis.or.kr/upload/pfmPoster/PF_PF287208_260316_151643.jpg,공연중
PF287207,"유포늄의 울림, 마음에 닿다",2026.03.28,2026.03.28,쌀롱드무지끄,서양음악(클래식),http://www.kopis.or.kr/upload/pfmPoster/PF_PF287207_260316_151643.jpg,공연중
PF287206,오아라 피아노 독주회,2026.04.18,2026.04.18,세종문화회관,서양음악(클래식),http://www.kopis.or.kr/upload/pfmPoster/PF_PF287206_260316_151427.png,공연예정
PF287198,빈센트 옹 리사이틀 [서울],2026.04.04,2026.04.04,롯데콘서트홀,서양음악(클래식),http://www.kopis.or.kr/upload/pfmPoster/PF_PF287198_260316_145922.gif,공연예정
PF287195,제251회 울산시립교향악단 정기연주회: 불멸의 순간 (an Immortal Moment),2026.07.17,2026.07.17,울산문화예술회관,서양음악(클래식),http://www.kopis.or.kr/upload/pfmPoster/PF_PF287195_260316_145555.jpg,공연예정
PF287194,임재경 작곡발표회,2026.03.27,2026.03.27,예술의전당 [서울],서양음악(클래식),http://www.kopis.or.kr/upload/pfmPoster/PF_PF287194_260316_145037.gif,공연완료
PF287188,"울산시립교향악단, 백윤학 지휘자와 함께 즐기는 클래식 맛집 투어 가족특선",2026.05.08,2026.05.08,울산문화예술회관,서양음악(클래식),http://www.kopis.or.kr/upload/pfmPoster/PF_PF287188_260316_144303.jpg,공연예정
PF287186,"르네상스 in 동래, 플루트로 그리는 소리의 지도",2026.04.07,2026.04.07,동래문화회관,서양음악(클래식),http://www.kopis.or.kr/upload/pfmPoster/PF_PF287186_260316_143629.jpg,공연예정
PF287183,애니메이션 OST 콘서트 with 오케스트라 (4월),2026.04.18,2026.04.18,고려대학교 인촌기념관,서양음악(클래식),http://www.kopis.or.kr/upload/pfmPoster/PF_PF287183_260316_143344.gif,공연예정
PF287180,제45회 아첼 청소년 오케스트라 정기연주회: 아첼청소년 어울림음악회 [고양],2026.03.15,2026.03.15,고양어울림누리,서양음악(클래식),http://www.kopis.or.kr/upload/pfmPoster/PF_PF287180_260316_142337.png,공연완료
PF287179,르네상스 in 동래: 지브리 두 앙상블의 이야기 [부산],2026.04.08,2026.04.08,동래문화회관,서양음악(클래식),http://www.kopis.or.kr/upload/pfmPoster/PF_PF287179_260316_141933.jpg,공연예정
PF287177,제21회 음악에 기대어 정기연주회: 한국가곡의 대향연,2026.05.09,2026.05.09,영산아트홀,서양음악(클래식),http://www.kopis.or.kr/upload/pfmPoster/PF_PF287177_260316_141516.gif,공연예정
PF287172,"미로슬라브 꿀띠쉐프 X 일리야 라쉬코프스키, 라흐마니노프 피아노 협주곡 [서울 송파]",2026.06.07,2026.06.07,롯데콘서트홀,서양음악(클래식),http://www.kopis.or.kr/upload/pfmPoster/PF_PF287172_260316_135933.gif,공연예정
PF287163,라포엠과 KNN방송교향악단이 함께하는 봄의 서정 [부산],2026.03.18,2026.03.18,부산콘서트홀,서양음악(클래식),http://www.kopis.or.kr/upload/pfmPoster/PF_PF287163_260316_133159.jpg,공연완료
PF287162,클라라 주미 강 & 김선욱 듀오 리사이틀 [강릉],2026.05.26,2026.05.26,강릉아트센터 (구. 강릉문화예술관),서양음악(클래식),http://www.kopis.or.kr/upload/pfmPoster/PF_PF287162_260316_133159.jpg,공연예정
PF287159,"대구크리스챤콰이어 특별콘서트: 봄, 하늘에 울리다",2026.04.04,2026.04.04,대구콘서트하우스,서양음악(클래식),http://www.kopis.or.kr/upload/pfmPoster/PF_PF287159_260316_132707.jpg,공연예정
PF287153,기타리스트 배장흠과 친구들 콘서트,2026.04.18,2026.04.18,예술의전당 [서울],서양음악(클래식),http://www.kopis.or.kr/upload/pfmPoster/PF_PF287153_260316_131306.gif,공연예정
PF287152,한우리 피아노 독주회,2026.03.29,2026.03.29,금호아트홀 연세,서양음악(클래식),http://www.kopis.or.kr/upload/pfmPoster/PF_PF287152_260316_131135.gif,공연예정
PF287146,"미로슬라브 꿀띠쉐프 X 일리야 라쉬코프스키, 라흐마니노프 피아노 협주곡 [대전]",2026.06.17,2026.06.17,대전예술의전당,서양음악(클래식),http://www.kopis.or.kr/upload/pfmPoster/PF_PF287146_260316_125505.gif,공연예정
PF287143,"위클리 클래식 페스티벌, 사랑이 형태를 가질 때: 피아노 서승은 [서울 수서]",2026.03.28,2026.03.28,스튜디오 바이탈 바이브,서양음악(클래식),http://www.kopis.or.kr/upload/pfmPoster/PF_PF287143_260316_124918.gif,공연중
PF287142,"위클리 클래식 페스티벌, 앙상블 패치워크: 봄바라기 [논산]",2026.04.25,2026.04.25,프리비젼스튜디오,서양음악(클래식),http://www.kopis.or.kr/upload/pfmPoster/PF_PF287142_260316_124917.gif,공연예정
PF287140,페리지홀 기획 초청 연주회: String Quartet,2026.04.17,2026.04.17,페리지홀,서양음악(클래식),http://www.kopis.or.kr/upload/pfmPoster/PF_PF287140_260316_124353.gif,공연예정
PF287137,제193회 수원시립합창단 정기연주회 [수원],2026.04.02,2026.04.02,수원SK아트리움,서양음악(클래식),http://www.kopis.or.kr/upload/pfmPoster/PF_PF287137_260316_122921.jpg,공연예정
PF287134,"앙상블 부산, 현의 물결 시리즈1. The Wave of Eb [부산]",2026.04.18,2026.04.18,F1963,서양음악(클래식),http://www.kopis.or.kr/upload/pfmPoster/PF_PF287134_260316_121117.jpg,공연예정
PF287133,"세상의 모든 플레이리스트, 브랜든 최 [원주]",2026.03.25,2026.03.25,플레이리스트,서양음악(클래식),http://www.kopis.or.kr/upload/pfmPoster/PF_PF287133_260316_114508.gif,공연완료
PF287130,제5회 서초 윈드 오케스트라 정기연주회 [성남],2026.05.10,2026.05.10,성남아트센터,서양음악(클래식),http://www.kopis.or.kr/upload/pfmPoster/PF_PF287130_260316_113624.gif,공연예정
PF287124,누구나 클래식 with 강릉시립교향악단,2026.04.14,2026.04.14,세종문화회관,서양음악(클래식),http://www.kopis.or.kr/upload/pfmPoster/PF_PF287124_260316_112251.jpg,공연예정
PF287122,"광주오페라단, 오페라 갈라 콘서트: 절망과 희망의 이중주",2026.04.23,2026.04.23,빛고을시민문화관,서양음악(클래식),http://www.kopis.or.kr/upload/pfmPoster/PF_PF287122_260316_111443.jpg,공연예정
PF287121,"DCH 합창페스티벌, 포항시립합창단 [대구]",2026.04.14,2026.04.14,대구콘서트하우스,서양음악(클래식),http://www.kopis.or.kr/upload/pfmPoster/PF_PF287121_260316_111117.gif,공연예정
PF287119,"보이저 그랜드 투어: 별에게, 지구인으로부터",2026.04.25,2026.04.25,서초문화예술회관(구. 서초구민회관),서양음악(클래식),http://www.kopis.or.kr/upload/pfmPoster/PF_PF287119_260316_110904.gif,공연예정
PF287117,MelON 디즈니＋지브리 오케스트라 콘서트 [부산],2026.05.10,2026.05.10,부산시민회관,서양음악(클래식),http://www.kopis.or.kr/upload/pfmPoster/PF_PF287117_260316_110441.gif,공연예정
PF287116,박용찬 귀국 피아노 독주회,2026.04.05,2026.04.05,금호아트홀 연세,서양음악(클래식),http://www.kopis.or.kr/upload/pfmPoster/PF_PF287116_260316_110010.gif,공연예정
PF287111,24시간 프로젝트 시즌9: 포자,2026.03.20,2026.03.20,예술가의 집,서양음악(클래식),http://www.kopis.or.kr/upload/pfmPoster/PF_PF287111_260316_105437.png,공연완료
PF287109,"24시간 프로젝트 시즌9: 최연재, 한지윤",2026.03.21,2026.03.21,예술가의 집,서양음악(클래식),http://www.kopis.or.kr/upload/pfmPoster/PF_PF287109_260316_104922.png,공연완료
PF287107,팬텀 스타워즈: 부산청년 봄을 깨우다,2026.04.19,2026.04.19,부산콘서트홀,서양음악(클래식),http://www.kopis.or.kr/upload/pfmPoster/PF_PF287107_260316_104410.jpg,공연예정
PF287105,테너 김병오 독창회,2026.03.14,2026.03.14,일신홀,서양음악(클래식),http://www.kopis.or.kr/upload/pfmPoster/PF_PF287105_260316_103728.gif,공연완료
PF287104,"위클리 클래식 페스티벌: 사랑, 다섯 개의 숨: 앙상블 F [경기오산]",2026.06.14,2026.06.14,MEG아트홀,서양음악(클래식),http://www.kopis.or.kr/upload/pfmPoster/PF_PF287104_260316_103602.gif,공연예정
PF287101,"해설이 있는 음악회 서.클.스, 사랑의 방정식 (4월)",2026.04.07,2026.04.07,서울주문화센터,서양음악(클래식),http://www.kopis.or.kr/upload/pfmPoster/PF_PF287101_260316_102842.jpg,공연예정
PF287099,테너 김준성 귀국 독창회: 언제나 노래하다,2026.03.24,2026.03.24,성수아트홀(성수문화복지회관),서양음악(클래식),http://www.kopis.or.kr/upload/pfmPoster/PF_PF287099_260317_170643.png,공연완료
PF287098,DCH 합창페스티벌: 대구소년소녀합창단 [대구],2026.04.18,2026.04.18,대구콘서트하우스,서양음악(클래식),http://www.kopis.or.kr/upload/pfmPoster/PF_PF287098_260313_175007.gif,공연예정
PF287097,"국립합창단, 시네마 클래식 [화성]",2026.05.23,2026.05.23,화성예술의전당,서양음악(클래식),http://www.kopis.or.kr/upload/pfmPoster/PF_PF287097_260313_174334.gif,공연예정
PF287094,서울시향 & 얍 판 츠베덴의 차이콥스키 교향곡 5번 [세종],2026.04.10,2026.04.10,세종예술의전당,서양음악(클래식),http://www.kopis.or.kr/upload/pfmPoster/PF_PF287094_260313_172950.gif,공연예정
PF287086,봄의 합창: 세번째 이야기 [대구],2026.04.10,2026.04.10,대구콘서트하우스,서양음악(클래식),http://www.kopis.or.kr/upload/pfmPoster/PF_PF287086_260313_163015.gif,공연예정
PF287085,제100회 영미성악연구회 정기연주회,2026.04.09,2026.04.09,세종문화회관,서양음악(클래식),http://www.kopis.or.kr/upload/pfmPoster/PF_PF287085_260313_162725.jpg,공연예정
PF287084,봄의 합창: 두번째 이야기 [대구],2026.04.09,2026.04.09,대구콘서트하우스,서양음악(클래식),http://www.kopis.or.kr/upload/pfmPoster/PF_PF287084_260313_162519.gif,공연예정
PF287083,봄의 합창: 첫번째 이야기 [대구],2026.04.08,2026.04.08,대구콘서트하우스,서양음악(클래식),http://www.kopis.or.kr/upload/pfmPoster/PF_PF287083_260313_162004.gif,공연예정
PF287080,홍의연 바이올린 독주회,2026.04.07,2026.04.07,예술의전당 [서울],서양음악(클래식),http://www.kopis.or.kr/upload/pfmPoster/PF_PF287080_260313_160908.gif,공연예정
PF287077,김준환 첼로 독주회,2026.04.18,2026.04.18,예술의전당 [서울],서양음악(클래식),http://www.kopis.or.kr/upload/pfmPoster/PF_PF287077_260313_155736.gif,공연예정
PF287076,MelON 디즈니 + 지브리 오케스트라 콘서트 (어린이날 edition) [부천],2026.05.05,2026.05.05,부천아트센터,서양음악(클래식),http://www.kopis.or.kr/upload/pfmPoster/PF_PF287076_260313_155735.png,공연예정
PF287075,김예슬 피아노 독주회,2026.04.09,2026.04.09,예술의전당 [서울],서양음악(클래식),http://www.kopis.or.kr/upload/pfmPoster/PF_PF287075_260313_155354.gif,공연예정
PF287074,"쌀롱드무지끄: 사랑, 웃음, 그리고 눈물",2026.03.24,2026.03.24,쌀롱드무지끄,서양음악(클래식),http://www.kopis.or.kr/upload/pfmPoster/PF_PF287074_260313_155353.jpg,공연완료
PF287070,바리톤 김보람 독창회,2026.04.04,2026.04.04,예술의전당 [서울],서양음악(클래식),http://www.kopis.or.kr/upload/pfmPoster/PF_PF287070_260313_154337.gif,공연예정
PF287067,헐리우드 블록버스터 & 디즈니 픽사 OST 오케스트라 콘서트 [대전],2026.06.21,2026.06.21,대전예술의전당,서양음악(클래식),http://www.kopis.or.kr/upload/pfmPoster/PF_PF287067_260313_153821.gif,공연예정
PF287065,지브리 & 디즈니 영화음악 오케스트라 콘서트 [광주 (앵콜) ],2026.06.21,2026.06.21,광주 예술의 전당,서양음악(클래식),http://www.kopis.or.kr/upload/pfmPoster/PF_PF287065_260313_153257.gif,공연예정
PF287063,지브리 & 디즈니 OST 콘서트 [인천],2026.05.16,2026.05.16,아트센터 인천,서양음악(클래식),http://www.kopis.or.kr/upload/pfmPoster/PF_PF287063_260313_152730.gif,공연예정
PF287062,"유벨톤심포니오케스트라: 작곡가 시리즈 2. 브람스, 사랑의 선율 [대전]",2026.06.20,2026.06.20,대전예술의전당,서양음악(클래식),http://www.kopis.or.kr/upload/pfmPoster/PF_PF287062_260313_152054.gif,공연예정
PF287057,제9회 더 부산 혼 사운드 정기연주회 [부산],2026.04.12,2026.04.12,금정문화회관,서양음악(클래식),http://www.kopis.or.kr/upload/pfmPoster/PF_PF287057_260313_151325.jpg,공연예정
PF287055,제41회 한국반주협회 정기연주회,2026.04.05,2026.04.05,예술의전당 [서울],서양음악(클래식),http://www.kopis.or.kr/upload/pfmPoster/PF_PF287055_260313_150810.gif,공연예정
PF287053,제210회 국립합창단 정기연주회: 헨델 메시아,2026.12.15,2026.12.15,예술의전당 [서울],서양음악(클래식),http://www.kopis.or.kr/upload/pfmPoster/PF_PF287053_260313_150405.gif,공연예정
PF287050,"꿈의숲 마티네 콘서트, 벨 에포크 아트 & 뮤직시리즈1: 클림트, 시대에 맞선 황금빛 연가",2026.04.22,2026.04.22,꿈의숲아트센터,서양음악(클래식),http://www.kopis.or.kr/upload/pfmPoster/PF_PF287050_260313_150008.png,공연예정
PF287048,하피스트 우지현 & 피아니스트 전유진 듀오 리사이틀,2026.04.12,2026.04.12,예술의전당 [서울],서양음악(클래식),http://www.kopis.or.kr/upload/pfmPoster/PF_PF287048_260313_145922.gif,공연예정
PF287046,"두시의 콘서트, 시네마 파라디소 [대구]",2026.04.16,2026.04.16,어울아트센터(구. 대구북구문예회관),서양음악(클래식),http://www.kopis.or.kr/upload/pfmPoster/PF_PF287046_260313_145420.jpg,공연예정
PF287045,라크로체클래식 봄 맞이 특별기획 크레센도 콘서트: 봄의 세레나데 [고양],2026.03.12,2026.03.12,고양어울림누리,서양음악(클래식),http://www.kopis.or.kr/upload/pfmPoster/PF_PF287045_260313_145219.png,공연완료
PF287043,하주애 신승훈 조인트 피아노 리사이틀,2026.03.28,2026.03.28,예술의전당 [서울],서양음악(클래식),http://www.kopis.or.kr/upload/pfmPoster/PF_PF287043_260313_144724.gif,공연중
PF287042,"대구콘서트하우스 특별연주회: 선율, 문학에 담아 [대구]",2026.04.24,2026.04.24,대구콘서트하우스,서양음악(클래식),http://www.kopis.or.kr/upload/pfmPoster/PF_PF287042_260313_144413.png,공연예정
PF287041,피아니스트 전수진의 골드베르크 변주곡 리사이틀,2026.04.23,2026.04.23,예술의전당 [서울],서양음악(클래식),http://www.kopis.or.kr/upload/pfmPoster/PF_PF287041_260313_143937.gif,공연예정
PF287039,제7회 트리오 뮤직 프렌즈 정기연주회,2026.04.29,2026.04.29,금호아트홀 연세,서양음악(클래식),http://www.kopis.or.kr/upload/pfmPoster/PF_PF287039_260313_143514.gif,공연예정
PF287038,이선아 피아노 독주회: J.S.Bach Keyboard Suite 전곡 시리즈 Ⅱ,2026.04.12,2026.04.12,예술의전당 [서울],서양음악(클래식),http://www.kopis.or.kr/upload/pfmPoster/PF_PF287038_260313_143222.gif,공연예정
PF287037,제127회 춘천시립합창단 정기연주회 [춘천],2026.04.23,2026.04.23,춘천문화예술회관,서양음악(클래식),http://www.kopis.or.kr/upload/pfmPoster/PF_PF287037_260313_142903.jpg,공연예정
PF287035,윤희주 & 최세린 피아노 듀오 리사이틀 [성남],2026.04.18,2026.04.18,성남아트센터,서양음악(클래식),http://www.kopis.or.kr/upload/pfmPoster/PF_PF287035_260313_142538.gif,공연예정
PF287034,최성철 귀국 타악기 독주회,2026.04.21,2026.04.21,세종문화회관,서양음악(클래식),http://www.kopis.or.kr/upload/pfmPoster/PF_PF287034_260313_142122.jpg,공연예정
PF287030,유세형 피아노 독주회,2026.04.18,2026.04.18,예술의전당 [서울],서양음악(클래식),http://www.kopis.or.kr/upload/pfmPoster/PF_PF287030_260313_142113.gif,공연예정
PF287029,첼리스트 이호찬 & 바이올리니스트 팅슈오 창 듀오 리사이틀,2026.05.06,2026.05.06,예술의전당 [서울],서양음악(클래식),http://www.kopis.or.kr/upload/pfmPoster/PF_PF287029_260313_141449.gif,공연예정
PF287027,라 칼라스 [부산],2026.04.18,2026.04.18,(재) 영화의전당,서양음악(클래식),http://www.kopis.or.kr/upload/pfmPoster/PF_PF287027_260313_141650.jpg,공연예정
PF287024,강정은 피아노 독주회,2026.04.02,2026.04.02,예술의전당 [서울],서양음악(클래식),http://www.kopis.or.kr/upload/pfmPoster/PF_PF287024_260313_140333.gif,공연예정
PF287022,"강우성의 피아노 사색 #11, 사람의 사랑과 생애",2026.03.27,2026.03.27,금호아트홀 연세,서양음악(클래식),http://www.kopis.or.kr/upload/pfmPoster/PF_PF287022_260313_135921.gif,공연완료
PF287020,"강우성의 피아노 사색 #11, 사람의 사랑과 생애",2026.03.31,2026.03.31,예술의전당 [서울],서양음악(클래식),http://www.kopis.or.kr/upload/pfmPoster/PF_PF287020_260313_135612.gif,공연예정
PF287018,"쌀롱드무지끄, Beethoven Road 1",2026.03.21,2026.03.21,쌀롱드무지끄,서양음악(클래식),http://www.kopis.or.kr/upload/pfmPoster/PF_PF287018_260313_135227.jpg,공연완료
PF287011,서울시립교향악단: 운명 [화성],2026.04.17,2026.04.17,남양성모성지,서양음악(클래식),http://www.kopis.or.kr/upload/pfmPoster/PF_PF287011_260313_133748.gif,공연예정
PF287010,제21회 LG와 함께하는 서울국제음악콩쿠르 결선,2026.03.22,2026.03.22,예술의전당 [서울],서양음악(클래식),http://www.kopis.or.kr/upload/pfmPoster/PF_PF287010_260313_133518.gif,공연완료
PF287009,제21회 LG와 함께하는 서울국제음악콩쿠르 준결선,2026.03.20,2026.03.20,예술의전당 [서울],서양음악(클래식),http://www.kopis.or.kr/upload/pfmPoster/PF_PF287009_260313_133125.gif,공연완료
PF287008,헨젤과 그레텔 [울산],2026.05.10,2026.05.10,울산문화예술회관,서양음악(클래식),http://www.kopis.or.kr/upload/pfmPoster/PF_PF287008_260313_132529.gif,공연예정
PF287007,히사이시 조 영화음악 콘서트 [대구],2026.06.06,2026.06.06,대구문화예술회관,서양음악(클래식),http://www.kopis.or.kr/upload/pfmPoster/PF_PF287007_260313_132529.gif,공연예정
PF287004,새봄음악회 [군포],2026.04.11,2026.04.11,군포문화예술회관,서양음악(클래식),http://www.kopis.or.kr/upload/pfmPoster/PF_PF287004_260313_131809.gif,공연예정
PF287002,김 삶 바이올린 독주회,2026.03.28,2026.03.28,예술의전당 [서울],서양음악(클래식),http://www.kopis.or.kr/upload/pfmPoster/PF_PF287002_260313_131312.gif,공연중
PF286999,클라라 주미 강 & 김선욱 듀오 리사이틀 [세종],2026.05.19,2026.05.19,세종예술의전당,서양음악(클래식),http://www.kopis.or.kr/upload/pfmPoster/PF_PF286999_260313_130735.gif,공연예정
PF286996,피아니스트 박미정의 All That Art 7,2026.04.11,2026.04.11,예술의전당 [서울],서양음악(클래식),http://www.kopis.or.kr/upload/pfmPoster/PF_PF286996_260313_125612.gif,공연예정
PF286990,"반도네온 제작가와 연주자가 들려주는 이야기: 반도네온, 바람에 담긴 사랑의 이야기",2026.04.02,2026.04.02,크레디아 클래식 클럽,서양음악(클래식),http://www.kopis.or.kr/upload/pfmPoster/PF_PF286990_260313_124253.gif,공연예정
PF286988,선우예권 피아노 리사이틀 [성남],2026.05.20,2026.05.20,성남아트리움 (구. 성남시민회관),서양음악(클래식),http://www.kopis.or.kr/upload/pfmPoster/PF_PF286988_260313_124041.gif,공연예정
PF286978,"미로슬라브 꿀띠쉐프 X 세르게이 타라소프, 라흐마니노프 피아노 협주곡",2026.06.09,2026.06.09,예술의전당 [서울],서양음악(클래식),http://www.kopis.or.kr/upload/pfmPoster/PF_PF286978_260313_114501.gif,공연예정
PF286974,소프라노 이옥주 귀국독창회 [대구],2026.04.09,2026.04.09,수성아트피아,서양음악(클래식),http://www.kopis.or.kr/upload/pfmPoster/PF_PF286974_260313_113450.jpg,공연예정
PF286968,라하브 샤니 & 뮌헨 필하모닉 (05.06),2026.05.06,2026.05.06,예술의전당 [서울],서양음악(클래식),http://www.kopis.or.kr/upload/pfmPoster/PF_PF286968_260313_111453.gif,공연예정
PF286962,라하브 샤니 & 뮌헨 필하모닉 (05.05),2026.05.05,2026.05.05,예술의전당 [서울],서양음악(클래식),http://www.kopis.or.kr/upload/pfmPoster/PF_PF286962_260313_110539.gif,공연예정
PF286960,제4회 나우 피아노연구회 정기연주회,2026.03.22,2026.03.22,영산아트홀,서양음악(클래식),http://www.kopis.or.kr/upload/pfmPoster/PF_PF286960_260313_110219.gif,공연완료
PF286959,"클래식 오아시스, 인터미션: #Trio [대구]",2026.04.01,2026.04.01,대구콘서트하우스,서양음악(클래식),http://www.kopis.or.kr/upload/pfmPoster/PF_PF286959_260313_105939.gif,공연예정
PF286956,"토요 클래식의 밤, 해설이 있는 클래식: 사랑의 색채들",2026.04.11,2026.04.11,콘서트홀 나누,서양음악(클래식),http://www.kopis.or.kr/upload/pfmPoster/PF_PF286956_260313_104934.jpg,공연예정
PF286953,"컴포저 하이라이트: 멘델스존, 결 [대구]",2026.04.23,2026.04.23,대구콘서트하우스,서양음악(클래식),http://www.kopis.or.kr/upload/pfmPoster/PF_PF286953_260313_103710.gif,공연예정
PF286950,"국립합창단, 시네마 클래식 [군산]",2026.04.25,2026.04.25,군산예술의전당,서양음악(클래식),http://www.kopis.or.kr/upload/pfmPoster/PF_PF286950_260313_102347.jpg,공연예정
PF286948,"24시간 프로젝트 시즌9: 강하임, 조강은",2026.03.20,2026.03.20,예술가의 집,서양음악(클래식),http://www.kopis.or.kr/upload/pfmPoster/PF_PF286948_260313_101429.png,공연완료
PF286933,"금호 영아티스트 콘서트, 원예빈 호른 독주회",2026.05.23,2026.05.23,금호아트홀 연세,서양음악(클래식),http://www.kopis.or.kr/upload/pfmPoster/PF_PF286933_260312_123853.jpg,공연예정
PF286927,"성동 미니어처 오페라, 세빌리아의 이발사",2026.04.17,2026.04.18,소월아트홀 (성동문화회관),서양음악(클래식),http://www.kopis.or.kr/upload/pfmPoster/PF_PF286927_260317_165851.jpg,공연예정
PF286923,"금호영아티스트콘서트, 김가은 바이올린 독주회",2026.05.30,2026.05.30,금호아트홀 연세,서양음악(클래식),http://www.kopis.or.kr/upload/pfmPoster/PF_PF286923_260312_105505.gif,공연예정
PF286922,"랄랄라, 아이와 엄마가 함께하는 음악회",2026.04.25,2026.04.25,콘서트홀 나누,서양음악(클래식),http://www.kopis.or.kr/upload/pfmPoster/PF_PF286922_260312_105153.jpg,공연예정
PF286918,"금호영재콘서트, 한세희 리코더 독주회",2026.05.23,2026.05.23,금호아트홀 연세,서양음악(클래식),http://www.kopis.or.kr/upload/pfmPoster/PF_PF286918_260312_103939.gif,공연예정
PF286909,"남양주시립합창단, 클래식 세계여행: 드보르작과 비발디 [남양주] (3월)",2026.03.24,2026.03.24,다산아트홀,서양음악(클래식),http://www.kopis.or.kr/upload/pfmPoster/PF_PF286909_260317_172127.png,공연완료
PF286908,김수영 피아노 독주회,2026.04.07,2026.04.07,세종문화회관,서양음악(클래식),http://www.kopis.or.kr/upload/pfmPoster/PF_PF286908_260312_100325.jpg,공연예정
PF286907,제5회 부산시민교향악단 정기연주회: Spirit of Beethoven Ⅲ,2026.03.22,2026.03.22,부산콘서트홀,서양음악(클래식),http://www.kopis.or.kr/upload/pfmPoster/PF_PF286907_260312_100324.jpg,공연완료
PF286905,제151회 강릉시립교향악단 정기연주회 [강릉],2026.04.10,2026.04.11,강릉아트센터 (구. 강릉문화예술관),서양음악(클래식),http://www.kopis.or.kr/upload/pfmPoster/PF_PF286905_260312_095336.jpg,공연예정
PF286901,신카이 마코토 하이라이트 필름 콘서트 [서울 중구],2026.04.12,2026.04.12,국립극장,서양음악(클래식),http://www.kopis.or.kr/upload/pfmPoster/PF_PF286901_260311_165746.gif,공연예정
PF286900,한화생명과 함께하는 예술의전당 11시 콘서트 (6월),2026.06.11,2026.06.11,예술의전당 [서울],서양음악(클래식),http://www.kopis.or.kr/upload/pfmPoster/PF_PF286900_260311_165341.gif,공연예정
PF286898,"경기필 마스터피스 시리즈 Ⅲ, 시벨리우스 교향곡 2번 [수원]",2026.06.12,2026.06.12,경기아트센터(구. 경기도문화의전당),서양음악(클래식),http://www.kopis.or.kr/upload/pfmPoster/PF_PF286898_260311_164838.gif,공연예정
PF286890,지역 아티스트와 함께하는 K-클래식 콘서트2: 아미앙상블 [천안],2026.04.02,2026.04.02,천안예술의전당,서양음악(클래식),http://www.kopis.or.kr/upload/pfmPoster/PF_PF286890_260326_165454.gif,공연예정
PF286889,김보람 피아노 독주회,2026.04.19,2026.04.19,예술의전당 [서울],서양음악(클래식),http://www.kopis.or.kr/upload/pfmPoster/PF_PF286889_260311_160526.gif,공연예정
PF286888,김민영 피아노 독주회,2026.04.10,2026.04.10,금호아트홀 연세,서양음악(클래식),http://www.kopis.or.kr/upload/pfmPoster/PF_PF286888_260311_160112.gif,공연예정
PF286886,피아니스트 정소윤의 토크 콘서트,2026.04.19,2026.04.19,예술의전당 [서울],서양음악(클래식),http://www.kopis.or.kr/upload/pfmPoster/PF_PF286886_260311_155727.gif,공연예정
PF286885,음악극 페스티벌,2026.04.30,2026.05.03,국립극장,서양음악(클래식),http://www.kopis.or.kr/upload/pfmPoster/PF_PF286885_260311_155332.gif,공연예정
PF286882,소리랑아이랑 음악회 with 소리랑앙상블 (3월),2026.03.22,2026.03.22,안단테음악학원,서양음악(클래식),http://www.kopis.or.kr/upload/pfmPoster/PF_PF286882_260311_153810.gif,공연완료
PF286881,"온: 콘서트, 앙상블 패치워크의 온: 바로크",2026.04.04,2026.04.04,온쉼표,서양음악(클래식),http://www.kopis.or.kr/upload/pfmPoster/PF_PF286881_260311_153726.png,공연예정
PF286876,안은유 귀국 피아노 독주회,2026.04.01,2026.04.01,예술의전당 [서울],서양음악(클래식),http://www.kopis.or.kr/upload/pfmPoster/PF_PF286876_260311_152320.gif,공연예정
PF286874,테디의 비트: 가족 음악오케스트라 [대구],2026.04.04,2026.04.05,아양아트센터,서양음악(클래식),http://www.kopis.or.kr/upload/pfmPoster/PF_PF286874_260311_151250.jpg,공연예정
PF286873,빵스타 오케스트라 키즈 필름 콘서트: 브레드이발소 필름콘서트,2026.04.11,2026.04.11,서초문화예술회관(구. 서초구민회관),서양음악(클래식),http://www.kopis.or.kr/upload/pfmPoster/PF_PF286873_260311_151013.gif,공연예정
PF286872,피아니스트 임재한 베토벤 소나타 전곡시리즈 2,2026.03.29,2026.03.29,금호아트홀 연세,서양음악(클래식),http://www.kopis.or.kr/upload/pfmPoster/PF_PF286872_260311_150554.gif,공연예정
PF286870,피아니스트 백건우 리사이틀 [양산],2026.04.12,2026.04.12,양산문화예술회관,서양음악(클래식),http://www.kopis.or.kr/upload/pfmPoster/PF_PF286870_260311_150034.png,공연예정
PF286868,한화생명과 함께하는 예술의전당 11시 콘서트 (5월),2026.05.14,2026.05.14,예술의전당 [서울],서양음악(클래식),http://www.kopis.or.kr/upload/pfmPoster/PF_PF286868_260311_145623.gif,공연예정
PF286866,경기필 마스터피스 시리즈 Ⅱ. 라흐마니노프 교향곡 2번 [수원],2026.04.17,2026.04.17,경기아트센터(구. 경기도문화의전당),서양음악(클래식),http://www.kopis.or.kr/upload/pfmPoster/PF_PF286866_260311_144849.gif,공연예정
PF286865,"BAC 초이스, 디토 오케스트라 with 신지아",2026.04.19,2026.04.19,부천아트센터,서양음악(클래식),http://www.kopis.or.kr/upload/pfmPoster/PF_PF286865_260311_144510.gif,공연예정
PF286854,제11회 경산시립교향악단 정기연주회,2026.03.19,2026.03.19,천마아트센터,서양음악(클래식),http://www.kopis.or.kr/upload/pfmPoster/PF_PF286854_260311_141219.jpg,공연완료
PF286848,강드보라 바이올린 독주회: 우아하게 빛나는 Ⅱ,2026.04.16,2026.04.16,예술의전당 [서울],서양음악(클래식),http://www.kopis.or.kr/upload/pfmPoster/PF_PF286848_260311_135416.gif,공연예정
PF286844,바이올리니스트 이준화의 여성 작곡가들의 작품들,2026.04.29,2026.04.29,예술의전당 [서울],서양음악(클래식),http://www.kopis.or.kr/upload/pfmPoster/PF_PF286844_260311_134557.gif,공연예정
PF286841,"제3회 Quartet EINS 정기연주회: 삶, 그리고 그 너머 (Life and Beyond)",2026.03.26,2026.03.26,광주 예술의 전당,서양음악(클래식),http://www.kopis.or.kr/upload/pfmPoster/PF_PF286841_260311_133855.png,공연완료
PF286840,히사이시 조 영화음악 콘서트 [안산],2026.07.12,2026.07.12,안산문화예술의전당,서양음악(클래식),http://www.kopis.or.kr/upload/pfmPoster/PF_PF286840_260311_133630.gif,공연예정
PF286838,MEG앙상블 패밀리 클래식: 공주와 왕자의 클래식 정원,2026.05.05,2026.05.05,예술의전당 [서울],서양음악(클래식),http://www.kopis.or.kr/upload/pfmPoster/PF_PF286838_260311_133000.gif,공연예정
PF286833,윤현선 비올라 독주회: 비올라의 다채로운 초상,2026.03.22,2026.03.22,금호아트홀 연세,서양음악(클래식),http://www.kopis.or.kr/upload/pfmPoster/PF_PF286833_260311_131550.gif,공연완료
PF286832,제200회 원주시립교향악단 정기연주회: EROICA 영웅,2026.04.15,2026.04.15,원주백운아트홀,서양음악(클래식),http://www.kopis.or.kr/upload/pfmPoster/PF_PF286832_260311_131327.jpg,공연예정
PF286825,디즈니 인 콘서트: Beyond the Magic [강릉],2026.04.25,2026.04.25,강릉아트센터 (구. 강릉문화예술관),서양음악(클래식),http://www.kopis.or.kr/upload/pfmPoster/PF_PF286825_260311_124346.jpg,공연예정
PF286824,제19회 디 앙상블 정기연주회,2026.04.11,2026.04.11,예술의전당 [서울],서양음악(클래식),http://www.kopis.or.kr/upload/pfmPoster/PF_PF286824_260311_115856.gif,공연예정
PF286819,"경기필 마스터피스 시리즈 Ⅲ, 시벨리우스 교향곡 2번 [서울]",2026.06.13,2026.06.13,예술의전당 [서울],서양음악(클래식),http://www.kopis.or.kr/upload/pfmPoster/PF_PF286819_260311_113310.gif,공연예정
PF286814,대전아트필하모닉오케스트라 기획연주회1: 숨을 고르는 클래식 [대전],2026.04.07,2026.04.07,대전예술의전당,서양음악(클래식),http://www.kopis.or.kr/upload/pfmPoster/PF_PF286814_260311_112050.gif,공연예정
PF286813,제4회 앙상블 칸탄도 (Ensemble Cantando) 정기연주회: 힐링 콘서트,2026.03.25,2026.03.25,세종문화회관,서양음악(클래식),http://www.kopis.or.kr/upload/pfmPoster/PF_PF286813_260311_111507.png,공연완료
PF286805,지브리 & 디즈니 OST 콘서트 with 첼로댁 [서울 중구],2026.05.03,2026.05.03,국립극장,서양음악(클래식),http://www.kopis.or.kr/upload/pfmPoster/PF_PF286805_260311_105238.gif,공연예정
PF286801,제23회 울산중구심포니오케스트라 정기연주회,2026.03.26,2026.03.26,울산중구문화의전당,서양음악(클래식),http://www.kopis.or.kr/upload/pfmPoster/PF_PF286801_260311_104115.jpg,공연완료
PF286796,피아노&싱잉볼 살롱 음악회: 공명 사이,2026.03.28,2026.03.28,서울재질,서양음악(클래식),http://www.kopis.or.kr/upload/pfmPoster/PF_PF286796_260311_103000.png,공연중
PF286795,"미디어아트 클래식: 명화, 음악을 만나다 Ⅱ. 에드바르트 뭉크 [서산]",2026.04.04,2026.04.04,서산시문화회관,서양음악(클래식),http://www.kopis.or.kr/upload/pfmPoster/PF_PF286795_260311_102959.jpg,공연예정
PF286794,"금호 위너스, 김강태 Piano",2026.05.14,2026.05.14,금호아트홀 연세,서양음악(클래식),http://www.kopis.or.kr/upload/pfmPoster/PF_PF286794_260311_102902.gif,공연예정
PF286793,제405회 광주시립교향악단 정기연주회: Leningrad,2026.04.10,2026.04.10,광주 예술의 전당,서양음악(클래식),http://www.kopis.or.kr/upload/pfmPoster/PF_PF286793_260311_102615.jpg,공연예정
PF286785,"부산시립교향악단 기획음악회, 실내악 시리즈 Ⅰ: 줌인 Ⅰ",2026.04.15,2026.04.15,부산문화회관,서양음악(클래식),http://www.kopis.or.kr/upload/pfmPoster/PF_PF286785_260310_140435.png,공연예정
PF286783,소프라노 김은희 리사이틀,2026.03.27,2026.03.27,세종문화회관,서양음악(클래식),http://www.kopis.or.kr/upload/pfmPoster/PF_PF286783_260310_134204.png,공연완료
PF286765,제17회 서산시립합창단 정기연주회: 봄이 피기까지는,2026.03.19,2026.03.19,서산시문화회관,서양음악(클래식),http://www.kopis.or.kr/upload/pfmPoster/PF_PF286765_260310_113704.jpg,공연완료
PF286764,내방연구소 세 번째 이야기: RING SHOUT,2026.03.21,2026.03.21,일신홀,서양음악(클래식),http://www.kopis.or.kr/upload/pfmPoster/PF_PF286764_260310_113242.gif,공연완료
PF286762,제209회 국립합창단 정기연주회: 베토벤 & 슈베르트,2026.09.30,2026.09.30,예술의전당 [서울],서양음악(클래식),http://www.kopis.or.kr/upload/pfmPoster/PF_PF286762_260310_113000.gif,공연예정
PF286752,서울시향 키즈 콘서트: 클래식 음악 여행,2026.05.02,2026.05.02,롯데콘서트홀,서양음악(클래식),http://www.kopis.or.kr/upload/pfmPoster/PF_PF286752_260310_110526.gif,공연예정
PF286751,목관앙상블과 함께하는 추억의 시네마 콘서트 [성남],2026.04.15,2026.04.15,성남아트센터,서양음악(클래식),http://www.kopis.or.kr/upload/pfmPoster/PF_PF286751_260310_110526.gif,공연예정
PF286742,제206회 국립합창단 정기연주회: 어느 봄날의 꿈,2026.03.24,2026.03.24,예술의전당 [서울],서양음악(클래식),http://www.kopis.or.kr/upload/pfmPoster/PF_PF286742_260310_104549.gif,공연완료
PF286738,Lover's Concert [서울 (앵콜) ],2026.03.22,2026.03.22,연세대학교 백주년기념관,서양음악(클래식),http://www.kopis.or.kr/upload/pfmPoster/PF_PF286738_260310_103609.jpg,공연완료
PF286737,제2회 푸른 실내악 축제 [성남],2026.04.17,2026.04.17,성남아트센터,서양음악(클래식),http://www.kopis.or.kr/upload/pfmPoster/PF_PF286737_260310_103609.gif,공연예정
PF286734,"위클리 클래식 페스티벌: 사랑, 그 리듬에 대하여: 알레그리 앙상블 [서울 수서]",2026.04.05,2026.04.05,스튜디오 바이탈 바이브,서양음악(클래식),http://www.kopis.or.kr/upload/pfmPoster/PF_PF286734_260310_103017.gif,공연예정
PF286728,"제3회 아뜰리에 오브 보이스 정기연주회, Singers of God: 하나님을 찬양하는 사람들",2026.03.21,2026.03.21,로데아트센터,서양음악(클래식),http://www.kopis.or.kr/upload/pfmPoster/PF_PF286728_260310_102048.png,공연완료
PF286723,NAC 렉처콘서트 명견만리 Ⅰ. 낙동에서 북극항로까지 [부산],2026.04.11,2026.04.11,낙동아트센터,서양음악(클래식),http://www.kopis.or.kr/upload/pfmPoster/PF_PF286723_260310_100922.jpg,공연예정
PF286720,"국립합창단, Classic Serenade [속초]",2026.04.01,2026.04.01,속초문화예술회관,서양음악(클래식),http://www.kopis.or.kr/upload/pfmPoster/PF_PF286720_260310_100602.jpg,공연예정
PF286712,제23회 그린필심포니오케스트라 정기연주회,2026.04.04,2026.04.04,도봉구민회관,서양음악(클래식),http://www.kopis.or.kr/upload/pfmPoster/PF_PF286712_260310_095207.gif,공연예정
PF286710,스타인웨이 위너콘서트 인 코리아: 이판 우 리사이틀 [파주],2026.03.17,2026.03.17,솔가람아트홀,서양음악(클래식),http://www.kopis.or.kr/upload/pfmPoster/PF_PF286710_260309_175603.png,공연완료
PF286697,제5회 세종 트리오 정기연주회,2026.03.28,2026.03.28,예술의전당 [서울],서양음악(클래식),http://www.kopis.or.kr/upload/pfmPoster/PF_PF286697_260309_171546.gif,공연중
PF286696,"서울시향 유럽 투어 프리뷰 콘서트, 베토벤: 합창",2026.08.12,2026.08.12,예술의전당 [서울],서양음악(클래식),http://www.kopis.or.kr/upload/pfmPoster/PF_PF286696_260309_171010.gif,공연예정
PF286692,"금호 영아티스트 콘서트, 이우진 트럼펫 독주회",2026.06.20,2026.06.20,금호아트홀 연세,서양음악(클래식),http://www.kopis.or.kr/upload/pfmPoster/PF_PF286692_260309_170048.gif,공연예정
PF286689,하나앙상블 창단연주회 [안산],2026.03.26,2026.03.26,안산문화예술의전당,서양음악(클래식),http://www.kopis.or.kr/upload/pfmPoster/PF_PF286689_260309_165210.gif,공연완료
PF286681,"직장인을 위한 퇴근길 콘서트 Ⅳ, 뮤지컬의 밤 [인천]",2026.10.28,2026.10.28,아트센터 인천,서양음악(클래식),http://www.kopis.or.kr/upload/pfmPoster/PF_PF286681_260309_163146.gif,공연예정
PF286679,밤하늘의 피마카세 (03.28),2026.03.28,2026.03.28,피오레아트앤엔터(피오레움),서양음악(클래식),http://www.kopis.or.kr/upload/pfmPoster/PF_PF286679_260309_162509.png,공연중
PF286675,"음악의 개화: Primavera, 봄의 순간을 음악으로 담다",2026.04.04,2026.04.04,피오레아트앤엔터(피오레움),서양음악(클래식),http://www.kopis.or.kr/upload/pfmPoster/PF_PF286675_260309_162026.png,공연예정
PF286674,"24시간 프로젝트 시즌9, 노윤서",2026.03.20,2026.03.20,예술가의 집,서양음악(클래식),http://www.kopis.or.kr/upload/pfmPoster/PF_PF286674_260309_162021.jpeg,공연완료
PF286670,M & M 시리즈 Ⅲ: 마르티누 & 이혁·이효 [인천],2026.09.19,2026.09.19,아트센터 인천,서양음악(클래식),http://www.kopis.or.kr/upload/pfmPoster/PF_PF286670_260309_161612.gif,공연예정
PF286668,지브리와 사랑에 빠지다: 지브리 영화음악 콘서트 [파주],2026.06.28,2026.06.28,솔가람아트홀,서양음악(클래식),http://www.kopis.or.kr/upload/pfmPoster/PF_PF286668_260309_161119.png,공연예정
PF286667,"금호영재 콘서트, 유아림 피아노 독주회",2026.04.11,2026.04.11,금호아트홀 연세,서양음악(클래식),http://www.kopis.or.kr/upload/pfmPoster/PF_PF286667_260309_161119.gif,공연예정
PF286666,"24시간 프로젝트 시즌9: 장주하, 안지원",2026.03.20,2026.03.20,예술가의 집,서양음악(클래식),http://www.kopis.or.kr/upload/pfmPoster/PF_PF286666_260309_160629.png,공연완료
PF286664,"금호 영아티스트 콘서트, 권유성 피아노 독주회",2026.06.27,2026.06.27,금호아트홀 연세,서양음악(클래식),http://www.kopis.or.kr/upload/pfmPoster/PF_PF286664_260309_160547.gif,공연예정
PF286663,정은영 귀국 피아노 독주회,2026.03.23,2026.03.23,금호아트홀 연세,서양음악(클래식),http://www.kopis.or.kr/upload/pfmPoster/PF_PF286663_260309_160250.gif,공연완료
PF286654,"금호영아티스트콘서트, 이승엽 색소폰 독주회",2026.04.25,2026.04.25,금호아트홀 연세,서양음악(클래식),http://www.kopis.or.kr/upload/pfmPoster/PF_PF286654_260309_154816.gif,공연예정
PF286644,수호천사 뮤직콘서트,2026.03.29,2026.03.29,로데아트센터,서양음악(클래식),http://www.kopis.or.kr/upload/pfmPoster/PF_PF286644_260309_153456.gif,공연예정
PF286638,"쌀롱드무지끄, Un beau lien (아름다운 인연)",2026.03.14,2026.03.14,쌀롱드무지끄,서양음악(클래식),http://www.kopis.or.kr/upload/pfmPoster/PF_PF286638_260309_152324.jpg,공연완료
PF286637,히사이시 조 영화음악 콘서트 [부천],2026.06.20,2026.06.20,부천아트센터,서양음악(클래식),http://www.kopis.or.kr/upload/pfmPoster/PF_PF286637_260309_152234.gif,공연예정
PF286636,제13회 오케스트라 사이엔티아 정기연주회 [대전],2026.04.25,2026.04.25,대전예술의전당,서양음악(클래식),http://www.kopis.or.kr/upload/pfmPoster/PF_PF286636_260309_152233.gif,공연예정
PF286631,직장인을 위한 퇴근길 콘서트 Ⅱ. 축제의 시작 [인천],2026.06.24,2026.06.24,아트센터 인천,서양음악(클래식),http://www.kopis.or.kr/upload/pfmPoster/PF_PF286631_260309_151535.gif,공연예정
PF286624,M & M 시리즈 Ⅳ. 시벨리우스 & 박수예 [인천],2026.11.14,2026.11.14,아트센터 인천,서양음악(클래식),http://www.kopis.or.kr/upload/pfmPoster/PF_PF286624_260309_150218.gif,공연예정
PF286622,"금호영재콘서트, 김형완 플루트 독주회",2026.04.18,2026.04.18,금호아트홀 연세,서양음악(클래식),http://www.kopis.or.kr/upload/pfmPoster/PF_PF286622_260309_145926.gif,공연예정
PF286621,"금호영아티스트콘서트, 이예진 더블베이스 독주회",2026.04.18,2026.04.18,금호아트홀 연세,서양음악(클래식),http://www.kopis.or.kr/upload/pfmPoster/PF_PF286621_260309_145711.gif,공연예정
PF286620,"직장인을 위한 퇴근길 콘서트 Ⅰ. 희망, 고난, 승리의 소리 [인천]",2026.04.29,2026.04.29,아트센터 인천,서양음악(클래식),http://www.kopis.or.kr/upload/pfmPoster/PF_PF286620_260309_145605.gif,공연예정
PF286614,엄혜인 피아노 리사이틀 [고양],2026.03.15,2026.03.15,고양아람누리,서양음악(클래식),http://www.kopis.or.kr/upload/pfmPoster/PF_PF286614_260309_144422.png,공연완료
PF286613,"르 보야즈 보칼레 앙상블과 함께 하는 바로크 음악 여행 시리즈 ⅩⅠ. 오페라의 시작, 바로크 & 모짜르트",2026.04.12,2026.04.12,낙동아트센터,서양음악(클래식),http://www.kopis.or.kr/upload/pfmPoster/PF_PF286613_260309_144421.gif,공연예정
PF286608,M & M 시리즈 Ⅱ: 구노의 장엄미사 [인천],2026.07.04,2026.07.04,아트센터 인천,서양음악(클래식),http://www.kopis.or.kr/upload/pfmPoster/PF_PF286608_260309_143438.gif,공연예정
PF286606,"금호영재콘서트, 김민하 바이올린 독주회",2026.05.30,2026.05.30,금호아트홀 연세,서양음악(클래식),http://www.kopis.or.kr/upload/pfmPoster/PF_PF286606_260309_143031.gif,공연예정
PF286605,제2회 라온브라스앙상블 정기연주회 with 에릭오비에 again [용인],2026.03.22,2026.03.22,빌라드파넬,서양음악(클래식),http://www.kopis.or.kr/upload/pfmPoster/PF_PF286605_260309_143030.gif,공연완료
PF286603,"금호영아티스트콘서트, 홍성란 바이올린 독주회",2026.04.11,2026.04.11,금호아트홀 연세,서양음악(클래식),http://www.kopis.or.kr/upload/pfmPoster/PF_PF286603_260309_142709.gif,공연예정
PF286596,"오페라 정원, 카발레리아 루스티카나 [성남]",2026.04.10,2026.04.10,성남아트센터,서양음악(클래식),http://www.kopis.or.kr/upload/pfmPoster/PF_PF286596_260309_141200.gif,공연예정
PF286595,브람스의 실내악,2026.03.30,2026.03.30,영산아트홀,서양음악(클래식),http://www.kopis.or.kr/upload/pfmPoster/PF_PF286595_260309_141200.gif,공연예정
PF286594,"위클리 클래식 페스티벌, 사랑의 역사: 바이올린 강유경, 기타 안용헌 [경기 오산]",2026.04.26,2026.04.26,MEG아트홀,서양음악(클래식),http://www.kopis.or.kr/upload/pfmPoster/PF_PF286594_260309_140930.gif,공연예정
PF286588,김현정 피아노 독주회: 베토벤 32 전곡 소나타 중 시즌 1 [목포],2026.03.27,2026.03.27,목포시민문화체육센터,서양음악(클래식),http://www.kopis.or.kr/upload/pfmPoster/PF_PF286588_260309_140050.gif,공연완료
PF286578,"국립심포니오케스트라, 피터와 늑대 & 어미 거위 [여수]",2026.05.30,2026.05.30,GS칼텍스 예울마루,서양음악(클래식),http://www.kopis.or.kr/upload/pfmPoster/PF_PF286578_260309_134017.gif,공연예정
PF286575,"SAC 월드스타시리즈, 알렉산더 가지예프 피아노 리사이틀",2026.09.30,2026.09.30,예술의전당 [서울],서양음악(클래식),http://www.kopis.or.kr/upload/pfmPoster/PF_PF286575_260309_133334.gif,공연예정
PF286573,"직장인을 위한 퇴근길 콘서트 Ⅲ, 심포니 릴레이 [인천]",2026.08.26,2026.08.26,아트센터 인천,서양음악(클래식),http://www.kopis.or.kr/upload/pfmPoster/PF_PF286573_260309_132729.gif,공연예정
PF286571,강희윤 첼로 독주회: Hola! Espana,2026.04.12,2026.04.12,예술의전당 [서울],서양음악(클래식),http://www.kopis.or.kr/upload/pfmPoster/PF_PF286571_260309_132716.gif,공연예정
PF286570,바이올리니스트 오진주 리사이틀 [대전],2026.04.05,2026.04.05,대전예술의전당,서양음악(클래식),http://www.kopis.or.kr/upload/pfmPoster/PF_PF286570_260309_132509.gif,공연예정
PF286561,"위클리 클래식 페스티벌, 사랑의 기억: 바이올린 김응수 [충남 서산]",2026.06.13,2026.06.13,모투스 아트홀,서양음악(클래식),http://www.kopis.or.kr/upload/pfmPoster/PF_PF286561_260309_130138.gif,공연예정
PF286560,서희정 교수 제자 음악회: 두 번째 도약,2026.03.10,2026.03.10,꿈의숲아트센터,서양음악(클래식),http://www.kopis.or.kr/upload/pfmPoster/PF_PF286560_260309_130138.jpg,공연완료
PF286546,"On Screen Concert, 할리우드 갈라 콘서트 [부산] (영상화)",2026.04.16,2026.04.16,해운대문화회관,서양음악(클래식),http://www.kopis.or.kr/upload/pfmPoster/PF_PF286546_260309_115246.jpg,공연예정
PF286542,제200회 창원시립합창단 정기연주회: 모차르트 탄생 270주년 기념 오페라 갈라콘서트 [창원],2026.03.26,2026.03.26,성산아트홀,서양음악(클래식),http://www.kopis.or.kr/upload/pfmPoster/PF_PF286542_260309_113506.jpg,공연완료
PF286541,"상반기 예진 아티스트 페스티벌, 예진영아티스트콘서트 1",2026.03.11,2026.03.11,모차르트홀,서양음악(클래식),http://www.kopis.or.kr/upload/pfmPoster/PF_PF286541_260309_170340.jpg,공연완료
PF286540,"SAC 월드스타시리즈, 에바 게보르기안 피아노 리사이틀",2026.05.27,2026.05.27,예술의전당 [서울],서양음악(클래식),http://www.kopis.or.kr/upload/pfmPoster/PF_PF286540_260309_113246.gif,공연예정
PF286535,"위클리 클래식 페스티벌, 음악으로 사랑이 피어난다면: 카운터테너 윤진태, 피아노 백원주 [서울 수서]",2026.06.07,2026.06.07,스튜디오 바이탈 바이브,서양음악(클래식),http://www.kopis.or.kr/upload/pfmPoster/PF_PF286535_260309_112114.gif,공연예정
PF286534,"SAC 월드스타시리즈, 존 오코너 피아노 리사이틀",2026.06.24,2026.06.24,예술의전당 [서울],서양음악(클래식),http://www.kopis.or.kr/upload/pfmPoster/PF_PF286534_260309_111540.gif,공연예정
PF286533,제6회 울림 색소폰 앙상블 정기연주회,2026.04.10,2026.04.10,세종문화회관,서양음악(클래식),http://www.kopis.or.kr/upload/pfmPoster/PF_PF286533_260309_111237.jpg,공연예정
PF286529,제22기 소아베로 정기연주회,2026.03.21,2026.03.21,마포아트센터,서양음악(클래식),http://www.kopis.or.kr/upload/pfmPoster/PF_PF286529_260309_110920.gif,공연완료
PF286526,서울국제음악콩쿠르 우승자 초청 콘서트: 임현재 바이올린 리사이틀 [부산],2026.04.04,2026.04.04,F1963,서양음악(클래식),http://www.kopis.or.kr/upload/pfmPoster/PF_PF286526_260309_110351.jpg,공연예정
PF286525,만나필하모닉 오케스트라: 영화ost 추억속으로,2026.04.04,2026.04.04,소월아트홀 (성동문화회관),서양음악(클래식),http://www.kopis.or.kr/upload/pfmPoster/PF_PF286525_260309_110214.jpg,공연예정
PF286524,M&M 시리즈 Ⅰ: 프로코피예프 & 최송하 [인천],2026.05.09,2026.05.09,아트센터 인천,서양음악(클래식),http://www.kopis.or.kr/upload/pfmPoster/PF_PF286524_260309_105624.gif,공연예정
PF286522,"KNN방송교향악단 창단 10주년 기념 한국가곡 대축제, 김효근 K-아트팝 가곡의 밤: 가장 아름다운 노래 [부산]",2026.04.25,2026.04.25,부산콘서트홀,서양음악(클래식),http://www.kopis.or.kr/upload/pfmPoster/PF_PF286522_260309_105214.png,공연예정
PF286521,24시간 프로젝트 시즌9: 트리오 헤르만,2026.03.21,2026.03.21,예술가의 집,서양음악(클래식),http://www.kopis.or.kr/upload/pfmPoster/PF_PF286521_260309_104948.png,공연완료
PF286518,project 유성우 창단연주회,2026.03.28,2026.03.28,부천아트센터,서양음악(클래식),http://www.kopis.or.kr/upload/pfmPoster/PF_PF286518_260309_104741.jpg,공연중
PF286509,제6회 CHAOS 정기연주회,2026.03.14,2026.03.14,광림아트센터,서양음악(클래식),http://www.kopis.or.kr/upload/pfmPoster/PF_PF286509_260309_103032.jpg,공연완료
PF286505,24시간 프로젝트 시즌9: 김용희,2026.03.20,2026.03.20,예술가의 집,서양음악(클래식),http://www.kopis.or.kr/upload/pfmPoster/PF_PF286505_260309_102511.png,공연완료
PF286504,"월간연주자, 피아니스트 정정환 (5월)",2026.05.17,2026.05.17,갤러리 디 아르테 청담,서양음악(클래식),http://www.kopis.or.kr/upload/pfmPoster/PF_PF286504_260309_102325.gif,공연예정
PF286494,클라라 주미 강 & 김선욱 듀오 리사이틀 (05.23),2026.05.23,2026.05.23,예술의전당 [서울],서양음악(클래식),http://www.kopis.or.kr/upload/pfmPoster/PF_PF286494_260306_165638.jpg,공연예정
PF286492,"창작산실, 최진석: Four Pieces for Orchestra",2026.03.27,2026.03.29,아르코예술극장,서양음악(클래식),http://www.kopis.or.kr/upload/pfmPoster/PF_PF286492_260306_164315.jpg,공연중
PF286486,지브리 & 디즈니 OST 콘서트 with 첼로댁 [성남],2026.05.05,2026.05.05,성남아트센터,서양음악(클래식),http://www.kopis.or.kr/upload/pfmPoster/PF_PF286486_260306_160209.gif,공연예정
PF286485,제120회 제주특별자치도립 제주합창단 정기연주회 [제주],2026.03.18,2026.03.18,제주문예회관,서양음악(클래식),http://www.kopis.or.kr/upload/pfmPoster/PF_PF286485_260306_155651.jpg,공연완료
PF286483,KT와 함께하는 예술의전당 마음을 담은 클래식 (3월),2026.03.27,2026.03.27,예술의전당 [서울],서양음악(클래식),http://www.kopis.or.kr/upload/pfmPoster/PF_PF286483_260306_154350.gif,공연완료
PF286478,제12회 YYC 윤학원유스콰이어 합창대축제 [고양],2026.03.07,2026.03.07,고양아람누리,서양음악(클래식),http://www.kopis.or.kr/upload/pfmPoster/PF_PF286478_260306_151137.png,공연완료
PF286477,정의경 피아노 독주회,2026.04.19,2026.04.19,예술의전당 [서울],서양음악(클래식),http://www.kopis.or.kr/upload/pfmPoster/PF_PF286477_260306_150455.gif,공연예정
PF286473,"GAC기획공연, 11시 음악산책 단편선 시리즈 Ⅰ. 봄봄 [광주]",2026.03.31,2026.03.31,광주 예술의 전당,서양음악(클래식),http://www.kopis.or.kr/upload/pfmPoster/PF_PF286473_260306_143942.jpg,공연예정
PF286468,이지영 바이올린 독주회,2026.03.30,2026.03.30,금호아트홀 연세,서양음악(클래식),http://www.kopis.or.kr/upload/pfmPoster/PF_PF286468_260306_140830.gif,공연예정
PF286466,제6회 윤슬 타악기앙상블 정기연주회 [부산],2026.03.07,2026.03.07,(재) 영화의전당,서양음악(클래식),http://www.kopis.or.kr/upload/pfmPoster/PF_PF286466_260306_135536.jpg,공연완료
PF286461,"금호영재콘서트, 김시언 첼로 독주회",2026.04.04,2026.04.04,금호아트홀 연세,서양음악(클래식),http://www.kopis.or.kr/upload/pfmPoster/PF_PF286461_260306_132204.gif,공연예정
PF286460,우쿨렐레로 만나는 지브리와 일본 영화음악 [포항],2026.03.14,2026.03.14,포항문화예술회관,서양음악(클래식),http://www.kopis.or.kr/upload/pfmPoster/PF_PF286460_260306_131906.jpg,공연완료
PF286458,"NAC 문화예술교육 공연 및 체험, 악기체험 클클클Ⅰ [부산]",2026.04.18,2026.04.18,낙동아트센터,서양음악(클래식),http://www.kopis.or.kr/upload/pfmPoster/PF_PF286458_260306_131309.jpg,공연예정
PF286446,아이들콘서트: 클래식 with 디토 오케스트라,2026.03.28,2026.03.28,종로아이들극장,서양음악(클래식),http://www.kopis.or.kr/upload/pfmPoster/PF_PF286446_260306_114936.gif,공연중
PF286445,아비람 라이케르트 피아노 독주회,2026.04.03,2026.04.03,금호아트홀 연세,서양음악(클래식),http://www.kopis.or.kr/upload/pfmPoster/PF_PF286445_260306_114230.gif,공연예정
PF286435,하남문화재단 문화가 있는 날 #2 피아니스트 조재혁: 모차르트와 친구들 [하남],2026.04.29,2026.04.29,하남문화예술회관,서양음악(클래식),http://www.kopis.or.kr/upload/pfmPoster/PF_PF286435_260306_110428.gif,공연예정
PF286434,제26회 동탄유스오케스트라 정기연주회: Eric Aubier is back! [하남],2026.03.15,2026.03.15,하남문화예술회관,서양음악(클래식),http://www.kopis.or.kr/upload/pfmPoster/PF_PF286434_260306_105903.gif,공연완료
PF286431,김희재 피아노 독주회,2026.03.06,2026.03.06,일신홀,서양음악(클래식),http://www.kopis.or.kr/upload/pfmPoster/PF_PF286431_260306_105110.gif,공연완료
PF286430,제6회 부산RCY오케스트라 정기연주회 [부산],2026.03.08,2026.03.08,(재) 영화의전당,서양음악(클래식),http://www.kopis.or.kr/upload/pfmPoster/PF_PF286430_260306_105026.jpg,공연완료
PF286427,베이스 이대범 독창회,2026.04.09,2026.04.09,예술의전당 [서울],서양음악(클래식),http://www.kopis.or.kr/upload/pfmPoster/PF_PF286427_260306_104355.gif,공연예정
PF286425,"제122회 군산시립합창단 정기 연주회: The Barton Series Ⅱ. 지휘자 프로젝트, 봄이 오는 소리: 바람 사랑 꽃 희망의 노래",2026.03.26,2026.03.26,군산예술의전당,서양음악(클래식),http://www.kopis.or.kr/upload/pfmPoster/PF_PF286425_260306_103654.jpg,공연완료
PF286422,건반 위의 디바 with Classico Chamber Orchestra,2026.04.01,2026.04.01,예술의전당 [서울],서양음악(클래식),http://www.kopis.or.kr/upload/pfmPoster/PF_PF286422_260306_103008.gif,공연예정
PF286410,제96회 바로크와 현대가곡 연구회 정기연주회,2026.04.02,2026.04.02,세종문화회관,서양음악(클래식),http://www.kopis.or.kr/upload/pfmPoster/PF_PF286410_260306_101117.jpg,공연예정
PF286407,백건우와 슈베르트 [수원],2026.04.18,2026.04.18,경기아트센터(구. 경기도문화의전당),서양음악(클래식),http://www.kopis.or.kr/upload/pfmPoster/PF_PF286407_260306_100313.gif,공연예정
PF286406,"DSAC 시그니처, 키안 솔타니 & 박재홍 듀오 리사이틀 [대구]",2026.04.08,2026.04.08,달서아트센터 (구. 웃는얼굴아트센터),서양음악(클래식),http://www.kopis.or.kr/upload/pfmPoster/PF_PF286406_260306_100313.png,공연예정
PF286404,몰입: Immersion,2026.04.11,2026.04.11,성수아트홀(성수문화복지회관),서양음악(클래식),http://www.kopis.or.kr/upload/pfmPoster/PF_PF286404_260305_142500.gif,공연예정
PF286402,로맨틱 나이트,2026.06.03,2026.06.03,예술의전당 [서울],서양음악(클래식),http://www.kopis.or.kr/upload/pfmPoster/PF_PF286402_260305_141917.gif,공연예정
PF286397,"제주국제관악제, 봄 시즌 개막공연",2026.03.19,2026.03.19,제주문예회관,서양음악(클래식),http://www.kopis.or.kr/upload/pfmPoster/PF_PF286397_260305_135744.jpg,공연완료
PF286396,테너 진성원 독창회,2026.04.15,2026.04.15,세종문화회관,서양음악(클래식),http://www.kopis.or.kr/upload/pfmPoster/PF_PF286396_260305_135743.png,공연예정
PF286394,"제주국제관악제, 봄 시즌 & 제5회 제주국제관악작곡콩쿠르",2026.03.20,2026.03.22,제주문예회관,서양음악(클래식),http://www.kopis.or.kr/upload/pfmPoster/PF_PF286394_260305_134844.png,공연완료
PF286393,일클라씨코 콘서트 [대구],2026.03.31,2026.03.31,수성아트피아,서양음악(클래식),http://www.kopis.or.kr/upload/pfmPoster/PF_PF286393_260305_134843.jpg,공연예정
PF286390,김대진 피아노 리사이틀,2026.04.19,2026.04.19,거암아트홀,서양음악(클래식),http://www.kopis.or.kr/upload/pfmPoster/PF_PF286390_260305_133836.gif,공연예정
PF286381,"Rode Joint Recital #9, Pf 전기백 & Vc 김태희",2026.03.20,2026.03.20,로데아트센터,서양음악(클래식),http://www.kopis.or.kr/upload/pfmPoster/PF_PF286381_260305_131627.gif,공연완료
PF286380,지브리 & 디즈니 OST 콘서트,2026.05.02,2026.05.03,세종문화회관,서양음악(클래식),http://www.kopis.or.kr/upload/pfmPoster/PF_PF286380_260305_131345.gif,공연예정
PF286379,"이소영 크리틱뮤지킹 5. 작곡가 초청시리즈, 이신우: 성스러운 봄",2026.03.24,2026.03.24,예술의전당 [서울],서양음악(클래식),http://www.kopis.or.kr/upload/pfmPoster/PF_PF286379_260305_130913.gif,공연완료
PF286378,제86회 제주특별자치도립 서귀포합창단 정기연주회: 그대 앞에 봄이 있다,2026.03.26,2026.03.26,서귀포예술의전당,서양음악(클래식),http://www.kopis.or.kr/upload/pfmPoster/PF_PF286378_260305_130532.jpg,공연완료
PF286361,제179회 두레콘서트,2026.03.20,2026.03.20,고양아람누리,서양음악(클래식),http://www.kopis.or.kr/upload/pfmPoster/PF_PF286361_260305_112304.jpg,공연완료
PF286357,앙상블 헤어츠와 함께하는 동화 쏙! 클래식 - 피노키오 (3월),2026.03.28,2026.03.28,예술가의 집,서양음악(클래식),http://www.kopis.or.kr/upload/pfmPoster/PF_PF286357_260305_111847.jpeg,공연중
PF286352,"비원뮤직홀 로맨틱 시리즈, 아토 앙상블 콘서트 [대구]",2026.03.07,2026.03.07,비원뮤직홀,서양음악(클래식),http://www.kopis.or.kr/upload/pfmPoster/PF_PF286352_260305_110529.jpg,공연완료
PF286346,제102회 순천시립합창단 정기연주회: 모차르트의 빛과 어둠,2026.03.19,2026.03.19,순천문화예술회관,서양음악(클래식),http://www.kopis.or.kr/upload/pfmPoster/PF_PF286346_260305_105144.jpg,공연완료
PF286345,재능 혜화 마티네,2026.03.19,2026.03.19,JCC 아트센터,서양음악(클래식),http://www.kopis.or.kr/upload/pfmPoster/PF_PF286345_260305_104749.gif,공연완료
PF286337,백건우와 슈베르트 [안성],2026.04.08,2026.04.08,안성맞춤아트홀,서양음악(클래식),http://www.kopis.or.kr/upload/pfmPoster/PF_PF286337_260305_102530.gif,공연예정
PF286329,지브리를 품은 클래식: 초록이 아름다운 오후 [부산],2026.04.25,2026.04.25,해운대문화회관,서양음악(클래식),http://www.kopis.or.kr/upload/pfmPoster/PF_PF286329_260305_101406.jpg,공연예정
PF286328,조희창의 토요 클래식 살롱 Ⅱ. 봄날의 스윙 [경주],2026.04.11,2026.04.11,경주예술의전당,서양음악(클래식),http://www.kopis.or.kr/upload/pfmPoster/PF_PF286328_260305_100952.jpg,공연예정
PF286327,Songs of Women,2026.03.12,2026.03.12,꿈의숲아트센터,서양음악(클래식),http://www.kopis.or.kr/upload/pfmPoster/PF_PF286327_260305_100909.jpg,공연완료
PF286326,"광주시립교향악단, GSO 체임버 시리즈Ⅰ: From Vienna to Bohemia",2026.03.27,2026.03.27,국립아시아문화전당,서양음악(클래식),http://www.kopis.or.kr/upload/pfmPoster/PF_PF286326_260305_100457.jpg,공연완료
PF286324,우시다 토모하루 피아노 리사이틀 [강릉],2026.04.05,2026.04.05,강릉아트센터 (구. 강릉문화예술관),서양음악(클래식),http://www.kopis.or.kr/upload/pfmPoster/PF_PF286324_260305_100250.jpg,공연예정
PF286319,24시간 프로젝트 시즌9: 송시찬,2026.03.21,2026.03.21,예술가의 집,서양음악(클래식),http://www.kopis.or.kr/upload/pfmPoster/PF_PF286319_260305_095049.png,공연완료
PF286317,"저녁의음악회, 고귀한 음색으로 완성되는 성악의 정수 테너 김세일의 시인의 사랑 [김해]",2026.06.25,2026.06.25,김해문화의전당,서양음악(클래식),http://www.kopis.or.kr/upload/pfmPoster/PF_PF286317_260304_163037.jpg,공연예정
PF286316,"저녁의음악회, 바이올리니스트 김재영 X 콜레기움 무지쿰 서울: 바흐 [김해] (4월)",2026.04.23,2026.04.23,김해문화의전당,서양음악(클래식),http://www.kopis.or.kr/upload/pfmPoster/PF_PF286316_260304_162517.jpg,공연예정
PF286311,오윤주 피아노 독주회,2026.04.30,2026.04.30,예술의전당 [서울],서양음악(클래식),http://www.kopis.or.kr/upload/pfmPoster/PF_PF286311_260304_155636.gif,공연예정
PF286307,원뮤직 컴퍼니 기획연주 Ⅲ. 한국 가곡: 그리운 우리 가곡 [성남],2026.03.10,2026.03.10,성남아트센터,서양음악(클래식),http://www.kopis.or.kr/upload/pfmPoster/PF_PF286307_260304_154632.gif,공연완료
PF286306,"이영신 피아노 독주회: Ludwig van Beethoven, 1826!",2026.03.26,2026.03.26,세종문화회관,서양음악(클래식),http://www.kopis.or.kr/upload/pfmPoster/PF_PF286306_260304_153950.png,공연완료
PF286305,"ACI 키즈 콘서트, 클랩 그림책 콘서트 Ⅴ. 겨울이 지나고 남는 것은? [인천]",2026.12.12,2026.12.12,아트센터 인천,서양음악(클래식),http://www.kopis.or.kr/upload/pfmPoster/PF_PF286305_260304_153949.gif,공연예정
PF286304,"ACI 키즈 콘서트: 클랩 그림책 콘서트 Ⅱ. 호랑이와 한 판, 어때? [인천]",2026.06.06,2026.06.06,아트센터 인천,서양음악(클래식),http://www.kopis.or.kr/upload/pfmPoster/PF_PF286304_260304_153514.gif,공연예정
PF286301,노한솔 피아노 리사이틀: H moll Sonata - A Personal Key,2026.04.18,2026.04.18,롯데콘서트홀,서양음악(클래식),http://www.kopis.or.kr/upload/pfmPoster/PF_PF286301_260304_152948.png,공연예정
PF286299,"영화의전당 BCC 시네라이브, 11시 영화음악콘서트: 합창으로 듣는 영화음악 [부산] (11월)",2026.11.25,2026.11.25,(재) 영화의전당,서양음악(클래식),http://www.kopis.or.kr/upload/pfmPoster/PF_PF286299_260304_152321.jpg,공연예정
PF286297,소프라노 서유미 독창회,2026.03.28,2026.03.28,일신홀,서양음악(클래식),http://www.kopis.or.kr/upload/pfmPoster/PF_PF286297_260304_151628.gif,공연중
PF286296,"영화의전당 BCC 시네라이브, 11시 영화음악콘서트: 한국을 대표하는 영화음악작곡가 이명로 [부산] (10월)",2026.10.28,2026.10.28,(재) 영화의전당,서양음악(클래식),http://www.kopis.or.kr/upload/pfmPoster/PF_PF286296_260304_151620.jpg,공연예정
PF286294,"영화의전당 BCC 시네라이브, 11시 영화음악콘서트: 컨템포러리 필름뮤직 [부산] (9월)",2026.09.23,2026.09.23,(재) 영화의전당,서양음악(클래식),http://www.kopis.or.kr/upload/pfmPoster/PF_PF286294_260304_150850.jpg,공연예정
PF286289,"저녁의음악회, 마스터즈 온 첼로 [김해] (12월)",2026.12.17,2026.12.17,김해문화의전당,서양음악(클래식),http://www.kopis.or.kr/upload/pfmPoster/PF_PF286289_260304_144937.jpg,공연예정
PF286287,"저녁의음악회, 박지윤 바이올린 리사이틀 [김해] (10월)",2026.10.29,2026.10.29,김해문화의전당,서양음악(클래식),http://www.kopis.or.kr/upload/pfmPoster/PF_PF286287_260304_144644.jpg,공연예정
PF286286,"영화의전당 BCC 시네라이브, 11시 영화음악콘서트: 사카모토 류이치의 인생은 짧고, 예술은 길다 [부산] (7월)",2026.07.29,2026.07.29,(재) 영화의전당,서양음악(클래식),http://www.kopis.or.kr/upload/pfmPoster/PF_PF286286_260304_144642.jpg,공연예정
PF286283,"영화의전당 BCC 시네라이브, 11시 영화음악콘서트: Film In France [부산] (5월)",2026.05.27,2026.05.27,(재) 영화의전당,서양음악(클래식),http://www.kopis.or.kr/upload/pfmPoster/PF_PF286283_260304_144019.jpg,공연예정
PF286280,파체 in Hollywood,2026.03.14,2026.03.14,예술의전당 [서울],서양음악(클래식),http://www.kopis.or.kr/upload/pfmPoster/PF_PF286280_260304_143541.gif,공연완료
PF286279,"영화의전당 BCC 시네라이브, 11시 영화음악콘서트: 영화로 만나는 아일랜드 이야기 [부산] (3월)",2026.03.25,2026.03.25,(재) 영화의전당,서양음악(클래식),http://www.kopis.or.kr/upload/pfmPoster/PF_PF286279_260304_143021.jpg,공연완료
PF286276,백건우와 슈베르트,2026.05.10,2026.05.10,예술의전당 [서울],서양음악(클래식),http://www.kopis.or.kr/upload/pfmPoster/PF_PF286276_260304_142440.gif,공연예정
PF286274,원뮤직 컴퍼니 기획연주 Ⅱ. 이태리 칸초네와 가곡 페스티벌 [성남],2026.03.07,2026.03.07,성남아트센터,서양음악(클래식),http://www.kopis.or.kr/upload/pfmPoster/PF_PF286274_260304_141932.gif,공연완료
PF286272,"ACI 키즈 콘서트, 클랩 그림책 콘서트 Ⅳ. 정말 으스스할까? [인천]",2026.10.10,2026.10.10,아트센터 인천,서양음악(클래식),http://www.kopis.or.kr/upload/pfmPoster/PF_PF286272_260304_141336.gif,공연예정
PF286269,"ACI 키즈 콘서트, 클랩 그림책 콘서트 Ⅰ. 가족과 함께 떠나볼까? [인천]",2026.04.04,2026.04.04,아트센터 인천,서양음악(클래식),http://www.kopis.or.kr/upload/pfmPoster/PF_PF286269_260304_141007.gif,공연예정
PF286268,"서초문화재단 & 서초교향악단 공동기획, 모차르트 피아노 협주곡 전곡 시리즈 4",2026.03.26,2026.03.26,반포심산아트홀,서양음악(클래식),http://www.kopis.or.kr/upload/pfmPoster/PF_PF286268_260304_140720.gif,공연완료
PF286260,제7회 시흥드림필청소년오케스트라 정기연주회 [안산],2026.03.08,2026.03.08,안산문화예술의전당,서양음악(클래식),http://www.kopis.or.kr/upload/pfmPoster/PF_PF286260_260304_134754.jpg,공연완료
PF286257,어린이날 맞이 디즈니 & 지브리 & 블록버스터 FESTA,2026.05.03,2026.05.03,예술의전당 [서울],서양음악(클래식),http://www.kopis.or.kr/upload/pfmPoster/PF_PF286257_260304_133734.gif,공연예정
PF286255,"제84회 을숙도 예술공감, 문학속에 흐르는 클래식 시리즈 2. 마지막 칸타타",2026.03.31,2026.03.31,을숙도문화회관,서양음악(클래식),http://www.kopis.or.kr/upload/pfmPoster/PF_PF286255_260304_133057.jpeg,공연예정
PF286253,"제83회 목포시립합창단 정기연주회: B to B, Beyond (바흐에서 브람스로, 그리고 우리에게)",2026.03.26,2026.03.26,목포시민문화체육센터,서양음악(클래식),http://www.kopis.or.kr/upload/pfmPoster/PF_PF286253_260304_132521.jpg,공연완료
PF286252,소프라노 황수미 리사이틀,2026.04.16,2026.04.16,거암아트홀,서양음악(클래식),http://www.kopis.or.kr/upload/pfmPoster/PF_PF286252_260304_132520.gif,공연예정
PF286250,"목요상설음악회 아트살롱, Dear Mr. Mozart: 친애하는 모차르트씨",2026.03.26,2026.03.26,동래문화회관,서양음악(클래식),http://www.kopis.or.kr/upload/pfmPoster/PF_PF286250_260304_132026.jpg,공연완료
PF286249,소프라노 정주희 리사이틀,2026.03.23,2026.03.23,세종문화회관,서양음악(클래식),http://www.kopis.or.kr/upload/pfmPoster/PF_PF286249_260304_132025.jpg,공연완료
PF286248,"영산아트홀 전문연주자 시리즈, 김희정 피아노 독주회",2026.03.04,2026.03.04,영산아트홀,서양음악(클래식),http://www.kopis.or.kr/upload/pfmPoster/PF_PF286248_260304_131720.gif,공연완료
PF286247,"원뮤직 컴퍼니 기획연주 Ⅰ. 독일예술가곡: 사랑과 고독, 노래가 된 시와 음악 [성남]",2026.03.06,2026.03.06,성남아트센터,서양음악(클래식),http://www.kopis.or.kr/upload/pfmPoster/PF_PF286247_260304_131317.gif,공연완료
PF286246,信 Young Artist X K'ARTS Audition 수상자 리사이틀: 클라리네티스트 신명,2026.03.25,2026.03.25,신영체임버홀,서양음악(클래식),http://www.kopis.or.kr/upload/pfmPoster/PF_PF286246_260304_131106.gif,공연완료
PF286240,교보 노블리에 포유콘서트: 상상이 음악이 되는 순간 [서울],2026.04.23,2026.04.23,세종문화회관,서양음악(클래식),http://www.kopis.or.kr/upload/pfmPoster/PF_PF286240_260304_130115.jpg,공연예정
PF286230,교보 노블리에 콘서트 [부산],2026.03.06,2026.03.06,부산콘서트홀,서양음악(클래식),http://www.kopis.or.kr/upload/pfmPoster/PF_PF286230_260304_113508.png,공연완료
PF286220,제62회 성남시립소년소녀합창단 정기연주회: The Sound of Spring,2026.03.21,2026.03.21,성남아트센터,서양음악(클래식),http://www.kopis.or.kr/upload/pfmPoster/PF_PF286220_260304_110754.gif,공연완료
PF286204,지브리 & 디즈니 영화음악 FESTA [강릉],2026.05.10,2026.05.10,강릉아트센터 (구. 강릉문화예술관),서양음악(클래식),http://www.kopis.or.kr/upload/pfmPoster/PF_PF286204_260304_101816.gif,공연예정
PF286200,제195회 코리안챔버오케스트라 정기연주회: 소피아 구바이둘리나 메모리얼 콘서트,2026.04.26,2026.04.26,예술의전당 [서울],서양음악(클래식),http://www.kopis.or.kr/upload/pfmPoster/PF_PF286200_260304_100848.gif,공연예정
PF286198,24시간 프로젝트 시즌9: 린덴 트리오,2026.03.21,2026.03.21,예술가의 집,서양음악(클래식),http://www.kopis.or.kr/upload/pfmPoster/PF_PF286198_260304_100401.png,공연완료
PF286193,제200회 한국예술가곡연주회 기념음악회,2026.03.07,2026.03.07,영산아트홀,서양음악(클래식),http://www.kopis.or.kr/upload/pfmPoster/PF_PF286193_260303_173951.gif,공연완료
PF286191,제53회 한국리스트협회 정기연주회,2026.04.11,2026.04.11,영산아트홀,서양음악(클래식),http://www.kopis.or.kr/upload/pfmPoster/PF_PF286191_260303_173448.gif,공연예정
PF286184,제188회 한국독일가곡연구회 정기연주회: 연가곡 시리즈 Ⅰ,2026.03.26,2026.03.26,예술의전당 [서울],서양음악(클래식),http://www.kopis.or.kr/upload/pfmPoster/PF_PF286184_260303_171137.gif,공연완료
PF286182,피아니스트 남희정의 슈베르트 소나타 리사이틀,2026.04.03,2026.04.03,예술의전당 [서울],서양음악(클래식),http://www.kopis.or.kr/upload/pfmPoster/PF_PF286182_260303_170657.gif,공연예정
PF286178,코리안 브라스 앙상블의 다이얼로그 Ⅶ: 브라스의 울림을 기억하며,2026.03.14,2026.03.14,예술의전당 [서울],서양음악(클래식),http://www.kopis.or.kr/upload/pfmPoster/PF_PF286178_260303_164909.gif,공연완료
PF286175,"피아니스트 신대연 리사이틀: 세상에서 가장 긴 죽음, Bill Evans",2026.03.28,2026.03.28,콘서트홀 나누,서양음악(클래식),http://www.kopis.or.kr/upload/pfmPoster/PF_PF286175_260303_163946.gif,공연중
PF286174,최유나 귀국 플루트 독주회,2026.04.08,2026.04.08,금호아트홀 연세,서양음악(클래식),http://www.kopis.or.kr/upload/pfmPoster/PF_PF286174_260303_163750.gif,공연예정
PF286172,최수연 오보에 독주회 [성남],2026.03.11,2026.03.11,성남아트센터,서양음악(클래식),http://www.kopis.or.kr/upload/pfmPoster/PF_PF286172_260303_163011.gif,공연완료
PF286171,양정윤 바이올린 독주회,2026.04.02,2026.04.02,예술의전당 [서울],서양음악(클래식),http://www.kopis.or.kr/upload/pfmPoster/PF_PF286171_260303_162134.gif,공연예정
PF286170,뉴욕의 영혼을 연주하다,2026.04.09,2026.04.09,롯데콘서트홀,서양음악(클래식),http://www.kopis.or.kr/upload/pfmPoster/PF_PF286170_260303_161950.jpg,공연예정
PF286169,"안산시립합창단 특별기획공연, 안산시립합창단 아카펠라 콘서트: 다! [안산]",2026.03.19,2026.03.19,안산문화예술의전당,서양음악(클래식),http://www.kopis.or.kr/upload/pfmPoster/PF_PF286169_260303_161557.gif,공연완료
PF286166,"24시간 프로젝트 시즌9, 세악: 간효진, 주아연, 임우진, 문설윤, 신예훈",2026.03.20,2026.03.20,예술가의 집,서양음악(클래식),http://www.kopis.or.kr/upload/pfmPoster/PF_PF286166_260303_160831.jpeg,공연완료
PF286164,"24시간 프로젝트 시즌9, 이소민",2026.03.20,2026.03.20,예술가의 집,서양음악(클래식),http://www.kopis.or.kr/upload/pfmPoster/PF_PF286164_260303_160226.jpeg,공연완료
PF286162,"제19회 오디토리움 제주 기획공연, 앙상블 이로: 콰르텟 오디세이 (Quartet Odyssey)",2026.03.04,2026.03.04,오디토리움 [제주],서양음악(클래식),http://www.kopis.or.kr/upload/pfmPoster/PF_PF286162_260303_155541.jpg,공연완료
PF286163,소프라노 박재은 독창회,2026.03.17,2026.03.17,금호아트홀 연세,서양음악(클래식),http://www.kopis.or.kr/upload/pfmPoster/PF_PF286163_260303_155734.gif,공연완료
PF286151,김유빈 & 디토오케스트라: 디어 아마데우스 [화성],2026.04.05,2026.04.05,화성아트홀,서양음악(클래식),http://www.kopis.or.kr/upload/pfmPoster/PF_PF286151_260303_152723.gif,공연예정
PF286149,오마주 투 쇼팽 (Hommage to Chopin),2026.04.05,2026.04.05,롯데콘서트홀,서양음악(클래식),http://www.kopis.or.kr/upload/pfmPoster/PF_PF286149_260303_152251.gif,공연예정
PF286147,이루미의 음악도슨팅: 불멸의 베토벤,2026.03.12,2026.03.12,매일의 기쁨과 위로,서양음악(클래식),http://www.kopis.or.kr/upload/pfmPoster/PF_PF286147_260303_151824.jpg,공연완료
PF286146,이탈리아 정통 3TENOR 초청공연 [창원],2026.04.30,2026.04.30,진해문화센터 (진해구민회관),서양음악(클래식),http://www.kopis.or.kr/upload/pfmPoster/PF_PF286146_260303_151824.jpg,공연예정
PF286141,제22회 서울YMCA 고양국제여성합창단 정기연주회,2026.04.22,2026.04.22,영산아트홀,서양음악(클래식),http://www.kopis.or.kr/upload/pfmPoster/PF_PF286141_260303_150916.gif,공연예정
PF286139,"제14회 아니마 체임버 정기연주회: 봄이 오는 길목에서, 낭만이 피어나다",2026.03.24,2026.03.24,예술의전당 [서울],서양음악(클래식),http://www.kopis.or.kr/upload/pfmPoster/PF_PF286139_260303_150409.gif,공연완료
PF286138,"24시간 프로젝트 시즌9: 심규호, 채훈선, 정영환",2026.03.20,2026.03.20,예술가의 집,서양음악(클래식),http://www.kopis.or.kr/upload/pfmPoster/PF_PF286138_260303_150004.png,공연완료
PF286137,"한국가곡콘서트, 가곡의 별들 [창원]",2026.04.07,2026.04.07,3.15아트센터,서양음악(클래식),http://www.kopis.or.kr/upload/pfmPoster/PF_PF286137_260303_150245.png,공연예정
PF286134,24시간 프로젝트 시즌9: 로브 콰르텟,2026.03.20,2026.03.20,예술가의 집,서양음악(클래식),http://www.kopis.or.kr/upload/pfmPoster/PF_PF286134_260303_145533.png,공연완료
PF286133,marasy Piano Live Asia Tour 연주회,2026.05.30,2026.05.30,광림아트센터,서양음악(클래식),http://www.kopis.or.kr/upload/pfmPoster/PF_PF286133_260303_145302.jpg,공연예정
PF286129,"24시간 프로젝트 시즌9: 김진균, 주지원",2026.03.20,2026.03.20,예술가의 집,서양음악(클래식),http://www.kopis.or.kr/upload/pfmPoster/PF_PF286129_260303_144950.png,공연완료
PF286128,"살롱클래식, 이은선 & 리즈 문: 포레의 봄",2026.03.19,2026.03.19,라율아트홀,서양음악(클래식),http://www.kopis.or.kr/upload/pfmPoster/PF_PF286128_260303_144413.gif,공연완료
PF286127,"문화의날 렉처콘서트, 바이올리니스트 탁보늬 [화성]",2026.04.29,2026.04.29,반석아트홀,서양음악(클래식),http://www.kopis.or.kr/upload/pfmPoster/PF_PF286127_260303_144003.gif,공연예정
PF286124,제219회 성남시립교향악단 정기연주회 [성남],2026.03.26,2026.03.26,성남아트센터,서양음악(클래식),http://www.kopis.or.kr/upload/pfmPoster/PF_PF286124_260303_143556.gif,공연완료
PF286122,"라율아트홀 살롱클래식, L’Aube Quartet (로브 콰르텟) Recital",2026.03.27,2026.03.27,라율아트홀,서양음악(클래식),http://www.kopis.or.kr/upload/pfmPoster/PF_PF286122_260303_142843.gif,공연완료
PF286114,"제2회 조아클래스 정기연주회: 봄, Voice Palette: 목소리로 그리는 색채",2026.04.11,2026.04.11,부천아트센터,서양음악(클래식),http://www.kopis.or.kr/upload/pfmPoster/PF_PF286114_260303_141519.png,공연예정
PF286113,한국페스티발앙상블 40주년: 세상에서 가장 편한 음악 [여수],2026.05.23,2026.05.23,GS칼텍스 예울마루,서양음악(클래식),http://www.kopis.or.kr/upload/pfmPoster/PF_PF286113_260303_141148.gif,공연예정
PF286112,제4회 앙상블 아띠엠 정기연주회 [성남],2026.03.25,2026.03.25,성남아트센터,서양음악(클래식),http://www.kopis.or.kr/upload/pfmPoster/PF_PF286112_260310_155542.png,공연완료
PF286110,제48회 허재영 튜바 독주회,2026.03.21,2026.03.21,예술의전당 [서울],서양음악(클래식),http://www.kopis.or.kr/upload/pfmPoster/PF_PF286110_260303_140552.gif,공연완료
PF286103,제23회 합창단 음악이있는마을 정기연주회,2026.03.22,2026.03.22,국립극장,서양음악(클래식),http://www.kopis.or.kr/upload/pfmPoster/PF_PF286103_260303_135150.gif,공연완료
PF286102,소프라노 이재윤 독창회,2026.03.07,2026.03.07,예술의전당 [서울],서양음악(클래식),http://www.kopis.or.kr/upload/pfmPoster/PF_PF286102_260303_134654.gif,공연완료
PF286098,제87회 서울오라토리오 정기연주회: 영혼을 울리는 음악회,2026.03.18,2026.03.18,예술의전당 [서울],서양음악(클래식),http://www.kopis.or.kr/upload/pfmPoster/PF_PF286098_260303_133540.gif,공연완료
PF286095,제2회 앙상블 Manoah 정기연주회: RISE (ENSEMBLE MANOAH 2ND CONCERT) [대구],2026.03.11,2026.03.11,수성아트피아,서양음악(클래식),http://www.kopis.or.kr/upload/pfmPoster/PF_PF286095_260303_133122.png,공연완료
PF286091,권소영 바이올린 독주회 시리즈 Ⅴ. 음악사를 바꾼 세 개의 이름: Great B,2026.03.09,2026.03.09,금호아트홀 연세,서양음악(클래식),http://www.kopis.or.kr/upload/pfmPoster/PF_PF286091_260303_132428.gif,공연완료
PF286090,제35회 서울시립대학교 아마추어 오케스트라 동아리 칸타빌레 정기연주회: Attacca.,2026.03.01,2026.03.01,고양아람누리,서양음악(클래식),http://www.kopis.or.kr/upload/pfmPoster/PF_PF286090_260303_132107.jpg,공연완료
PF286089,제208회 국립합창단 정기연주회: 하이든 천지창조,2026.06.19,2026.06.19,예술의전당 [서울],서양음악(클래식),http://www.kopis.or.kr/upload/pfmPoster/PF_PF286089_260303_132106.gif,공연예정
PF286088,꿈의 아리아 Aria of Dream [화성],2026.04.10,2026.04.10,화성아트홀,서양음악(클래식),http://www.kopis.or.kr/upload/pfmPoster/PF_PF286088_260303_132012.gif,공연예정
PF286085,남양주시립예술단 신춘음악회,2026.03.14,2026.03.14,다산아트홀,서양음악(클래식),http://www.kopis.or.kr/upload/pfmPoster/PF_PF286085_260303_131534.jpg,공연완료
PF286079,제10회 고양누리 청소년오케스트라 정기연주회,2026.03.01,2026.03.01,고양아람누리,서양음악(클래식),http://www.kopis.or.kr/upload/pfmPoster/PF_PF286079_260303_130322.png,공연완료
PF286076,"렉처콘서트 조우, 제1장 라 트라비아타 [울산]",2026.04.14,2026.04.14,울산중구문화의전당,서양음악(클래식),http://www.kopis.or.kr/upload/pfmPoster/PF_PF286076_260303_125344.jpg,공연예정
PF286073,이혜정 바이올린 독주회,2026.03.21,2026.03.21,거암아트홀,서양음악(클래식),http://www.kopis.or.kr/upload/pfmPoster/PF_PF286073_260303_124722.gif,공연완료
PF286068,"서울아트센터 도암 토요콘서트, PIANO 이용규 (3월)",2026.03.21,2026.03.21,서울아트센터,서양음악(클래식),http://www.kopis.or.kr/upload/pfmPoster/PF_PF286068_260303_123137.gif,공연완료
PF286066,서울아카데미앙상블: 청소년과 함께 하는 음악회,2026.03.11,2026.03.11,광림아트센터,서양음악(클래식),http://www.kopis.or.kr/upload/pfmPoster/PF_PF286066_260303_122614.jpg,공연완료
PF286054,제139회 목포시립교향악단 정기연주회 [목포],2026.03.19,2026.03.19,목포시민문화체육센터,서양음악(클래식),http://www.kopis.or.kr/upload/pfmPoster/PF_PF286054_260303_112006.jpg,공연완료
PF286050,오현진 바이올린 독주회,2026.03.31,2026.03.31,롯데콘서트홀,서양음악(클래식),http://www.kopis.or.kr/upload/pfmPoster/PF_PF286050_260303_110357.gif,공연예정
PF286045,신주헌 클래식기타 초청 리사이틀,2026.03.21,2026.03.21,클래시카 서울,서양음악(클래식),http://www.kopis.or.kr/upload/pfmPoster/PF_PF286045_260303_105253.jpg,공연완료
PF286043,"11시 브런치 콘서트, 다뉴브의 추억 [부산]",2026.04.28,2026.04.28,금정문화회관,서양음악(클래식),http://www.kopis.or.kr/upload/pfmPoster/PF_PF286043_260303_104918.jpg,공연예정
PF286040,24시간 프로젝트 시즌9: 이선재,2026.03.21,2026.03.21,예술가의 집,서양음악(클래식),http://www.kopis.or.kr/upload/pfmPoster/PF_PF286040_260303_104307.png,공연완료
PF286039,24시간 프로젝트 시즌9: 강혜리,2026.03.21,2026.03.21,예술가의 집,서양음악(클래식),http://www.kopis.or.kr/upload/pfmPoster/PF_PF286039_260303_103809.png,공연완료
PF286036,24시간 프로젝트 시즌9: 투크 피아노 콰르텟,2026.03.21,2026.03.21,예술가의 집,서양음악(클래식),http://www.kopis.or.kr/upload/pfmPoster/PF_PF286036_260303_103417.png,공연완료
PF286035,24시간 프로젝트 시즌9: 이채윤 & 유예리,2026.03.21,2026.03.21,예술가의 집,서양음악(클래식),http://www.kopis.or.kr/upload/pfmPoster/PF_PF286035_260303_102729.png,공연완료
PF286034,"위클리 클래식 페스티벌, The Love 그 사랑: 그레이스 앙상블 [경기 오산]",2026.05.30,2026.05.30,MEG아트홀,서양음악(클래식),http://www.kopis.or.kr/upload/pfmPoster/PF_PF286034_260303_102251.gif,공연예정
PF286033,"제4회 디오오케스트라 정기연주회, 전국동요콩쿠르 수상자음악회: 꿈과 노래 [대구]",2026.03.14,2026.03.14,대구오페라하우스,서양음악(클래식),http://www.kopis.or.kr/upload/pfmPoster/PF_PF286033_260303_102220.jpg,공연완료
PF286032,24시간 프로젝트 시즌9: 손민영,2026.03.21,2026.03.21,예술가의 집,서양음악(클래식),http://www.kopis.or.kr/upload/pfmPoster/PF_PF286032_260303_102219.png,공연완료
PF286025,황문희 피아노 독주회,2026.03.29,2026.03.29,예술의전당 [서울],서양음악(클래식),http://www.kopis.or.kr/upload/pfmPoster/PF_PF286025_260227_155957.gif,공연예정
PF286021,"성악앙상블 Ⅰ: 클래식으로 놀자, 해피앙상블의 유쾌한 반란 [부산]",2026.03.31,2026.03.31,낙동아트센터,서양음악(클래식),http://www.kopis.or.kr/upload/pfmPoster/PF_PF286021_260227_154909.jpg,공연예정
PF286020,"관악 G.P.S 시리즈, 대니 구 x 디토 오케스트라: Mozartiana",2026.04.18,2026.04.18,관악아트홀 (구. 관악문화관),서양음악(클래식),http://www.kopis.or.kr/upload/pfmPoster/PF_PF286020_260227_154333.gif,공연예정
PF286014,제302회 수원시립교향악단 정기연주회 [수원],2026.03.27,2026.03.27,수원SK아트리움,서양음악(클래식),http://www.kopis.or.kr/upload/pfmPoster/PF_PF286014_260227_152741.jpg,공연완료
PF286009,피가로의 결혼 [광주],2026.03.28,2026.03.28,서빛마루문화예술회관,서양음악(클래식),http://www.kopis.or.kr/upload/pfmPoster/PF_PF286009_260227_150903.jpg,공연중
PF286007,우리가 사랑한 한국영화 OST 콘서트 [부천],2026.04.26,2026.04.26,부천아트센터,서양음악(클래식),http://www.kopis.or.kr/upload/pfmPoster/PF_PF286007_260227_150234.jpg,공연예정
PF286006,"온: 콘서트, 염신혜 이철훈 Duo: 봄소풍",2026.04.11,2026.04.11,온쉼표,서양음악(클래식),http://www.kopis.or.kr/upload/pfmPoster/PF_PF286006_260227_145901.png,공연예정
PF286004,영도에서 떠나는 예술여행: 미술과 오페라의 만남 Ⅰ [부산],2026.03.28,2026.03.28,영도문화예술회관,서양음악(클래식),http://www.kopis.or.kr/upload/pfmPoster/PF_PF286004_260227_145310.jpg,공연중
PF286001,제12회 남윤지 제자연주회,2026.03.07,2026.03.07,안산문화예술의전당,서양음악(클래식),http://www.kopis.or.kr/upload/pfmPoster/PF_PF286001_260227_144048.jpg,공연완료
PF285999,"제10회 김삶, 정상희 바이올린 듀오 리사이틀",2026.03.05,2026.03.05,성남아트센터,서양음악(클래식),http://www.kopis.or.kr/upload/pfmPoster/PF_PF285999_260227_143743.png,공연완료
PF285998,"꾸러기음악회, 음악동물원",2026.03.28,2026.03.29,국립극장,서양음악(클래식),http://www.kopis.or.kr/upload/pfmPoster/PF_PF285998_260227_143523.gif,공연중
PF285997,"쌀롱드무지끄, Fruhlingsreise",2026.03.07,2026.03.07,쌀롱드무지끄,서양음악(클래식),http://www.kopis.or.kr/upload/pfmPoster/PF_PF285997_260227_143522.jpg,공연완료
PF285990,"낙동아트센터 마티네 콘서트, 피아노 소나타 시리즈 Ⅰ. 피아니스트 서형민의 베토벤소나타: 젊은천재, 비창과 월광 [부산]",2026.03.19,2026.03.19,낙동아트센터,서양음악(클래식),http://www.kopis.or.kr/upload/pfmPoster/PF_PF285990_260227_141516.jpg,공연완료
PF285989,"하슬라 in 서울, 추일서정 (秋日抒情) : 김광균",2026.04.01,2026.04.01,GS아트센터,서양음악(클래식),http://www.kopis.or.kr/upload/pfmPoster/PF_PF285989_260227_141515.gif,공연예정
PF285986,오류아트홀 신춘음악회: 봄의 멜로디,2026.03.21,2026.03.21,오류아트홀,서양음악(클래식),http://www.kopis.or.kr/upload/pfmPoster/PF_PF285986_260227_140714.gif,공연완료
PF285984,"성남아트센터 마티네 콘서트: 독일, 음악의 숲",2026.03.19,2026.12.17,성남아트센터,서양음악(클래식),http://www.kopis.or.kr/upload/pfmPoster/PF_PF285984_260227_140158.gif,공연중
PF285962,로보카폴리 오케스트라: 브룸스타운의 악기 구조대! [서울 강남],2026.04.04,2026.04.04,예림당아트홀,서양음악(클래식),http://www.kopis.or.kr/upload/pfmPoster/PF_PF285962_260227_130303.gif,공연예정
PF285961,전설의 황금미역 [부산 동래],2026.03.20,2026.03.20,동래문화회관,서양음악(클래식),http://www.kopis.or.kr/upload/pfmPoster/PF_PF285961_260227_125929.jpg,공연완료
PF285958,독일 슈투트가르트 필하모닉 오케스트라 첫 내한공연,2026.05.29,2026.05.29,롯데콘서트홀,서양음악(클래식),http://www.kopis.or.kr/upload/pfmPoster/PF_PF285958_260227_115029.png,공연예정
PF285952,지브리 시네마 OST 콘서트 [서천],2026.03.26,2026.03.26,기벌포복합문화센터,서양음악(클래식),http://www.kopis.or.kr/upload/pfmPoster/PF_PF285952_260227_112410.jpg,공연완료
PF285941,랑랑 피아노 리사이틀,2026.04.28,2026.04.28,예술의전당 [서울],서양음악(클래식),http://www.kopis.or.kr/upload/pfmPoster/PF_PF285941_260227_104911.gif,공연예정
PF285938,"ASAC 클래식 봄 음악회: 사월, 다시 피다 [안산]",2026.04.16,2026.04.16,안산문화예술의전당,서양음악(클래식),http://www.kopis.or.kr/upload/pfmPoster/PF_PF285938_260227_103959.gif,공연예정
PF285935,Inside Out,2026.03.11,2026.03.11,쌀롱드무지끄,서양음악(클래식),http://www.kopis.or.kr/upload/pfmPoster/PF_PF285935_260227_103050.jpg,공연완료
PF285926,영산아트홀 비전공 오르간 콘서트: Be Major Organ Concert,2026.02.26,2026.02.26,영산아트홀,서양음악(클래식),http://www.kopis.or.kr/upload/pfmPoster/PF_PF285926_260227_100747.gif,공연완료
PF285917,김원미 피아노 독주회,2026.03.26,2026.03.26,일신홀,서양음악(클래식),http://www.kopis.or.kr/upload/pfmPoster/PF_PF285917_260226_145803.gif,공연완료
PF285911,김현철의 클래식당 [평택],2026.04.25,2026.04.25,평택아트센터,서양음악(클래식),http://www.kopis.or.kr/upload/pfmPoster/PF_PF285911_260226_143002.gif,공연예정
PF285905,"임현정의 베토벤 소나타 시리즈1, 영웅",2026.03.29,2026.03.29,예술의전당 [서울],서양음악(클래식),http://www.kopis.or.kr/upload/pfmPoster/PF_PF285905_260226_141334.gif,공연예정
PF285904,K-PoP으로 만나는 클래식 [성남],2026.04.11,2026.04.11,성남아트리움 (구. 성남시민회관),서양음악(클래식),http://www.kopis.or.kr/upload/pfmPoster/PF_PF285904_260226_140851.gif,공연예정
PF285903,전용훈 피아노 귀국 독주회,2026.03.08,2026.03.08,금호아트홀 연세,서양음악(클래식),http://www.kopis.or.kr/upload/pfmPoster/PF_PF285903_260226_140707.gif,공연완료
PF285893,"케이 김경은 피아노 리사이틀, 베토벤 피아노 소나타 전곡 시리즈 Ⅳ: The Path to Silence",2026.04.26,2026.04.26,예술의전당 [서울],서양음악(클래식),http://www.kopis.or.kr/upload/pfmPoster/PF_PF285893_260226_134525.gif,공연예정
PF285886,"얍 판 츠베덴 & 서울시립교향악단, Mozart & Tchaikovsky [평택]",2026.04.11,2026.04.11,평택아트센터,서양음악(클래식),http://www.kopis.or.kr/upload/pfmPoster/PF_PF285886_260226_133011.gif,공연예정
PF285887,"아트 온 스크린, 엘렌 그리모: 숲의 땅과 그 저편 (영상화) [울산]",2026.03.24,2026.03.24,울산중구문화의전당,서양음악(클래식),http://www.kopis.or.kr/upload/pfmPoster/PF_PF285887_260226_133012.jpg,공연완료
PF285881,"국립합창단, 클래식 세레나데 [제천]",2026.04.03,2026.04.03,제천예술의전당,서양음악(클래식),http://www.kopis.or.kr/upload/pfmPoster/PF_PF285881_260226_131830.gif,공연예정
PF285877,제46회 건국대학교 오케스트라 쿠필 정기연주회: Bloom,2026.02.28,2026.02.28,고양아람누리,서양음악(클래식),http://www.kopis.or.kr/upload/pfmPoster/PF_PF285877_260226_130832.jpg,공연완료
PF285873,"8시 클래식 울주, 스타 뮤지컬 작곡가 민찬홍: 스무 해 동안의 멜로디",2026.03.25,2026.03.25,울주문화예술회관,서양음악(클래식),http://www.kopis.or.kr/upload/pfmPoster/PF_PF285873_260226_125942.jpg,공연완료
PF285867,"바흐솔리스텐서울 기획연주 Ⅰ, 아치스와 갈라테아",2026.05.09,2026.05.09,예술의전당 [서울],서양음악(클래식),http://www.kopis.or.kr/upload/pfmPoster/PF_PF285867_260226_124608.gif,공연예정
PF285864,제372회 창원시립교향악단 정기연주회: 더 그레이트,2026.03.06,2026.03.06,3.15아트센터,서양음악(클래식),http://www.kopis.or.kr/upload/pfmPoster/PF_PF285864_260226_122106.jpg,공연완료
PF285863,로데아트센터 기획공연 시리즈 6. 정수현 & 서채원: Joint Recital,2026.03.05,2026.03.05,로데아트센터,서양음악(클래식),http://www.kopis.or.kr/upload/pfmPoster/PF_PF285863_260226_121459.gif,공연완료
PF285857,"낭만주의 거장, 차이코프스키",2026.04.25,2026.04.25,예술의전당 [서울],서양음악(클래식),http://www.kopis.or.kr/upload/pfmPoster/PF_PF285857_260226_113756.gif,공연예정
PF285856,나다솜 피아노 독주회: Palette: Red,2026.03.15,2026.03.15,금호아트홀 연세,서양음악(클래식),http://www.kopis.or.kr/upload/pfmPoster/PF_PF285856_260226_113608.gif,공연완료
PF285855,김종희 귀국 오보에 독주회,2026.04.04,2026.04.04,예술의전당 [서울],서양음악(클래식),http://www.kopis.or.kr/upload/pfmPoster/PF_PF285855_260226_113428.gif,공연예정
PF285852,그랜드필하모닉오케스트라 & 백건우 [제천],2026.03.20,2026.03.20,제천예술의전당,서양음악(클래식),http://www.kopis.or.kr/upload/pfmPoster/PF_PF285852_260226_112832.gif,공연완료
PF285843,제3회 오케스트라 syncope 정기연주회: 차이코프스키 시리즈,2026.03.22,2026.03.22,부천아트센터,서양음악(클래식),http://www.kopis.or.kr/upload/pfmPoster/PF_PF285843_260226_111107.png,공연완료
PF285838,"수아레콘서트, White day Opera Gala (3월)",2026.03.13,2026.03.13,소셜베뉴 라움,서양음악(클래식),http://www.kopis.or.kr/upload/pfmPoster/PF_PF285838_260226_110020.gif,공연완료
PF285837,The Move Cello Quartet 더 무브 첼로 콰르텟,2026.03.20,2026.03.20,갤러리 디 아르테 청담,서양음악(클래식),http://www.kopis.or.kr/upload/pfmPoster/PF_PF285837_260226_105824.gif,공연완료
PF285835,"제83회 예술공감, K-클래식 헌터스: 앙상블 원더",2026.03.10,2026.03.10,을숙도문화회관,서양음악(클래식),http://www.kopis.or.kr/upload/pfmPoster/PF_PF285835_260226_105614.jpeg,공연완료
PF285831,3.1운동 107주년 기념 스토리영상콘서트: 대한의 위대한 청춘들 1919,2026.03.01,2026.03.01,국립극장,서양음악(클래식),http://www.kopis.or.kr/upload/pfmPoster/PF_PF285831_260226_104609.jpg,공연완료
PF285824,"리타, 남편이 돌아왔다! [창원]",2026.03.06,2026.03.28,나비아트홀,서양음악(클래식),http://www.kopis.or.kr/upload/pfmPoster/PF_PF285824_260226_102724.gif,공연중
PF285818,레이 첸 바이올린 리사이틀,2026.06.04,2026.06.04,롯데콘서트홀,서양음악(클래식),http://www.kopis.or.kr/upload/pfmPoster/PF_PF285818_260303_125813.gif,공연예정
PF285811,창단10주년 성신 피아노 소사이어티 기념 연주회,2026.04.07,2026.04.07,예술의전당 [서울],서양음악(클래식),http://www.kopis.or.kr/upload/pfmPoster/PF_PF285811_260225_171643.gif,공연예정
PF285810,지브리와 사랑에 빠지다: 지브리 영화음악 콘서트 [군산],2026.05.05,2026.05.05,군산예술의전당,서양음악(클래식),http://www.kopis.or.kr/upload/pfmPoster/PF_PF285810_260225_170732.gif,공연예정
PF285807,제11회 SC브라이트 영아티스트 마티네콘서트,2026.03.16,2026.03.16,롯데콘서트홀,서양음악(클래식),http://www.kopis.or.kr/upload/pfmPoster/PF_PF285807_260225_164820.png,공연완료
PF285805,윤기훈 귀국 피아노 독주회,2026.04.12,2026.04.12,금호아트홀 연세,서양음악(클래식),http://www.kopis.or.kr/upload/pfmPoster/PF_PF285805_260225_163219.gif,공연예정
PF285804,우아람 첼로 귀국독주회,2026.03.04,2026.03.04,금호아트홀 연세,서양음악(클래식),http://www.kopis.or.kr/upload/pfmPoster/PF_PF285804_260225_162637.gif,공연완료
PF285799,미하일 플레트네프& 고티에 카퓌송 & 라흐마니노프 인터네셔널 오케스트라 [대구],2026.06.09,2026.06.09,대구콘서트하우스,서양음악(클래식),http://www.kopis.or.kr/upload/pfmPoster/PF_PF285799_260225_154115.gif,공연예정
PF285798,"제21회 서울스프링실내악축제, 갤러리 콘서트: 구세계의 영재들 (04.29)",2026.04.29,2026.04.29,아트스페이스3,서양음악(클래식),http://www.kopis.or.kr/upload/pfmPoster/PF_PF285798_260225_153125.gif,공연예정
PF285797,"제21회 서울스프링실내악축제, 가족음악회: 영재들 (05.02)",2026.05.02,2026.05.02,예술의전당 [서울],서양음악(클래식),http://www.kopis.or.kr/upload/pfmPoster/PF_PF285797_260225_152131.gif,공연예정
PF285796,"제21회 서울스프링실내악축제, 5중주의 정수 (05.01)",2026.05.01,2026.05.01,세종문화회관,서양음악(클래식),http://www.kopis.or.kr/upload/pfmPoster/PF_PF285796_260225_151458.jpg,공연예정
PF285795,"제21회 서울스프링실내악축제, 최고 중의 최고 (04.30)",2026.04.30,2026.04.30,세종문화회관,서양음악(클래식),http://www.kopis.or.kr/upload/pfmPoster/PF_PF285795_260225_150913.jpg,공연예정
PF285794,"제21회 서울스프링실내악축제, Crown Prince of Mozart: 모차르트의 황태자 (04.28)",2026.04.28,2026.04.28,세종문화회관,서양음악(클래식),http://www.kopis.or.kr/upload/pfmPoster/PF_PF285794_260225_150049.jpg,공연예정
PF285793,디즈니 인 콘서트: Beyond the Magic,2026.05.05,2026.05.06,세종문화회관,서양음악(클래식),http://www.kopis.or.kr/upload/pfmPoster/PF_PF285793_260225_144949.jpg,공연예정
PF285791,백건우 피아노 리사이틀 [당진],2026.04.25,2026.04.25,당진문예의전당,서양음악(클래식),http://www.kopis.or.kr/upload/pfmPoster/PF_PF285791_260310_151657.gif,공연예정
PF285790,"당진Arte 11, 이금희의 더불어 살며 헤아리며 Ⅱ. 인간관계 (4월)",2026.04.29,2026.04.29,당진문예의전당,서양음악(클래식),http://www.kopis.or.kr/upload/pfmPoster/PF_PF285790_260225_143031.jpg,공연예정
PF285788,에릭 루 피아노 리사이틀,2026.05.12,2026.05.12,롯데콘서트홀,서양음악(클래식),http://www.kopis.or.kr/upload/pfmPoster/PF_PF285788_260226_131156.gif,공연예정
PF285782,앙상블 Baroque Tutti et Solo 콘서트 [대구],2026.02.27,2026.02.27,비원뮤직홀,서양음악(클래식),http://www.kopis.or.kr/upload/pfmPoster/PF_PF285782_260225_140331.jpg,공연완료
PF285778,손민영 피아노 독주회,2026.03.16,2026.03.16,로데아트센터,서양음악(클래식),http://www.kopis.or.kr/upload/pfmPoster/PF_PF285778_260225_135126.gif,공연완료
PF285776,"ACC 브런치콘서트 플러스, 김영하 작가의 음악 (4월)",2026.04.29,2026.04.29,국립아시아문화전당,서양음악(클래식),http://www.kopis.or.kr/upload/pfmPoster/PF_PF285776_260225_134539.jpg,공연예정
PF285775,소프라노 이정은 독창회,2026.03.29,2026.03.29,영산아트홀,서양음악(클래식),http://www.kopis.or.kr/upload/pfmPoster/PF_PF285775_260225_134539.gif,공연예정
PF285774,제5회 ATEM (아템) 작품발표회: 감정의 밤 [대구],2026.03.07,2026.03.07,달서아트센터 (구. 웃는얼굴아트센터),서양음악(클래식),http://www.kopis.or.kr/upload/pfmPoster/PF_PF285774_260225_134429.jpg,공연완료
PF285766,세상의 모든 아침 영화음악 콘서트,2026.05.01,2026.05.01,예술의전당 [서울],서양음악(클래식),http://www.kopis.or.kr/upload/pfmPoster/PF_PF285766_260225_132131.gif,공연예정
PF285764,제104회 서울챔버오케스트라 정기연주회,2026.03.22,2026.03.22,예술의전당 [서울],서양음악(클래식),http://www.kopis.or.kr/upload/pfmPoster/PF_PF285764_260225_132031.jpg,공연완료
PF285762,브라스로 만나는 영화음악 [성남],2026.04.24,2026.04.24,성남아트센터,서양음악(클래식),http://www.kopis.or.kr/upload/pfmPoster/PF_PF285762_260225_131143.gif,공연예정
PF285760,대구시립교향악단 체임버 시리즈 Ⅰ: 프랑스 목관의 흐름 [대구],2026.03.25,2026.03.25,대구콘서트하우스,서양음악(클래식),http://www.kopis.or.kr/upload/pfmPoster/PF_PF285760_260225_131049.gif,공연완료
PF285758,"제21회 서울스프링실내악축제 폐막 공연, 프랑스 1886 (05.03)",2026.05.03,2026.05.03,예술의전당 [서울],서양음악(클래식),http://www.kopis.or.kr/upload/pfmPoster/PF_PF285758_260225_130500.jpg,공연예정
PF285757,제33회 서울시민교향악단 정기연주회 [부천],2026.03.21,2026.03.21,부천아트센터,서양음악(클래식),http://www.kopis.or.kr/upload/pfmPoster/PF_PF285757_260225_130158.jpg,공연완료
PF285756,"제21회 서울스프링실내악축제 개막 공연, 프랑스의 영재들 (04.21)",2026.04.21,2026.04.21,예술의전당 [서울],서양음악(클래식),http://www.kopis.or.kr/upload/pfmPoster/PF_PF285756_260225_125839.jpg,공연예정
PF285753,"제21회 서울스프링실내악축제, 헌정음악회 (04.24)",2026.04.24,2026.04.24,예술의전당 [서울],서양음악(클래식),http://www.kopis.or.kr/upload/pfmPoster/PF_PF285753_260225_125234.jpg,공연예정
PF285752,"국립심포니오케스트라, 실내악 시리즈: 용인문화재단 만원 조아용! [용인]",2026.03.28,2026.03.28,용인시문화예술회관,서양음악(클래식),http://www.kopis.or.kr/upload/pfmPoster/PF_PF285752_260225_124755.gif,공연중
PF285750,"제21회 서울스프링실내악축제, 늦게 피어난 꽃들 (04.23)",2026.04.23,2026.04.23,예술의전당 [서울],서양음악(클래식),http://www.kopis.or.kr/upload/pfmPoster/PF_PF285750_260225_124400.jpg,공연예정
PF285749,"제21회 서울스프링실내악축제, 작품번호 제1번 (04.22)",2026.04.22,2026.04.22,예술의전당 [서울],서양음악(클래식),http://www.kopis.or.kr/upload/pfmPoster/PF_PF285749_260225_123753.gif,공연예정
PF285745,RAUM ARTIST SERIES Ⅲ. 바이올리니스트 이로아 독주회,2026.03.08,2026.03.08,소셜베뉴 라움,서양음악(클래식),http://www.kopis.or.kr/upload/pfmPoster/PF_PF285745_260225_113751.gif,공연완료
PF285743,"ONLY FOR YOU, 박수진 피아노 독주회: 시인의 이야기",2026.03.21,2026.03.21,에이치아츠 (H-Art),서양음악(클래식),http://www.kopis.or.kr/upload/pfmPoster/PF_PF285743_260225_113136.gif,공연완료
PF285735,너의 이름은. 필름 콘서트 [대전],2026.05.24,2026.05.24,대전예술의전당,서양음악(클래식),http://www.kopis.or.kr/upload/pfmPoster/PF_PF285735_260225_111003.gif,공연예정
PF285734,"라율아트홀 한 잔의 여유 시리즈, K-Tea Classic Concert: Seoul Edition 다도 음악회",2026.04.23,2026.04.26,라율아트홀,서양음악(클래식),http://www.kopis.or.kr/upload/pfmPoster/PF_PF285734_260225_111003.gif,공연예정
PF285731,"제352차 서산시기획공연, 명화감상 3연작 시리즈 Ⅰ. 미디어아트 클래식: 앙리 마티스, 색을 노래하다 [서산]",2026.03.07,2026.03.07,서산시문화회관,서양음악(클래식),http://www.kopis.or.kr/upload/pfmPoster/PF_PF285731_260225_110418.jpg,공연완료
PF285725,국립합창단 CLASSIC SERENADE [오산],2026.03.28,2026.03.28,오산문화예술회관,서양음악(클래식),http://www.kopis.or.kr/upload/pfmPoster/PF_PF285725_260225_104848.gif,공연중
PF285720,"DSAC 아트 셀렉션, 우시다 토모하루 피아노 리사이틀 [대구]",2026.04.07,2026.04.07,달서아트센터 (구. 웃는얼굴아트센터),서양음악(클래식),http://www.kopis.or.kr/upload/pfmPoster/PF_PF285720_260225_103855.jpg,공연예정
PF285717,"소리얼필하모닉오케스트라, Concerto Grosso",2026.02.26,2026.02.26,롯데콘서트홀,서양음악(클래식),http://www.kopis.or.kr/upload/pfmPoster/PF_PF285717_260225_102930.jpg,공연완료
PF285711,"제21회 서울스프링실내악축제, 세레나데와 디베르티멘토 (04.27)",2026.04.27,2026.04.27,세종문화회관,서양음악(클래식),http://www.kopis.or.kr/upload/pfmPoster/PF_PF285711_260225_102215.gif,공연예정
PF285710,"제21회 서울스프링실내악축제, 메이드 인 USA (04.26)",2026.04.26,2026.04.26,예술의전당 [서울],서양음악(클래식),http://www.kopis.or.kr/upload/pfmPoster/PF_PF285710_260225_101711.gif,공연예정
PF285707,"제21회 서울스프링실내악축제, 모스틀리 모차르트 (04.25)",2026.04.25,2026.04.25,예술의전당 [서울],서양음악(클래식),http://www.kopis.or.kr/upload/pfmPoster/PF_PF285707_260225_101211.gif,공연예정
PF285706,제404회 광주시립교향악단 정기연주회: 보헤미아의 봄,2026.03.20,2026.03.20,광주 예술의 전당,서양음악(클래식),http://www.kopis.or.kr/upload/pfmPoster/PF_PF285706_260225_101142.jpg,공연완료
PF285701,제6회 하임트리오 정기연주회,2026.03.09,2026.03.09,영산아트홀,서양음악(클래식),http://www.kopis.or.kr/upload/pfmPoster/PF_PF285701_260224_134631.gif,공연완료
PF285700,"제1153회 하우스콘서트, 김응수 & 일리야 라쉬코프스키",2026.04.13,2026.04.13,예술가의 집,서양음악(클래식),http://www.kopis.or.kr/upload/pfmPoster/PF_PF285700_260224_133810.png,공연예정
PF285697,파시오네트: 차이콥스키 교향곡 5번,2026.04.13,2026.04.13,롯데콘서트홀,서양음악(클래식),http://www.kopis.or.kr/upload/pfmPoster/PF_PF285697_260224_132730.gif,공연예정
PF285696,제3회 서울아트필하모닉 오케스트라 정기연주회,2026.03.07,2026.03.07,국립극장,서양음악(클래식),http://www.kopis.or.kr/upload/pfmPoster/PF_PF285696_260224_132046.png,공연완료
PF285693,"서리풀 전곡 연주 시리즈, 하이든 교향곡 전곡 시리즈 31: Surprise",2026.03.12,2026.03.12,반포심산아트홀,서양음악(클래식),http://www.kopis.or.kr/upload/pfmPoster/PF_PF285693_260224_130847.gif,공연완료
PF285691,제117회 원주시립합창단 정기연주회 [원주],2026.03.19,2026.03.19,원주치악예술관,서양음악(클래식),http://www.kopis.or.kr/upload/pfmPoster/PF_PF285691_260224_130335.jpg,공연완료
PF285684,스페니쉬 브라스: 러 메탈스 [경기 광주],2026.03.20,2026.03.20,광주시문화예술의전당 (구. 남한산성아트홀),서양음악(클래식),http://www.kopis.or.kr/upload/pfmPoster/PF_PF285684_260224_113504.gif,공연완료
PF285682,"클래식고택 음악회, 세종 트리오 콘서트",2026.03.22,2026.03.22,클래식고택 디토 (구.선인재),서양음악(클래식),http://www.kopis.or.kr/upload/pfmPoster/PF_PF285682_260224_112923.gif,공연완료
PF285680,"토요클래식의 밤, 해설이 있는 클래식: 피아니스트 홍승우, 김경원의 듀오 리사이틀: 춤과 노래",2026.03.07,2026.03.07,콘서트홀 나누,서양음악(클래식),http://www.kopis.or.kr/upload/pfmPoster/PF_PF285680_260224_112151.jpg,공연완료
PF285679,"선데이콘서트, 엘림 리사이틀 시리즈: 노윤서 피아노 독주회 [인천]",2026.04.26,2026.04.26,엘림아트센터,서양음악(클래식),http://www.kopis.or.kr/upload/pfmPoster/PF_PF285679_260324_173254.gif,공연예정
PF285668,제207회 국립합창단 정기연주회: 모차르트 c단조 대미사,2026.05.13,2026.05.13,예술의전당 [서울],서양음악(클래식),http://www.kopis.or.kr/upload/pfmPoster/PF_PF285668_260224_105140.gif,공연예정
PF285666,국립합창단 기획공연: 폴란드 합창 음악의 향연,2026.04.17,2026.04.17,예술의전당 [서울],서양음악(클래식),http://www.kopis.or.kr/upload/pfmPoster/PF_PF285666_260224_104946.gif,공연예정
PF285660,"푸르지오아트홀 수요초대석 30, 최소영 제자 음악회",2026.02.25,2026.02.25,푸르지오아트홀,서양음악(클래식),http://www.kopis.or.kr/upload/pfmPoster/PF_PF285660_260224_103639.gif,공연완료
PF285659,박선화 피아노 독주회,2026.03.02,2026.03.02,금호아트홀 연세,서양음악(클래식),http://www.kopis.or.kr/upload/pfmPoster/PF_PF285659_260224_103638.gif,공연완료
PF285658,박규희 기타 리사이틀 [청주],2026.04.12,2026.04.12,청주아트홀 (구. 청주시민회관),서양음악(클래식),http://www.kopis.or.kr/upload/pfmPoster/PF_PF285658_260224_103539.gif,공연예정
PF285657,박나혜 피아노 독주회,2026.03.16,2026.03.16,금호아트홀 연세,서양음악(클래식),http://www.kopis.or.kr/upload/pfmPoster/PF_PF285657_260224_103224.gif,공연완료
PF285652,바로크비올리스트 장민경의 The Bach Ⅲ,2026.03.30,2026.03.30,세종문화회관,서양음악(클래식),http://www.kopis.or.kr/upload/pfmPoster/PF_PF285652_260310_153441.gif,공연예정
PF285648,드로잉더뮤직 음악콩쿠르 위너스 갈라콘서트,2026.03.07,2026.03.07,거암아트홀,서양음악(클래식),http://www.kopis.or.kr/upload/pfmPoster/PF_PF285648_260224_101008.gif,공연완료
PF285641,제45회 KUCO 경희대학교 국제캠퍼스 아마추어 오케스트라 정기연주회,2026.03.01,2026.03.01,부천아트센터,서양음악(클래식),http://www.kopis.or.kr/upload/pfmPoster/PF_PF285641_260224_095832.png,공연완료
PF285637,"DSAC 아트 셀렉션, 마사야 카메이 피아노 리사이틀 [대구]",2026.04.03,2026.04.03,달서아트센터 (구. 웃는얼굴아트센터),서양음악(클래식),http://www.kopis.or.kr/upload/pfmPoster/PF_PF285637_260224_094700.jpg,공연예정
PF285629,너의 이름은. 필름 콘서트 [대구 (앵콜) ],2026.05.23,2026.05.23,대구콘서트하우스,서양음악(클래식),http://www.kopis.or.kr/upload/pfmPoster/PF_PF285629_260223_162103.gif,공연예정
PF285626,피아니스트 강혜윤 & 정지혜 듀오 리사이틀,2026.03.31,2026.03.31,세종문화회관,서양음악(클래식),http://www.kopis.or.kr/upload/pfmPoster/PF_PF285626_260223_161134.png,공연예정
PF285624,팝페라테너 임형주 신춘독창회: Popera Sensation!,2026.04.10,2026.04.10,영산아트홀,서양음악(클래식),http://www.kopis.or.kr/upload/pfmPoster/PF_PF285624_260223_160824.gif,공연예정
PF285623,슈퍼히어로와 함께 하는 어린이날 영화음악 콘서트: 헐리우드 블록버스터 & 디즈니 & 지브리 영화음악 [대전],2026.05.05,2026.05.05,대전예술의전당,서양음악(클래식),http://www.kopis.or.kr/upload/pfmPoster/PF_PF285623_260223_160113.gif,공연예정
PF285619,제11회 제이와이 오케스트라 정기연주회,2026.02.25,2026.02.25,고양어울림누리,서양음악(클래식),http://www.kopis.or.kr/upload/pfmPoster/PF_PF285619_260223_155309.jpg,공연완료
PF285605,제182회 강남심포니오케스트라 강남마티네콘서트: 피아니스트 김정원과 함께하는 아침의 음악정원 Ⅱ,2026.04.02,2026.04.02,광림아트센터,서양음악(클래식),http://www.kopis.or.kr/upload/pfmPoster/PF_PF285605_260320_175340.jpg,공연예정
PF285598,창밖의 비창 Pathetique beyond the Pane,2026.03.14,2026.03.21,서울숲 스튜디오301,서양음악(클래식),http://www.kopis.or.kr/upload/pfmPoster/PF_PF285598_260223_150642.jpg,공연완료
PF285588,제2회 서울영재오케스트라 정기 연주회,2026.02.28,2026.02.28,롯데콘서트홀,서양음악(클래식),http://www.kopis.or.kr/upload/pfmPoster/PF_PF285588_260304_162001.png,공연완료
PF285587,채승수 피아노 독주회,2026.03.06,2026.03.06,예술의전당 [서울],서양음악(클래식),http://www.kopis.or.kr/upload/pfmPoster/PF_PF285587_260223_144234.gif,공연완료
PF285585,슈퍼히어로와 함께 하는 어린이날 영화음악 콘서트: 헐리우드 블록버스터&디즈니&지브리 FESTA [고양],2026.05.05,2026.05.05,고양아람누리,서양음악(클래식),http://www.kopis.or.kr/upload/pfmPoster/PF_PF285585_260312_141440.gif,공연예정
PF285581,최규 피아노 독주회,2026.02.27,2026.02.27,금호아트홀 연세,서양음악(클래식),http://www.kopis.or.kr/upload/pfmPoster/PF_PF285581_260223_143204.gif,공연완료
PF285578,대구 청소년 국제 교류음악회 [대구],2026.03.31,2026.03.31,대구콘서트하우스,서양음악(클래식),http://www.kopis.or.kr/upload/pfmPoster/PF_PF285578_260223_142612.jpg,공연예정
PF285571,"강남심포니오케스트라 콘서트 오페라, 마술피리",2026.03.18,2026.03.18,GS아트센터,서양음악(클래식),http://www.kopis.or.kr/upload/pfmPoster/PF_PF285571_260223_141222.gif,공연완료
PF285567,수성아트피아 토요음악회: 명작을 노래하다 [대구],2026.04.18,2026.04.18,수성아트피아,서양음악(클래식),http://www.kopis.or.kr/upload/pfmPoster/PF_PF285567_260310_154602.png,공연예정
PF285564,"토너스 트리오, 파열과 전통 시리즈 Ⅰ: 피아노 트리오로 보는 시대의 목소리",2026.03.11,2026.03.11,예술의전당 [서울],서양음악(클래식),http://www.kopis.or.kr/upload/pfmPoster/PF_PF285564_260223_135330.gif,공연완료
PF285557,Resone Ensemble: American Composer Series,2026.02.25,2026.02.25,꿈의숲아트센터,서양음악(클래식),http://www.kopis.or.kr/upload/pfmPoster/PF_PF285557_260223_133929.jpg,공연완료
PF285556,"김준희 피아노 독주회: 봄밤, 베토벤",2026.04.03,2026.04.03,세종문화회관,서양음악(클래식),http://www.kopis.or.kr/upload/pfmPoster/PF_PF285556_260223_133705.gif,공연예정
PF285553,김영주 플루트 독주회 Ⅸ: Musique Français Ⅲ (프랑스 음악 3) [대구],2026.03.20,2026.03.20,대구콘서트하우스,서양음악(클래식),http://www.kopis.or.kr/upload/pfmPoster/PF_PF285553_260223_133420.jpg,공연완료
PF285549,제8회 판교청소년오케스트라 정기연주회,2026.03.08,2026.03.08,성남아트센터,서양음악(클래식),http://www.kopis.or.kr/upload/pfmPoster/PF_PF285549_260310_145912.png,공연완료
PF285545,Japan 애니메이션 OST 콘서트,2026.03.29,2026.03.29,롯데콘서트홀,서양음악(클래식),http://www.kopis.or.kr/upload/pfmPoster/PF_PF285545_260223_132021.gif,공연예정
PF285541,피노키오 [대전],2026.11.03,2026.11.06,복합문화공간 플랜에이,서양음악(클래식),http://www.kopis.or.kr/upload/pfmPoster/PF_PF285541_260223_130740.gif,공연예정
PF285540,제22회 그린필윈드오케스트라 정기연주회,2026.03.20,2026.03.20,꿈의숲아트센터,서양음악(클래식),http://www.kopis.or.kr/upload/pfmPoster/PF_PF285540_260223_130213.png,공연완료
PF285539,이한슬 피아노 독주회,2026.04.08,2026.04.08,세종문화회관,서양음악(클래식),http://www.kopis.or.kr/upload/pfmPoster/PF_PF285539_260223_130212.png,공연예정
PF285530,애니메이션 OST 오케스트라 콘서트 with 버튜버,2026.03.22,2026.03.22,고려대학교 인촌기념관,서양음악(클래식),http://www.kopis.or.kr/upload/pfmPoster/PF_PF285530_260223_123912.gif,공연완료
PF285528,"쌀롱드무지끄, Spring is coming",2026.03.07,2026.03.07,쌀롱드무지끄,서양음악(클래식),http://www.kopis.or.kr/upload/pfmPoster/PF_PF285528_260226_162046.jpg,공연완료
PF285526,디즈니 인 콘서트: Beyond the Magic [화성],2026.04.26,2026.04.26,화성예술의전당,서양음악(클래식),http://www.kopis.or.kr/upload/pfmPoster/PF_PF285526_260223_115037.gif,공연예정
PF285520,클래식 레터 FM 26.4,2026.04.24,2026.04.24,"SCC홀 (구. DS홀, 구. 서울바로크챔버홀)",서양음악(클래식),http://www.kopis.or.kr/upload/pfmPoster/PF_PF285520_260223_113502.gif,공연예정
PF285519,"토요 클래식의 밤, 해설이 있는 클래식: 고백하고 듣는 음악",2026.03.14,2026.03.14,콘서트홀 나누,서양음악(클래식),http://www.kopis.or.kr/upload/pfmPoster/PF_PF285519_260223_113126.jpg,공연완료
PF285517,제14회 DaKAPO 정기연주회 (DaKAPO 14th Concert),2026.02.22,2026.02.22,고양아람누리,서양음악(클래식),http://www.kopis.or.kr/upload/pfmPoster/PF_PF285517_260223_113101.png,공연완료
PF285514,제17회 An die Musik 정기연주회: Absolutely Romantic,2026.03.08,2026.03.08,금호아트홀 연세,서양음악(클래식),http://www.kopis.or.kr/upload/pfmPoster/PF_PF285514_260223_112519.gif,공연완료
PF285510,제124회 강릉시립합창단 정기연주회 [강릉],2026.03.19,2026.03.19,강릉아트센터 (구. 강릉문화예술관),서양음악(클래식),http://www.kopis.or.kr/upload/pfmPoster/PF_PF285510_260223_111213.jpg,공연완료
PF285506,"쌀롱드무지끄, 미르텐의 살롱 5: 비아르도의 파리 살롱",2026.03.02,2026.03.02,쌀롱드무지끄,서양음악(클래식),http://www.kopis.or.kr/upload/pfmPoster/PF_PF285506_260226_161805.jpg,공연완료
PF285505,해설과 함께 하는 클래식 디저트 IV: 사랑 [인천],2026.03.22,2026.03.22,아트센터 인천,서양음악(클래식),http://www.kopis.or.kr/upload/pfmPoster/PF_PF285505_260223_110422.jpg,공연완료
PF285504,"라디오페라, 사랑의 묘약",2026.03.14,2026.03.14,강서아트리움,서양음악(클래식),http://www.kopis.or.kr/upload/pfmPoster/PF_PF285504_260223_105927.gif,공연완료
PF285503,"페리지홀 기획 초청 연주회, Forstmann Quartett",2026.03.16,2026.03.16,페리지홀,서양음악(클래식),http://www.kopis.or.kr/upload/pfmPoster/PF_PF285503_260223_105925.gif,공연완료
PF285500,"함안문화예술회관 하우스콘서트, 김재영 & 유성호 (5월)",2026.05.27,2026.05.27,함안문화예술회관,서양음악(클래식),http://www.kopis.or.kr/upload/pfmPoster/PF_PF285500_260223_105458.jpg,공연예정
PF285490,센텀아트홀 기획공연 Op. 612 어린 왕자의 별 [부산],2026.03.05,2026.03.05,센텀아트홀,서양음악(클래식),http://www.kopis.or.kr/upload/pfmPoster/PF_PF285490_260223_103259.jpg,공연완료
PF285485,피아노 갈라콘서트 [고양],2026.02.21,2026.02.21,고양어울림누리,서양음악(클래식),http://www.kopis.or.kr/upload/pfmPoster/PF_PF285485_260220_142339.png,공연완료
PF285483,트리오 피아체 정기연주회 [부산],2026.03.08,2026.03.08,금정문화회관,서양음악(클래식),http://www.kopis.or.kr/upload/pfmPoster/PF_PF285483_260220_141202.gif,공연완료
PF285482,트리오 진심 창단 연주회,2026.03.16,2026.03.16,세종문화회관,서양음악(클래식),http://www.kopis.or.kr/upload/pfmPoster/PF_PF285482_260220_140703.png,공연완료
PF285480,"파이프오르간 시리즈, 이사벨 드메르 & 션 위안: 포핸즈 [부산]",2026.04.08,2026.04.08,부산콘서트홀,서양음악(클래식),http://www.kopis.or.kr/upload/pfmPoster/PF_PF285480_260310_161613.gif,공연예정
PF285475,제11회 용인시립합창단 정기연주회: 바로크 소리로 빚은 빛과 심연,2026.03.19,2026.03.19,용인포은아트홀,서양음악(클래식),http://www.kopis.or.kr/upload/pfmPoster/PF_PF285475_260220_134323.gif,공연완료
PF285473,"서리풀 고음악 시리즈, Bach in Blue",2026.03.18,2026.03.18,반포심산아트홀,서양음악(클래식),http://www.kopis.or.kr/upload/pfmPoster/PF_PF285473_260220_133518.gif,공연완료
PF285466,"파이프오르간 시리즈, 카롤 모사코프스키 리사이틀",2026.10.23,2026.10.23,부산콘서트홀,서양음악(클래식),http://www.kopis.or.kr/upload/pfmPoster/PF_PF285466_260220_131117.jpg,공연예정
PF285464,"파이프오르간 시리즈, 토마 오스피탈 리사이틀 [부산]",2026.06.20,2026.06.20,부산콘서트홀,서양음악(클래식),http://www.kopis.or.kr/upload/pfmPoster/PF_PF285464_260227_164737.gif,공연예정
PF285459,FOR CLASSIC: 클래식을 위하여,2026.02.28,2026.02.28,꿈의숲아트센터,서양음악(클래식),http://www.kopis.or.kr/upload/pfmPoster/PF_PF285459_260220_124918.jpg,공연완료
PF285454,제1회 서부산 교향악단 정기연주회,2026.03.06,2026.03.06,부산문화회관,서양음악(클래식),http://www.kopis.or.kr/upload/pfmPoster/PF_PF285454_260220_123026.jpg,공연완료
PF285449,제42회 굿모닝콘서트: 서정이 꽃구름처럼 번지는 시간 [부산],2026.03.27,2026.03.27,을숙도문화회관,서양음악(클래식),http://www.kopis.or.kr/upload/pfmPoster/PF_PF285449_260220_113744.jpeg,공연완료
PF285446,"미유음악대 연주회: 라이트, 뮤직, 액션 [대구]",2026.03.14,2026.03.14,비원뮤직홀,서양음악(클래식),http://www.kopis.or.kr/upload/pfmPoster/PF_PF285446_260220_112859.gif,공연완료
PF285445,지브리 & 디즈니 영화음악 오케스트라 콘서트 [춘천],2026.05.02,2026.05.02,춘천문화예술회관,서양음악(클래식),http://www.kopis.or.kr/upload/pfmPoster/PF_PF285445_260220_112530.gif,공연예정
PF285443,빈센트 드 브리스 피아노 독주회,2026.03.27,2026.03.27,금호아트홀 연세,서양음악(클래식),http://www.kopis.or.kr/upload/pfmPoster/PF_PF285443_260220_112257.gif,공연완료
PF285442,제11회 이 피아티 플루트 앙상블 정기연주회,2026.02.22,2026.02.22,영산아트홀,서양음악(클래식),http://www.kopis.or.kr/upload/pfmPoster/PF_PF285442_260220_111819.gif,공연완료
PF285438,박혜윤 피아노 독주회 [대전],2026.03.12,2026.03.12,대전예술의전당,서양음악(클래식),http://www.kopis.or.kr/upload/pfmPoster/PF_PF285438_260220_111241.gif,공연완료
PF285433,이종은 피아노 리사이틀,2026.03.13,2026.03.13,금호아트홀 연세,서양음악(클래식),http://www.kopis.or.kr/upload/pfmPoster/PF_PF285433_260220_110339.gif,공연완료
PF285430,"이 사랑, 이 운명. 아리아로 엮는 오페라의 비망록",2026.03.04,2026.03.04,세종문화회관,서양음악(클래식),http://www.kopis.or.kr/upload/pfmPoster/PF_PF285430_260220_105605.jpg,공연완료
PF285427,"더 가든 음악회, 봄바람이 머무는 자리 (Where the Spring Breeze Lingers) [부산]",2026.03.21,2026.03.21,호텔 농심,서양음악(클래식),http://www.kopis.or.kr/upload/pfmPoster/PF_PF285427_260220_105015.jpg,공연완료
PF285426,제184회 춘천시립교향악단 정기연주회,2026.03.20,2026.03.20,춘천문화예술회관,서양음악(클래식),http://www.kopis.or.kr/upload/pfmPoster/PF_PF285426_260220_105015.jpg,공연완료
PF285417,영도문화예술회관 신춘음악회: CT 이동규와 SO 이해원의 화이트데이 콘서트,2026.03.14,2026.03.14,영도문화예술회관,서양음악(클래식),http://www.kopis.or.kr/upload/pfmPoster/PF_PF285417_260220_102741.jpg,공연완료
PF285401,피아니스트 김태형 음반발매 기념 리사이틀: Echoes in the Mists [대구],2026.03.06,2026.03.06,달서아트센터 (구. 웃는얼굴아트센터),서양음악(클래식),http://www.kopis.or.kr/upload/pfmPoster/PF_PF285401_260219_172437.gif,공연완료
PF285395,"쌀롱드무지끄, Piano Dialogues",2026.02.28,2026.02.28,쌀롱드무지끄,서양음악(클래식),http://www.kopis.or.kr/upload/pfmPoster/PF_PF285395_260219_165636.jpg,공연완료
PF285394,제20회 대한민국 신인 음악제: 예음클래식 초청 최우수 입상자연주회,2026.02.28,2026.02.28,영산아트홀,서양음악(클래식),http://www.kopis.or.kr/upload/pfmPoster/PF_PF285394_260219_165134.gif,공연완료
PF285392,렉처 콘서트III. 라틴 클래식 음악 [공주],2026.08.25,2026.08.25,공주문예회관,서양음악(클래식),http://www.kopis.or.kr/upload/pfmPoster/PF_PF285392_260219_164617.gif,공연예정
PF285390,"쌀롱드무지끄, Solo Cello",2026.02.21,2026.02.21,쌀롱드무지끄,서양음악(클래식),http://www.kopis.or.kr/upload/pfmPoster/PF_PF285390_260219_164324.jpg,공연완료
PF285389,금난새와 함께하는 마티네 콘서트 V. 베토벤 [공주],2026.09.16,2026.09.16,공주문예회관,서양음악(클래식),http://www.kopis.or.kr/upload/pfmPoster/PF_PF285389_260219_164112.gif,공연예정
PF285388,금난새와 함께하는 마티네 콘서트 Ⅳ: 엘가 [공주],2026.07.15,2026.07.15,공주문예회관,서양음악(클래식),http://www.kopis.or.kr/upload/pfmPoster/PF_PF285388_260219_163906.gif,공연예정
PF285386,"스페니쉬 브라스, 러 메탈스 초청 연주회 [강원 동해]",2026.03.23,2026.03.23,동해문화예술회관,서양음악(클래식),http://www.kopis.or.kr/upload/pfmPoster/PF_PF285386_260219_162956.png,공연완료
PF285385,제8회 서울특별시여성콘서트합창단 정기연주회,2026.03.06,2026.03.06,세종문화회관,서양음악(클래식),http://www.kopis.or.kr/upload/pfmPoster/PF_PF285385_260219_162835.png,공연완료
PF285384,"이정은, 최현아 피아노 듀오 리사이틀",2026.03.31,2026.03.31,예술의전당 [서울],서양음악(클래식),http://www.kopis.or.kr/upload/pfmPoster/PF_PF285384_260305_142500.gif,공연예정
PF285381,바이올린 양도원 & 비올라 방소연 듀오 연주회,2026.03.03,2026.03.03,예술의전당 [서울],서양음악(클래식),http://www.kopis.or.kr/upload/pfmPoster/PF_PF285381_260219_161632.gif,공연완료
PF285380,"김예지 플루트 독주회, RAVISSANT: 매혹적인 [대전]",2026.03.22,2026.03.22,대전예술의전당,서양음악(클래식),http://www.kopis.or.kr/upload/pfmPoster/PF_PF285380_260219_161202.gif,공연완료
PF285379,제12회 앙상블피아노소리 정기연주회: from Bach to War [대전],2026.03.08,2026.03.08,대전예술의전당,서양음악(클래식),http://www.kopis.or.kr/upload/pfmPoster/PF_PF285379_260219_161202.gif,공연완료
PF285377,오정현 더블베이스 독주회,2026.03.19,2026.03.19,예술의전당 [서울],서양음악(클래식),http://www.kopis.or.kr/upload/pfmPoster/PF_PF285377_260219_160337.gif,공연완료
PF285375,"모노 오페라, 라 칼라스 [대구]",2026.03.04,2026.03.04,대구오페라하우스,서양음악(클래식),http://www.kopis.or.kr/upload/pfmPoster/PF_PF285375_260219_160150.jpg,공연완료
PF285373,이인지 피아노 독주회,2026.03.01,2026.03.01,예술의전당 [서울],서양음악(클래식),http://www.kopis.or.kr/upload/pfmPoster/PF_PF285373_260219_155716.gif,공연완료
PF285367,지브리와 사랑에 빠지다: 지브리 영화음악 콘서트 [공주],2026.05.10,2026.05.10,공주문예회관,서양음악(클래식),http://www.kopis.or.kr/upload/pfmPoster/PF_PF285367_260219_153046.gif,공연예정
PF285366,아니마토 만돌린 앙상블 콘서트 [성남],2026.03.14,2026.03.14,티엘아이 아트센터,서양음악(클래식),http://www.kopis.or.kr/upload/pfmPoster/PF_PF285366_260219_153026.gif,공연완료
PF285363,아가페컬처광주 창립기념음악회 [광주],2026.03.24,2026.03.24,광주 예술의 전당,서양음악(클래식),http://www.kopis.or.kr/upload/pfmPoster/PF_PF285363_260219_152448.jpg,공연완료
PF285362,"공주, 안동 자매도시 교류음악회: 환희의 송가 [공주]",2026.11.20,2026.11.20,공주문예회관,서양음악(클래식),http://www.kopis.or.kr/upload/pfmPoster/PF_PF285362_260219_152115.gif,공연예정
PF285355,"모스크바홀 기획연주, 회상 - 드미트리 쇼스타코비치",2026.02.28,2026.02.28,모스크바홀,서양음악(클래식),http://www.kopis.or.kr/upload/pfmPoster/PF_PF285355_260219_145555.png,공연완료
PF285354,제9회 Quartet S 정기연주회,2026.03.12,2026.03.12,예술의전당 [서울],서양음악(클래식),http://www.kopis.or.kr/upload/pfmPoster/PF_PF285354_260219_145407.gif,공연완료
PF285353,"클래시카 서울 기획공연 시리즈, 윤정은 피아노 렉쳐 리사이틀: 리게티 에튀드",2026.02.21,2026.02.21,클래시카 서울,서양음악(클래식),http://www.kopis.or.kr/upload/pfmPoster/PF_PF285353_260219_145048.png,공연완료
PF285351,"대전시립청소년합창단 기획연주회 Ⅰ, 거장과의 만남 시리즈 Ⅳ: 포스터 [대전]",2026.03.14,2026.03.14,대전예술의전당,서양음악(클래식),http://www.kopis.or.kr/upload/pfmPoster/PF_PF285351_260219_144402.jpg,공연완료
PF285344,제84회 시티필하모니오케스트라 정기연주회: 신춘음악회,2026.02.24,2026.02.24,영산아트홀,서양음악(클래식),http://www.kopis.or.kr/upload/pfmPoster/PF_PF285344_260219_142449.gif,공연완료
PF285337,금난새와 함께하는 마티네 콘서트 Ⅱ. 차이콥스키 [공주],2026.05.13,2026.05.13,공주문예회관,서양음악(클래식),http://www.kopis.or.kr/upload/pfmPoster/PF_PF285337_260219_141239.gif,공연예정
PF285330,서민정 바이올린 독주회: ITALIA.. String and Soul,2026.03.29,2026.03.29,예술의전당 [서울],서양음악(클래식),http://www.kopis.or.kr/upload/pfmPoster/PF_PF285330_260219_135156.gif,공연예정
PF285327,나주문화재단 출범 1주년 기념: 문지영 피아노 리사이틀 [나주],2026.03.11,2026.03.11,한국전력공사 본사,서양음악(클래식),http://www.kopis.or.kr/upload/pfmPoster/PF_PF285327_260219_133236.png,공연완료
PF285326,제91회 코리아나 챔버 뮤직 소사이어티 정기연주회: 음색으로 채운 팔레트,2026.03.22,2026.03.22,예술의전당 [서울],서양음악(클래식),http://www.kopis.or.kr/upload/pfmPoster/PF_PF285326_260219_133138.gif,공연완료
PF285325,제221회 포항시립교향악단 정기연주회 [포항],2026.03.12,2026.03.12,포항문화예술회관,서양음악(클래식),http://www.kopis.or.kr/upload/pfmPoster/PF_PF285325_260219_133137.jpg,공연완료
PF285317,"월간연주자 듀오시리즈, 구혜진 & 류정인 (3월)",2026.03.28,2026.03.28,갤러리 디 아르테 청담,서양음악(클래식),http://www.kopis.or.kr/upload/pfmPoster/PF_PF285317_260219_130914.gif,공연중
PF285316,이현지 바이올린 독주회,2026.03.24,2026.03.24,금호아트홀 연세,서양음악(클래식),http://www.kopis.or.kr/upload/pfmPoster/PF_PF285316_260219_130612.gif,공연완료
PF285312,금난새와 함께하는 마티네 콘서트 I. 멘델스존 [공주],2026.04.15,2026.04.15,공주문예회관,서양음악(클래식),http://www.kopis.or.kr/upload/pfmPoster/PF_PF285312_260219_130104.gif,공연예정
PF285310,"제31회 안동시립합창단 정기연주회: 안동의 봄, 리듬으로 피어나다",2026.03.13,2026.03.13,안동문화예술의전당,서양음악(클래식),http://www.kopis.or.kr/upload/pfmPoster/PF_PF285310_260219_125354.png,공연완료
PF285304,금난새와 함께하는 마티네 콘서트 Ⅲ. 라흐마니노프 [공주],2026.06.17,2026.06.17,공주문예회관,서양음악(클래식),http://www.kopis.or.kr/upload/pfmPoster/PF_PF285304_260219_124427.gif,공연예정
PF285302,"제1289회 서초금요음악회, 조선의 글자",2026.02.27,2026.02.27,서초문화예술회관(구. 서초구민회관),서양음악(클래식),http://www.kopis.or.kr/upload/pfmPoster/PF_PF285302_260219_124102.jpg,공연완료
PF285296,커티스음악원 정기연주회: Curtis Institute of Music Concert,2026.02.28,2026.02.28,일신홀,서양음악(클래식),http://www.kopis.or.kr/upload/pfmPoster/PF_PF285296_260219_122515.gif,공연완료
PF285295,제작공연 시리즈 명작 1. 신춘음악회: 가곡과 아리아의 밤 [평택],2026.03.19,2026.03.19,평택시남부문예회관,서양음악(클래식),http://www.kopis.or.kr/upload/pfmPoster/PF_PF285295_260219_121819.gif,공연완료
PF285293,울산시립교향악단 교향악축제 참가 시민 특별음악회: 용기와 승리의 여정 Journeys of Courage and Triumph,2026.04.17,2026.04.17,울산문화예술회관,서양음악(클래식),http://www.kopis.or.kr/upload/pfmPoster/PF_PF285293_260219_120531.jpg,공연예정
PF285290,금난새와 함께하는 마티네 콘서트 Ⅵ: 베버 [공주],2026.10.14,2026.10.14,공주문예회관,서양음악(클래식),http://www.kopis.or.kr/upload/pfmPoster/PF_PF285290_260219_114048.gif,공연예정
PF285288,"숲세권 라이브, 첼로가 노래하는 진스 단독 공연: Ranunculus",2026.03.07,2026.03.07,숲세권 라이브,서양음악(클래식),http://www.kopis.or.kr/upload/pfmPoster/PF_PF285288_260219_113352.jpg,공연완료
PF285287,지브리 & 디즈니 오케스트라 콘서트 [서울 서대문],2026.03.21,2026.03.21,연세대학교 대강당,서양음악(클래식),http://www.kopis.or.kr/upload/pfmPoster/PF_PF285287_260219_113323.gif,공연완료
PF285285,신카이 마코토 하이라이트 필름 콘서트 [서울 송파],2026.03.15,2026.03.15,롯데콘서트홀,서양음악(클래식),http://www.kopis.or.kr/upload/pfmPoster/PF_PF285285_260219_113207.gif,공연완료
PF285282,수원시립합창단 기획연주회: 지루할 틈이 없는 콘서트 Ⅰ [수원],2026.03.05,2026.03.05,수원SK아트리움,서양음악(클래식),http://www.kopis.or.kr/upload/pfmPoster/PF_PF285282_260219_112130.jpg,공연완료
PF285274,렉처 콘서트 Ⅱ. 오페라와 뮤지컬 [공주],2026.03.17,2026.03.17,공주문예회관,서양음악(클래식),http://www.kopis.or.kr/upload/pfmPoster/PF_PF285274_260219_110930.gif,공연완료
PF285273,제9회 대전아트필하모닉오케스트라 정기연주회: 비극과 서정사이,2026.03.12,2026.03.12,대전예술의전당,서양음악(클래식),http://www.kopis.or.kr/upload/pfmPoster/PF_PF285273_260219_110533.gif,공연완료
PF285270,대구시민오케스트라 정기연주회: 그리움 끝에 피어나는 봄,2026.03.14,2026.03.14,대구콘서트하우스,서양음악(클래식),http://www.kopis.or.kr/upload/pfmPoster/PF_PF285270_260219_105716.jpg,공연완료
PF285267,달빛천사 공식 오케스트라 콘서트: 풀문을 찾아서,2026.03.14,2026.03.15,KBS [본관],서양음악(클래식),http://www.kopis.or.kr/upload/pfmPoster/PF_PF285267_260219_104913.jpg,공연완료
PF285263,김형일 호른 독주회,2026.03.22,2026.03.22,예술의전당 [서울],서양음악(클래식),http://www.kopis.or.kr/upload/pfmPoster/PF_PF285263_260219_103736.gif,공연완료
PF285260,제181회 강남심포니오케스트라 강남마티네콘서트: 피아니스트 김정원과 함께하는 아침의 음악정원 Ⅱ,2026.03.05,2026.03.05,광림아트센터,서양음악(클래식),http://www.kopis.or.kr/upload/pfmPoster/PF_PF285260_260219_103119.jpg,공연완료
PF285257,스타인웨이 위너콘서트 인 코리아: 2025년 부소니 콩쿠르 우승자 리사이틀 [서울 서초],2026.03.18,2026.03.18,예술의전당 [서울],서양음악(클래식),http://www.kopis.or.kr/upload/pfmPoster/PF_PF285257_260219_102105.gif,공연완료
PF285250,"The Class+, 피아니스트 드미트리 시쉬킨",2026.03.04,2026.03.04,신영체임버홀,서양음악(클래식),http://www.kopis.or.kr/upload/pfmPoster/PF_PF285250_260219_100742.gif,공연완료
PF285245,광주시립오페라단 기획공연: 60 Stars,2026.03.14,2026.03.14,빛고을시민문화관,서양음악(클래식),http://www.kopis.or.kr/upload/pfmPoster/PF_PF285245_260219_095829.jpg,공연완료
PF285237,"디즈니, 픽사 & 드림웍스 OST 콘서트 [부산]",2026.05.05,2026.05.05,부산콘서트홀,서양음악(클래식),http://www.kopis.or.kr/upload/pfmPoster/PF_PF285237_260213_160622.jpg,공연예정
PF285230,피아니스트 윤철희 독주회,2026.03.17,2026.03.17,예술의전당 [서울],서양음악(클래식),http://www.kopis.or.kr/upload/pfmPoster/PF_PF285230_260213_153248.gif,공연완료
PF285228,"토요 클래식의 밤, 해설이 있는 클래식: 리벤티아 앙상블, Love Theme",2026.02.28,2026.02.28,콘서트홀 나누,서양음악(클래식),http://www.kopis.or.kr/upload/pfmPoster/PF_PF285228_260213_152426.gif,공연완료
PF285226,성남아트센터 오후의 콘서트: 센 강 위의 멜로디 (5월),2026.05.06,2026.05.06,성남아트센터,서양음악(클래식),http://www.kopis.or.kr/upload/pfmPoster/PF_PF285226_260213_152502.gif,공연예정
PF285222,성남아트센터 오후의 콘서트: 보헤미아의 낭만 (4월),2026.04.01,2026.04.01,성남아트센터,서양음악(클래식),http://www.kopis.or.kr/upload/pfmPoster/PF_PF285222_260213_151812.gif,공연예정
PF285216,이현영 귀국 피아노 독주회,2026.03.03,2026.03.03,금호아트홀 연세,서양음악(클래식),http://www.kopis.or.kr/upload/pfmPoster/PF_PF285216_260213_150005.gif,공연완료
PF285213,제89회 음악예술학회 정기연주회,2026.03.06,2026.03.06,세종문화회관,서양음악(클래식),http://www.kopis.or.kr/upload/pfmPoster/PF_PF285213_260213_144803.png,공연완료
PF285212,유모차 콘서트 [안성],2026.03.14,2026.03.14,안성맞춤아트홀,서양음악(클래식),http://www.kopis.or.kr/upload/pfmPoster/PF_PF285212_260213_144123.gif,공연완료
PF285209,NAC시그니처클래식: 심포니5번 & 코랄시리즈Ⅰ [부산],2026.03.28,2026.03.28,낙동아트센터,서양음악(클래식),http://www.kopis.or.kr/upload/pfmPoster/PF_PF285209_260213_143645.jpg,공연중
PF285207,우상임의 쌀롱음악회 4회 [제주],2026.02.25,2026.02.25,애월뮤직팩토리,서양음악(클래식),http://www.kopis.or.kr/upload/pfmPoster/PF_PF285207_260213_143555.png,공연완료
PF285202,"온: 콘서트, 임혜령 피아노 독주회",2026.03.21,2026.03.21,온쉼표,서양음악(클래식),http://www.kopis.or.kr/upload/pfmPoster/PF_PF285202_260213_142513.png,공연완료
PF285200,"엘림아트센터, 로비콘서트: 클래식 악기로 만나는 7080 로비콘서트 [인천]",2026.03.08,2026.03.08,엘림아트센터,서양음악(클래식),http://www.kopis.or.kr/upload/pfmPoster/PF_PF285200_260213_141900.gif,공연완료
PF285193,성남아트센터 오후의 콘서트: 한국 가곡의 향기 (3월),2026.03.04,2026.03.04,성남아트센터,서양음악(클래식),http://www.kopis.or.kr/upload/pfmPoster/PF_PF285193_260213_135800.gif,공연완료
PF285191,처음 만나는 클래식 (2월),2026.02.21,2026.02.28,콘서트홀 나누,서양음악(클래식),http://www.kopis.or.kr/upload/pfmPoster/PF_PF285191_260213_135440.gif,공연완료
PF285190,성남아트센터 오후의 콘서트: 쇼팽과 폴란드의 선율 (10월),2026.10.07,2026.10.07,성남아트센터,서양음악(클래식),http://www.kopis.or.kr/upload/pfmPoster/PF_PF285190_260213_135440.gif,공연예정
PF285185,지브리&디즈니 OST 콘서트: Spring of Fantasy [포항],2026.03.06,2026.03.06,포항문화예술회관,서양음악(클래식),http://www.kopis.or.kr/upload/pfmPoster/PF_PF285185_260219_133211.jpg,공연완료
PF285184,제27회 앙상블오푸스 정기연주회: 오중주의 서랍,2026.04.03,2026.04.03,예술의전당 [서울],서양음악(클래식),http://www.kopis.or.kr/upload/pfmPoster/PF_PF285184_260213_133440.jpg,공연예정
PF285175,안지윤 바이올린 독주회,2026.03.05,2026.03.05,예술의전당 [서울],서양음악(클래식),http://www.kopis.or.kr/upload/pfmPoster/PF_PF285175_260213_130945.gif,공연완료
PF285171,바보음악회 [대전],2026.03.14,2026.03.14,대전예술의전당,서양음악(클래식),http://www.kopis.or.kr/upload/pfmPoster/PF_PF285171_260213_130235.gif,공연완료
PF285165,대전시립합창단 어린이 음악회: 콩쥐팥쥐 [대전],2026.03.19,2026.03.21,대전예술의전당,서양음악(클래식),http://www.kopis.or.kr/upload/pfmPoster/PF_PF285165_260213_124043.gif,공연완료
PF285163,제7회 TENUTO 정기연주회 [부천],2026.03.14,2026.03.14,부천아트센터,서양음악(클래식),http://www.kopis.or.kr/upload/pfmPoster/PF_PF285163_260213_123503.jpg,공연완료
PF285161,서울내셔널심포니오케스트라와 함께하는 한국 클래식 유망주 초청 협주곡의 밤,2026.02.13,2026.02.13,영산아트홀,서양음악(클래식),http://www.kopis.or.kr/upload/pfmPoster/PF_PF285161_260213_122423.gif,공연완료
PF285158,"GS칼텍스 예울마루 브런치콘서트, 클래식과 함께 하는 미술관 여행 [여수]",2026.04.09,2026.04.09,GS칼텍스 예울마루,서양음악(클래식),http://www.kopis.or.kr/upload/pfmPoster/PF_PF285158_260213_120755.gif,공연예정
PF285157,심준호 첼로 리사이틀 [부산],2026.04.25,2026.04.25,부산콘서트홀,서양음악(클래식),http://www.kopis.or.kr/upload/pfmPoster/PF_PF285157_260213_114535.jpg,공연예정
PF285138,최호경 피아노 독주회,2026.03.09,2026.03.09,세종문화회관,서양음악(클래식),http://www.kopis.or.kr/upload/pfmPoster/PF_PF285138_260226_133834.gif,공연완료
PF285137,제15회 청소년오케스트라 피델리스 정기연주회 [고양],2026.02.12,2026.02.12,고양아람누리,서양음악(클래식),http://www.kopis.or.kr/upload/pfmPoster/PF_PF285137_260213_104112.png,공연완료
PF285133,원현정 피아노 독주회,2026.02.22,2026.02.22,금호아트홀 연세,서양음악(클래식),http://www.kopis.or.kr/upload/pfmPoster/PF_PF285133_260213_103122.gif,공연완료
PF285129,김종엽 귀국 튜바 독주회,2026.03.28,2026.03.28,예술의전당 [서울],서양음악(클래식),http://www.kopis.or.kr/upload/pfmPoster/PF_PF285129_260213_102108.gif,공연중
PF285128,성남아트센터 오후의 콘서트: Viva Italia! 오페라 갈라 콘서트 (12월),2026.12.02,2026.12.02,성남아트센터,서양음악(클래식),http://www.kopis.or.kr/upload/pfmPoster/PF_PF285128_260213_101625.gif,공연예정
PF285126,김새롬 즉흥 피아노 콘서트 VOL.9: ETERNITY,2026.02.21,2026.02.21,JCC 아트센터,서양음악(클래식),http://www.kopis.or.kr/upload/pfmPoster/PF_PF285126_260213_101555.png,공연완료
PF285124,"대관령음악제, 강원의 사계 봄: 김준형 피아노 리사이틀 [강릉]",2026.04.01,2026.04.01,강릉아트센터 (구. 강릉문화예술관),서양음악(클래식),http://www.kopis.or.kr/upload/pfmPoster/PF_PF285124_260213_100711.gif,공연예정
PF285119,"예술의전당 교향악축제, 제주특별자치도립 제주교향악단 (04.14)",2026.04.14,2026.04.14,예술의전당 [서울],서양음악(클래식),http://www.kopis.or.kr/upload/pfmPoster/PF_PF285119_260212_151141.gif,공연예정
PF285118,"예술의전당 교향악축제, 원주시립교향악단 (04.16)",2026.04.16,2026.04.16,예술의전당 [서울],서양음악(클래식),http://www.kopis.or.kr/upload/pfmPoster/PF_PF285118_260212_150438.gif,공연예정
PF285117,"예술의전당 교향악축제, 창원시립교향악단 (04.17)",2026.04.17,2026.04.17,예술의전당 [서울],서양음악(클래식),http://www.kopis.or.kr/upload/pfmPoster/PF_PF285117_260212_145831.gif,공연예정
PF285116,"예술의전당 교향악축제, 군산시립교향악단 (04.15)",2026.04.15,2026.04.15,예술의전당 [서울],서양음악(클래식),http://www.kopis.or.kr/upload/pfmPoster/PF_PF285116_260212_145308.gif,공연예정
PF285114,"예술의전당 교향악축제, 국립심포니오케스트라 (04.01)",2026.04.01,2026.04.01,예술의전당 [서울],서양음악(클래식),http://www.kopis.or.kr/upload/pfmPoster/PF_PF285114_260212_144648.gif,공연예정
PF285106,드미트리 시쉬킨 피아노 리사이틀 [서울 중구],2026.03.07,2026.03.07,신세계남산,서양음악(클래식),http://www.kopis.or.kr/upload/pfmPoster/PF_PF285106_260212_142726.png,공연완료
PF285105,라 트라비아타 [서울 중구],2026.03.19,2026.03.19,신세계남산,서양음악(클래식),http://www.kopis.or.kr/upload/pfmPoster/PF_PF285105_260212_142533.png,공연완료
PF285104,제9회 더싱어즈 정기연주회,2026.03.10,2026.03.10,세종문화회관,서양음악(클래식),http://www.kopis.or.kr/upload/pfmPoster/PF_PF285104_260212_142311.png,공연완료
PF285103,트리오 오원 리사이틀 [부산],2026.04.10,2026.04.10,부산콘서트홀,서양음악(클래식),http://www.kopis.or.kr/upload/pfmPoster/PF_PF285103_260212_142058.jpg,공연예정
PF285102,제6회 창원신춘가곡제: 우리 가곡으로 만나는 사계,2026.03.20,2026.03.20,성산아트홀,서양음악(클래식),http://www.kopis.or.kr/upload/pfmPoster/PF_PF285102_260304_122710.jpg,공연완료
PF285100,"클래식 오아시스, 인터미션: #Spring [대구]",2026.03.03,2026.03.03,대구콘서트하우스,서양음악(클래식),http://www.kopis.or.kr/upload/pfmPoster/PF_PF285100_260212_141411.gif,공연완료
PF285099,피아니스트 이수민 김인선 듀오 리사이틀,2026.03.02,2026.03.02,금호아트홀 연세,서양음악(클래식),http://www.kopis.or.kr/upload/pfmPoster/PF_PF285099_260212_141410.gif,공연완료
PF285095,클라라 주미 강 & 김선욱 듀오 리사이틀 [부산],2026.05.29,2026.05.29,부산콘서트홀,서양음악(클래식),http://www.kopis.or.kr/upload/pfmPoster/PF_PF285095_260212_140740.jpg,공연예정
PF285093,"예술의전당 교향악축제, 울산시립교향악단 (04.23)",2026.04.23,2026.04.23,예술의전당 [서울],서양음악(클래식),http://www.kopis.or.kr/upload/pfmPoster/PF_PF285093_260212_135937.gif,공연예정
PF285092,"예술의전당 교향악축제, 부천필하모닉오케스트라 (04.05)",2026.04.05,2026.04.05,예술의전당 [서울],서양음악(클래식),http://www.kopis.or.kr/upload/pfmPoster/PF_PF285092_260220_154050.jpg,공연예정
PF285090,"예술의전당 교향악축제, 수원시립교향악단 (04.02)",2026.04.02,2026.04.02,예술의전당 [서울],서양음악(클래식),http://www.kopis.or.kr/upload/pfmPoster/PF_PF285090_260213_174052.png,공연예정
PF285088,"예술의전당 교향악축제, 대구시립교향악단 (04.10)",2026.04.10,2026.04.10,예술의전당 [서울],서양음악(클래식),http://www.kopis.or.kr/upload/pfmPoster/PF_PF285088_260310_165812.jpg,공연예정
PF285087,"예술의전당 교향악축제, 춘천시립교향악단 (04.19)",2026.04.19,2026.04.19,예술의전당 [서울],서양음악(클래식),http://www.kopis.or.kr/upload/pfmPoster/PF_PF285087_260212_134628.gif,공연예정
PF285085,제27회 프리모 깐딴떼 정기연주회,2026.03.09,2026.03.09,롯데콘서트홀,서양음악(클래식),http://www.kopis.or.kr/upload/pfmPoster/PF_PF285085_260212_134508.gif,공연완료
PF285084,"예술의전당 교향악축제, 포항시립교향악단 (04.08)",2026.04.08,2026.04.08,예술의전당 [서울],서양음악(클래식),http://www.kopis.or.kr/upload/pfmPoster/PF_PF285084_260310_165533.jpg,공연예정
PF285083,"예술의전당 교향악축제, 공주시충남교향악단 (04.21)",2026.04.21,2026.04.21,예술의전당 [서울],서양음악(클래식),http://www.kopis.or.kr/upload/pfmPoster/PF_PF285083_260212_134437.gif,공연예정
PF285082,"예술의전당 교향악축제, 경기필하모닉오케스트라 (04.18)",2026.04.18,2026.04.18,예술의전당 [서울],서양음악(클래식),http://www.kopis.or.kr/upload/pfmPoster/PF_PF285082_260212_134234.gif,공연예정
PF285080,"예술의전당 교향악축제, 광주시립교향악단 (04.12)",2026.04.12,2026.04.12,예술의전당 [서울],서양음악(클래식),http://www.kopis.or.kr/upload/pfmPoster/PF_PF285080_260213_175320.jpg,공연예정
PF285078,"예술의전당 교향악축제, KBS교향악단 (04.22)",2026.04.22,2026.04.22,예술의전당 [서울],서양음악(클래식),http://www.kopis.or.kr/upload/pfmPoster/PF_PF285078_260213_175541.jpg,공연예정
PF285076,"마티네 콘서트 Ⅱ. 김영하 작가의 여행의 이유, 그리고 음악",2026.05.06,2026.05.06,강동아트센터,서양음악(클래식),http://www.kopis.or.kr/upload/pfmPoster/PF_PF285076_260212_132927.jpg,공연예정
PF285071,"마티네 콘서트Ⅰ: 김영하 작가의 여행의 이유, 그리고 음악",2026.04.01,2026.04.01,강동아트센터,서양음악(클래식),http://www.kopis.or.kr/upload/pfmPoster/PF_PF285071_260312_143422.gif,공연예정
PF285068,국립오페라단 정기공연: 베르테르,2026.04.23,2026.04.26,예술의전당 [서울],서양음악(클래식),http://www.kopis.or.kr/upload/pfmPoster/PF_PF285068_260212_131501.gif,공연예정
PF285062,"사랑의 하모니, With my Family!: Leaders [광주]",2026.02.24,2026.02.24,빛고을시민문화관,서양음악(클래식),http://www.kopis.or.kr/upload/pfmPoster/PF_PF285062_260212_130837.gif,공연완료
PF285061,"교향극 어린이 음악동화, 음악나라: 오케스트라 [대전]",2026.04.12,2026.04.12,대전시립연정국악원,서양음악(클래식),http://www.kopis.or.kr/upload/pfmPoster/PF_PF285061_260212_130209.gif,공연예정
PF285057,양인모 & 잘츠부르크 모차르테움 오케스트라 [부산],2026.03.14,2026.03.14,부산콘서트홀,서양음악(클래식),http://www.kopis.or.kr/upload/pfmPoster/PF_PF285057_260212_125643.png,공연완료
PF285055,김준차 피아노 독주회,2026.02.28,2026.02.28,예술의전당 [서울],서양음악(클래식),http://www.kopis.or.kr/upload/pfmPoster/PF_PF285055_260212_125111.gif,공연완료
PF285054,"피아졸라, 바흐를 만나다",2026.04.12,2026.04.12,예술의전당 [서울],서양음악(클래식),http://www.kopis.or.kr/upload/pfmPoster/PF_PF285054_260212_125111.gif,공연예정
PF285049,"예술의전당 교향악축제, 부산시립교향악단 (04.03)",2026.04.03,2026.04.03,예술의전당 [서울],서양음악(클래식),http://www.kopis.or.kr/upload/pfmPoster/PF_PF285049_260213_175028.jpg,공연예정
PF285045,"예술의전당 교향악축제, 인천시립교향악단 (04.04)",2026.04.04,2026.04.04,예술의전당 [서울],서양음악(클래식),http://www.kopis.or.kr/upload/pfmPoster/PF_PF285045_260213_174653.jpg,공연예정
PF285044,지브리와 사랑에 빠지다: 지브리 영화음악 콘서트 [사천],2026.06.13,2026.06.13,사천문화예술회관,서양음악(클래식),http://www.kopis.or.kr/upload/pfmPoster/PF_PF285044_260212_113511.jpg,공연예정
PF285043,제7회 코리아 로우 브라스 앙상블 정기연주회,2026.02.28,2026.02.28,예술의전당 [서울],서양음악(클래식),http://www.kopis.or.kr/upload/pfmPoster/PF_PF285043_260212_113511.gif,공연완료
PF285042,"예술의전당 교향악축제, 서울시립교향악단 (04.09)",2026.04.09,2026.04.09,예술의전당 [서울],서양음악(클래식),http://www.kopis.or.kr/upload/pfmPoster/PF_PF285042_260213_174344.jpg,공연예정
PF285041,"과천시립여성합창단 콰이어시리즈 1, 다시 찾아온 봄 [과천]",2026.03.12,2026.03.12,과천시민회관,서양음악(클래식),http://www.kopis.or.kr/upload/pfmPoster/PF_PF285041_260212_113338.gif,공연완료
PF285040,"음그 작곡가 양성 프로젝트, 존재: 나는 작곡가입니다",2026.02.21,2026.02.21,클래시카 서울,서양음악(클래식),http://www.kopis.or.kr/upload/pfmPoster/PF_PF285040_260212_113057.png,공연완료
PF285038,"예술의전당 교향악축제, 베르비에 페스티벌 체임버 오케스트라 (04.07)",2026.04.07,2026.04.07,예술의전당 [서울],서양음악(클래식),http://www.kopis.or.kr/upload/pfmPoster/PF_PF285038_260212_112848.gif,공연예정
PF285037,제22회 고촌아트홀 관현악학교 정기연주회,2026.02.21,2026.02.21,고양아람누리,서양음악(클래식),http://www.kopis.or.kr/upload/pfmPoster/PF_PF285037_260212_112848.jpeg,공연완료
PF285035,"예술의전당 교향악축제, 대전시립교향악단 (04.11)",2026.04.11,2026.04.11,예술의전당 [서울],서양음악(클래식),http://www.kopis.or.kr/upload/pfmPoster/PF_PF285035_260213_175837.jpg,공연예정
PF285028,제12회 뉴하얀뮤직 아카데미 정기연주회,2026.02.27,2026.02.28,보노마루,서양음악(클래식),http://www.kopis.or.kr/upload/pfmPoster/PF_PF285028_260212_111240.jpg,공연완료
PF285025,바이올리니스트 오주영 토크 콘서트,2026.03.05,2026.03.05,백암아트홀,서양음악(클래식),http://www.kopis.or.kr/upload/pfmPoster/PF_PF285025_260212_110617.gif,공연완료
PF285024,"왕초보를 위한 천원의 오페라, 오페라 갈라 콘서트: 봄 (Spring)",2026.03.19,2026.03.19,부산콘서트홀,서양음악(클래식),http://www.kopis.or.kr/upload/pfmPoster/PF_PF285024_260212_110343.png,공연완료
PF285023,테디의 비트: 클래식 vs EDM,2026.03.07,2026.03.08,소월아트홀 (성동문화회관),서양음악(클래식),http://www.kopis.or.kr/upload/pfmPoster/PF_PF285023_260212_110232.jpg,공연완료
PF285022,스타인웨이 위너콘서트 인 코리아: 페루치오 부소니 국제 콩쿠르 우승자 리사이틀,2026.03.19,2026.03.19,강동아트센터,서양음악(클래식),http://www.kopis.or.kr/upload/pfmPoster/PF_PF285022_260212_105944.gif,공연완료
PF285020,작곡가 김효근의 K-아트팝 로맨틱 가곡 콘서트: 화이트 러브 [하남],2026.03.14,2026.03.14,하남문화예술회관,서양음악(클래식),http://www.kopis.or.kr/upload/pfmPoster/PF_PF285020_260212_105722.gif,공연완료
PF285017,"뮤지엄 콘서트 Dance & Waltz: 세계의 춤, 하나의 무대",2026.03.04,2026.03.04,국립중앙박물관 극장 용,서양음악(클래식),http://www.kopis.or.kr/upload/pfmPoster/PF_PF285017_260212_104746.png,공연완료
PF285014,문예진 & 최이란 피아노 듀오 리사이틀,2026.02.12,2026.02.12,예술의전당 [서울],서양음악(클래식),http://www.kopis.or.kr/upload/pfmPoster/PF_PF285014_260212_104125.gif,공연완료
PF285003,"목요상설음악회 아트살롱, 연모戀慕: 한국가곡으로 그리는 사랑의 여정 [부산]",2026.03.12,2026.03.12,동래문화회관,서양음악(클래식),http://www.kopis.or.kr/upload/pfmPoster/PF_PF285003_260212_102150.jpg,공연완료
PF284993,제203회 광주시립합창단 정기연주회: Friendly Concert,2026.03.12,2026.03.12,국립아시아문화전당,서양음악(클래식),http://www.kopis.or.kr/upload/pfmPoster/PF_PF284993_260212_100130.jpg,공연완료
PF284992,"Eco d’Arte, 오페라 갈라콘서트: Tragedy & Comedy",2026.02.20,2026.02.20,구로아트밸리,서양음악(클래식),http://www.kopis.or.kr/upload/pfmPoster/PF_PF284992_260212_100130.gif,공연완료
PF284985,브런치콘서트 (상반기) [용인],2026.03.21,2026.05.16,용인시평생학습관 (여성회관),서양음악(클래식),http://www.kopis.or.kr/upload/pfmPoster/PF_PF284985_260211_160022.gif,공연중
PF284974,김예지 바이올린 독주회,2026.02.22,2026.02.22,금호아트홀 연세,서양음악(클래식),http://www.kopis.or.kr/upload/pfmPoster/PF_PF284974_260211_151059.gif,공연완료
PF284972,지브리 하우스 콘서트: 노을이 지는 저녁에 [대구],2026.03.31,2026.06.30,어연히하우스,서양음악(클래식),http://www.kopis.or.kr/upload/pfmPoster/PF_PF284972_260211_150157.jpg,공연예정
PF284971,"선데이콘서트, 해설이 있는 렉처콘서트 [인천]",2026.03.29,2026.03.29,엘림아트센터,서양음악(클래식),http://www.kopis.or.kr/upload/pfmPoster/PF_PF284971_260319_175409.gif,공연예정
PF284965,인태영 바순 독주회,2026.03.27,2026.03.27,예술의전당 [서울],서양음악(클래식),http://www.kopis.or.kr/upload/pfmPoster/PF_PF284965_260211_144342.gif,공연완료
PF284962,"해설이 있는 11시 콘서트, 바리톤 김동섭, 테너 강동명, 메조소프라노 장은 (3월)",2026.03.25,2026.03.25,천안예술의전당,서양음악(클래식),http://www.kopis.or.kr/upload/pfmPoster/PF_PF284962_260211_143509.gif,공연완료
PF284961,이디오마 델라 무지카 정기연주회: Telemann Fantasia,2026.04.11,2026.04.11,예술의전당 [서울],서양음악(클래식),http://www.kopis.or.kr/upload/pfmPoster/PF_PF284961_260211_143343.gif,공연예정
PF284959,지브리와 사랑에 빠지다: 지브리 영화음악 콘서트 스페셜 [용인],2026.05.02,2026.05.02,용인시문화예술회관,서양음악(클래식),http://www.kopis.or.kr/upload/pfmPoster/PF_PF284959_260211_142820.jpg,공연예정
PF284958,제24회 테헤란밸리 심포니 오케스트라 정기연주회 [성남],2026.03.07,2026.03.07,성남아트센터,서양음악(클래식),http://www.kopis.or.kr/upload/pfmPoster/PF_PF284958_260211_142306.jpg,공연완료
PF284955,브리즈앙상블과 엘로퀸텟의 모차르트 시리즈 [부천],2026.03.22,2026.03.22,부천아트센터,서양음악(클래식),http://www.kopis.or.kr/upload/pfmPoster/PF_PF284955_260211_141357.png,공연완료
PF284954,제10회 Young V.I.P 타악앙상블 정기연주회,2026.02.13,2026.02.13,(재) 영화의전당,서양음악(클래식),http://www.kopis.or.kr/upload/pfmPoster/PF_PF284954_260211_141149.png,공연완료
PF284948,베토벤 교향곡 x 두 대의 피아노 #1,2026.04.04,2026.04.04,예술의전당 [서울],서양음악(클래식),http://www.kopis.or.kr/upload/pfmPoster/PF_PF284948_260211_135548.gif,공연예정
PF284945,"제523회 대구시립교향악단 정기연주회: 생상스, 프랑스 낭만의 빛",2026.03.20,2026.03.20,대구콘서트하우스,서양음악(클래식),http://www.kopis.or.kr/upload/pfmPoster/PF_PF284945_260211_135106.gif,공연완료
PF284944,KT와 함께하는 예술의전당 마음을 담은 클래식 (2월),2026.02.27,2026.02.27,예술의전당 [서울],서양음악(클래식),http://www.kopis.or.kr/upload/pfmPoster/PF_PF284944_260211_134743.gif,공연완료
PF284940,제1회 앙상블 소울 정기연주회 [대구],2026.02.21,2026.02.21,공간울림연주홀,서양음악(클래식),http://www.kopis.or.kr/upload/pfmPoster/PF_PF284940_260211_133945.jpg,공연완료
PF284936,"해설이 있는 11시 콘서트, 색소포니스트 브랜든 최 (4월)",2026.04.29,2026.04.29,천안예술의전당,서양음악(클래식),http://www.kopis.or.kr/upload/pfmPoster/PF_PF284936_260211_133137.gif,공연예정
PF284933,"해설이 있는 11시 콘서트, 피아니스트 김도현 (5월)",2026.05.27,2026.05.27,천안예술의전당,서양음악(클래식),http://www.kopis.or.kr/upload/pfmPoster/PF_PF284933_260211_132701.gif,공연예정
PF284932,바리톤 한경석 독창회,2026.03.19,2026.03.19,세종문화회관,서양음악(클래식),http://www.kopis.or.kr/upload/pfmPoster/PF_PF284932_260211_132700.png,공연완료
PF284930,라브리 콰르텟 정기연주회,2026.03.07,2026.03.07,세종문화회관,서양음악(클래식),http://www.kopis.or.kr/upload/pfmPoster/PF_PF284930_260211_132149.png,공연완료
PF284928,제83회 고양시립합창단 정기연주회: 봄소풍,2026.03.12,2026.03.12,고양아람누리,서양음악(클래식),http://www.kopis.or.kr/upload/pfmPoster/PF_PF284928_260211_131649.png,공연완료
PF284927,제3회 더 숲 오케스트라 정기연주회 [대구],2026.02.28,2026.02.28,달서아트센터 (구. 웃는얼굴아트센터),서양음악(클래식),http://www.kopis.or.kr/upload/pfmPoster/PF_PF284927_260211_131649.jpg,공연완료
PF284925,지브리와 사랑에 빠지다: 지브리 영화음악 콘서트 [익산],2026.06.07,2026.06.07,솜리문화예술회관,서양음악(클래식),http://www.kopis.or.kr/upload/pfmPoster/PF_PF284925_260211_131230.gif,공연예정
PF284922,Heritage Series; The Masters 첼리스트 양성원,2026.03.10,2026.03.10,신영체임버홀,서양음악(클래식),http://www.kopis.or.kr/upload/pfmPoster/PF_PF284922_260211_130459.gif,공연완료
PF284921,제86회 부산네오필하모닉오케스트라 정기연주회 [부산],2026.03.21,2026.03.21,부산콘서트홀,서양음악(클래식),http://www.kopis.or.kr/upload/pfmPoster/PF_PF284921_260211_125925.gif,공연완료
PF284920,우상임 아코디언 에세이: 붉은 풍금소리,2026.02.12,2026.08.13,애월뮤직팩토리,서양음악(클래식),http://www.kopis.or.kr/upload/pfmPoster/PF_PF284920_260211_125924.png,공연중
PF284916,김재영 바이올린 리사이틀,2026.05.08,2026.05.08,예술의전당 [서울],서양음악(클래식),http://www.kopis.or.kr/upload/pfmPoster/PF_PF284916_260211_124507.gif,공연예정
PF284907,제5회 리수스 콰르텟 정기연주회: 멘델스존 시리즈 Ⅰ,2026.04.16,2026.04.16,예술의전당 [서울],서양음악(클래식),http://www.kopis.or.kr/upload/pfmPoster/PF_PF284907_260211_112231.gif,공연예정
PF284906,"제166회 군산시립교향악단 정기연주회, 프리뷰 콘서트: 교향악 축제 [군산]",2026.04.09,2026.04.09,군산예술의전당,서양음악(클래식),http://www.kopis.or.kr/upload/pfmPoster/PF_PF284906_260211_111827.jpg,공연예정
PF284902,"DSAC 시즌 콘서트, 신춘음악회: 이 무지치 베네치아니 [대구]",2026.03.10,2026.03.10,달서아트센터 (구. 웃는얼굴아트센터),서양음악(클래식),http://www.kopis.or.kr/upload/pfmPoster/PF_PF284902_260211_110831.jpg,공연완료
PF284899,"과천시립소년소녀합창단 하모니시리즈1, 교과서 콘서트 [과천]",2026.03.21,2026.03.21,과천시민회관,서양음악(클래식),http://www.kopis.or.kr/upload/pfmPoster/PF_PF284899_260223_174330.gif,공연완료
PF284898,광주시문화재단 신춘음악회: 이 무지치 베네치아니 내한공연 [경기 광주],2026.03.12,2026.03.12,광주시문화예술의전당 (구. 남한산성아트홀),서양음악(클래식),http://www.kopis.or.kr/upload/pfmPoster/PF_PF284898_260211_105822.gif,공연완료
PF284891,"월간연주자, 피아니스트 박정로 (4월)",2026.04.04,2026.04.04,갤러리 디 아르테 청담,서양음악(클래식),http://www.kopis.or.kr/upload/pfmPoster/PF_PF284891_260211_103957.gif,공연예정
PF284890,"당진Arte 11, 이금희의 더불어 살며 헤아리며 Ⅰ. 탄생 340주년 바흐와 헨델의 서로 다른 인생 (3월)",2026.03.18,2026.03.18,당진문예의전당,서양음악(클래식),http://www.kopis.or.kr/upload/pfmPoster/PF_PF284890_260219_153926.gif,공연완료
PF284889,새봄 음악회 [당진],2026.03.07,2026.03.07,당진문예의전당,서양음악(클래식),http://www.kopis.or.kr/upload/pfmPoster/PF_PF284889_260211_103234.jpg,공연완료
PF284881,스타인웨이 위너콘서트 인 코리아: 이판 우 리사이틀 [인천],2026.03.14,2026.03.14,남동소래아트홀,서양음악(클래식),http://www.kopis.or.kr/upload/pfmPoster/PF_PF284881_260305_160543.gif,공연완료
PF284880,움라우트 뮤직 키즈 클래식 [창원] (13시),2026.02.28,2026.12.19,몰입공유연습실,서양음악(클래식),http://www.kopis.or.kr/upload/pfmPoster/PF_PF284880_260211_100356.png,공연중
PF284877,제9회 서울만돌린체임버 정기연주회 [성남],2026.03.22,2026.03.22,성남아트센터,서양음악(클래식),http://www.kopis.or.kr/upload/pfmPoster/PF_PF284877_260211_095825.png,공연완료
PF284876,피아니스트 정성희: 베토벤 피아노 소나타 전곡 시리즈 Ⅰ,2026.03.18,2026.03.18,세종문화회관,서양음악(클래식),http://www.kopis.or.kr/upload/pfmPoster/PF_PF284876_260210_145241.png,공연완료
PF284875,강금화 피아노 독주회,2026.03.02,2026.03.02,세종문화회관,서양음악(클래식),http://www.kopis.or.kr/upload/pfmPoster/PF_PF284875_260210_143337.png,공연완료
PF284873,이지은 피아노 독주회,2026.02.13,2026.02.13,꿈의숲아트센터,서양음악(클래식),http://www.kopis.or.kr/upload/pfmPoster/PF_PF284873_260210_141049.png,공연완료
PF284871,윤해원 첼로 독주회,2026.03.20,2026.03.20,세종문화회관,서양음악(클래식),http://www.kopis.or.kr/upload/pfmPoster/PF_PF284871_260210_135546.gif,공연완료
PF284870,유완재 귀국 비올라 독주회,2026.02.25,2026.02.25,금호아트홀 연세,서양음악(클래식),http://www.kopis.or.kr/upload/pfmPoster/PF_PF284870_260210_134937.gif,공연완료
PF284867,바이올리니스트 오주영 토크 콘서트 [부산],2026.03.03,2026.03.03,F1963,서양음악(클래식),http://www.kopis.or.kr/upload/pfmPoster/PF_PF284867_260210_132126.gif,공연완료
PF284864,All Mozart,2026.03.10,2026.03.10,신세계남산,서양음악(클래식),http://www.kopis.or.kr/upload/pfmPoster/PF_PF284864_260210_130319.png,공연완료
PF284863,"서초문화재단 & 서초교향악단 공동기획, 모차르트 피아노 협주곡 전곡 시리즈 3",2026.02.26,2026.02.26,반포심산아트홀,서양음악(클래식),http://www.kopis.or.kr/upload/pfmPoster/PF_PF284863_260210_130038.gif,공연완료
PF284862,제42회 작은별 아카데미 정기연주회: 작은 음악가들의 비발디 여행,2026.02.28,2026.02.28,KBS [본관],서양음악(클래식),http://www.kopis.or.kr/upload/pfmPoster/PF_PF284862_260210_125718.gif,공연완료
PF284855,바이올리니스트 성경주의 베토벤 바이올린 소나타 전곡 연주 Ⅱ,2026.03.06,2026.03.06,금호아트홀 연세,서양음악(클래식),http://www.kopis.or.kr/upload/pfmPoster/PF_PF284855_260210_120436.gif,공연완료
PF284853,바이올리니스트 김혜란의 바이올린 이모션 9 (Violin Emotion Ⅸ),2026.03.25,2026.03.25,금호아트홀 연세,서양음악(클래식),http://www.kopis.or.kr/upload/pfmPoster/PF_PF284853_260210_115919.gif,공연완료
PF284852,제103회 명품콘서트: 가수 황가람과 함께하는 신춘 음악회 [부산],2026.03.17,2026.03.17,을숙도문화회관,서양음악(클래식),http://www.kopis.or.kr/upload/pfmPoster/PF_PF284852_260210_114948.jpg,공연완료
PF284849,제5회 SA 청소년오케스트라 정기연주회 [성남],2026.03.22,2026.03.22,성남아트센터,서양음악(클래식),http://www.kopis.or.kr/upload/pfmPoster/PF_PF284849_260210_113305.png,공연완료
PF284848,"대전시립교향악단 마스터즈 시리즈 3, 바그너 교향곡 다장조",2026.03.20,2026.03.20,대전예술의전당,서양음악(클래식),http://www.kopis.or.kr/upload/pfmPoster/PF_PF284848_260210_113305.gif,공연완료
PF284847,"멜론 심포니 오케스트라 (MelON) , 지브리 & 뮤지컬 갈라 오케스트라 콘서트 [고양]",2026.04.19,2026.04.19,고양아람누리,서양음악(클래식),http://www.kopis.or.kr/upload/pfmPoster/PF_PF284847_260210_112733.gif,공연예정
PF284845,"대전시립교향악단 마스터즈 시리즈 7, 말러 교향곡 제2번 부활 [대전]",2026.09.18,2026.09.18,대전예술의전당,서양음악(클래식),http://www.kopis.or.kr/upload/pfmPoster/PF_PF284845_260210_112234.jpg,공연예정
PF284844,소리엘음악학원 정기연주회,2026.02.10,2026.02.10,고양어울림누리,서양음악(클래식),http://www.kopis.or.kr/upload/pfmPoster/PF_PF284844_260210_112234.png,공연완료
PF284842,"대전시립교향악단 마스터즈 시리즈 9, 라흐마니노프 교향곡 제2번 [대전]",2026.11.06,2026.11.06,대전예술의전당,서양음악(클래식),http://www.kopis.or.kr/upload/pfmPoster/PF_PF284842_260210_111930.jpg,공연예정
PF284841,"멜론 심포니 오케스트라 (MelON) , 지브리 & 뮤지컬 갈라 오케스트라 콘서트 [부산]",2026.04.04,2026.04.04,부산시민회관,서양음악(클래식),http://www.kopis.or.kr/upload/pfmPoster/PF_PF284841_260210_111506.gif,공연예정
PF284831,"대전시립교향악단 마스터즈 시리즈 5, 슈만 교향곡 제2번 [대전]",2026.05.14,2026.05.14,대전예술의전당,서양음악(클래식),http://www.kopis.or.kr/upload/pfmPoster/PF_PF284831_260210_105617.png,공연예정
PF284828,"대전시립교향악단 마스터즈 시리즈 8, 쇼스타코비치 교향곡 제7번: 레닌그라드 [대전]",2026.10.16,2026.10.16,대전예술의전당,서양음악(클래식),http://www.kopis.or.kr/upload/pfmPoster/PF_PF284828_260210_105044.png,공연예정
PF284826,"대전시립교향악단 마스터즈 시리즈 4, 홀스트 행성",2026.04.09,2026.04.09,대전예술의전당,서양음악(클래식),http://www.kopis.or.kr/upload/pfmPoster/PF_PF284826_260210_104420.gif,공연예정
PF284823,백건우 피아노 리사이틀: 백건우 & 슈베르트 [춘천],2026.04.10,2026.04.10,춘천문화예술회관,서양음악(클래식),http://www.kopis.or.kr/upload/pfmPoster/PF_PF284823_260210_103834.jpg,공연예정
PF284818,"대전시립교향악단 마스터즈 시리즈 10, 송년음악회: 베토벤 교향곡 제9번 합창 [대전]",2026.12.22,2026.12.23,대전예술의전당,서양음악(클래식),http://www.kopis.or.kr/upload/pfmPoster/PF_PF284818_260210_102619.jpg,공연예정
PF284816,"군민과 함께, 희망영덕 신춘음악회 [영덕]",2026.03.05,2026.03.05,예주문화예술회관,서양음악(클래식),http://www.kopis.or.kr/upload/pfmPoster/PF_PF284816_260210_102349.jpg,공연완료
PF284813,소프라노 윤예지 독창회,2026.03.13,2026.03.13,꿈의숲아트센터,서양음악(클래식),http://www.kopis.or.kr/upload/pfmPoster/PF_PF284813_260210_101551.jpg,공연완료
PF284811,지브리와 사랑에 빠지다: 지브리 영화음악 콘서트 [의정부],2026.05.30,2026.05.30,의정부예술의전당,서양음악(클래식),http://www.kopis.or.kr/upload/pfmPoster/PF_PF284811_260210_100726.gif,공연예정
PF284810,"대전시립교향악단 마스터즈 시리즈6, 생상스 교향곡 제3번: 오르간 [대전]",2026.06.19,2026.06.19,대전예술의전당,서양음악(클래식),http://www.kopis.or.kr/upload/pfmPoster/PF_PF284810_260210_100712.png,공연예정
PF284809,"수성아트피아 시즌페스티벌, 봄 음악제: 대구KBS포시즌, 봄: 열린음악회",2026.03.04,2026.03.04,수성아트피아,서양음악(클래식),http://www.kopis.or.kr/upload/pfmPoster/PF_PF284809_260220_155128.png,공연완료
PF284808,지브리 & 디즈니 OST 콘서트 with 첼로댁 [천안],2026.05.31,2026.05.31,천안예술의전당,서양음악(클래식),http://www.kopis.or.kr/upload/pfmPoster/PF_PF284808_260210_100326.gif,공연예정
PF284801,제45회 한국대학생클래식기타연합회 정기연주회,2026.02.14,2026.02.14,꿈의숲아트센터,서양음악(클래식),http://www.kopis.or.kr/upload/pfmPoster/PF_PF284801_260209_162656.png,공연완료
PF284788,히사이시 조 영화음악 콘서트 [서울],2026.06.14,2026.06.14,예술의전당 [서울],서양음악(클래식),http://www.kopis.or.kr/upload/pfmPoster/PF_PF284788_260209_150015.gif,공연예정
PF284787,제66회 서울대학교 아마추어 오케스트라 SNUPO 정기연주회,2026.02.27,2026.02.27,성남아트센터,서양음악(클래식),http://www.kopis.or.kr/upload/pfmPoster/PF_PF284787_260209_150014.jpg,공연완료
PF284782,제2회 엠클래식유스오케스트라 정기연주회: 앉아서 세계속으로,2026.02.10,2026.02.10,성남아트센터,서양음악(클래식),http://www.kopis.or.kr/upload/pfmPoster/PF_PF284782_260209_145156.jpg,공연완료
PF284778,"제25회 자이언OB남성합창단 정기연주회: 취임 20주년 기념 듀오콘서트, 그대와 영원히",2026.03.14,2026.03.14,성남아트센터,서양음악(클래식),http://www.kopis.or.kr/upload/pfmPoster/PF_PF284778_260209_144605.jpg,공연완료
PF284776,"톡!톡!톡! 실내악 페스티벌, 트리오 헤르만",2026.03.12,2026.03.12,해운대문화회관,서양음악(클래식),http://www.kopis.or.kr/upload/pfmPoster/PF_PF284776_260209_143712.jpg,공연완료
PF284766,"ACC 브런치콘서트 플러스, 광주솔로이스츠와 피아니스트 조재혁의 토크콘서트 (2월)",2026.02.25,2026.02.25,국립아시아문화전당,서양음악(클래식),http://www.kopis.or.kr/upload/pfmPoster/PF_PF284766_260209_141311.jpg,공연완료
PF284765,"GS칼텍스 예울마루 실내악 페스티벌: 실내악, 그 이상의 세계 [여수]",2026.04.16,2026.04.19,GS칼텍스 예울마루,서양음악(클래식),http://www.kopis.or.kr/upload/pfmPoster/PF_PF284765_260209_141005.gif,공연예정
PF284760,히사이시 조 영화음악 콘서트 [전주],2026.05.10,2026.05.10,한국소리문화의전당,서양음악(클래식),http://www.kopis.or.kr/upload/pfmPoster/PF_PF284760_260209_140215.gif,공연예정
PF284757,장은정 바이올린 독주회,2026.03.15,2026.03.15,예술의전당 [서울],서양음악(클래식),http://www.kopis.or.kr/upload/pfmPoster/PF_PF284757_260209_135632.gif,공연완료
PF284754,임지연 클라리넷 독주회,2026.03.15,2026.03.15,금호아트홀 연세,서양음악(클래식),http://www.kopis.or.kr/upload/pfmPoster/PF_PF284754_260209_135126.gif,공연완료
PF284752,이형민 피아노 독주회,2026.02.11,2026.02.11,꿈의숲아트센터,서양음악(클래식),http://www.kopis.or.kr/upload/pfmPoster/PF_PF284752_260209_134638.png,공연완료
PF284751,제네바 챔버 앙상블 [인천],2026.04.04,2026.04.04,아트센터 인천,서양음악(클래식),http://www.kopis.or.kr/upload/pfmPoster/PF_PF284751_260209_134638.gif,공연예정
PF284750,제76회 이탈리아 성악회 정기연주회,2026.03.12,2026.03.12,롯데콘서트홀,서양음악(클래식),http://www.kopis.or.kr/upload/pfmPoster/PF_PF284750_260209_134215.jpg,공연완료
PF284746,음악이 들려주는 이야기 클래식 톡톡 [고양],2026.02.11,2026.02.11,고양아람누리,서양음악(클래식),http://www.kopis.or.kr/upload/pfmPoster/PF_PF284746_260209_133543.jpg,공연완료
PF284742,애니메이션 OST 콘서트 with 오케스트라,2026.03.14,2026.03.14,연세대학교 백주년기념관,서양음악(클래식),http://www.kopis.or.kr/upload/pfmPoster/PF_PF284742_260209_132952.gif,공연완료
PF284740,스페니쉬 브라스: 러 메탈스 [인천],2026.03.22,2026.03.22,아트센터 인천,서양음악(클래식),http://www.kopis.or.kr/upload/pfmPoster/PF_PF284740_260209_132444.gif,공연완료
PF284737,"톡!톡!톡! 실내악 페스티벌, 골든브라스 [부산]",2026.03.13,2026.03.13,해운대문화회관,서양음악(클래식),http://www.kopis.or.kr/upload/pfmPoster/PF_PF284737_260209_131838.jpg,공연완료
PF284736,길병민 리사이틀,2026.02.22,2026.02.22,푸르지오아트홀,서양음악(클래식),http://www.kopis.or.kr/upload/pfmPoster/PF_PF284736_260209_131635.gif,공연완료
PF284733,"클래식시리즈 Ⅱ, 타임리스 클래식 (Timeless Classic) [함안]",2026.02.27,2026.02.27,함안문화예술회관,서양음악(클래식),http://www.kopis.or.kr/upload/pfmPoster/PF_PF284733_260209_131236.jpg,공연완료
PF284732,톡!톡!톡! 실내악 페스티벌: First Stage,2026.03.11,2026.03.11,해운대문화회관,서양음악(클래식),http://www.kopis.or.kr/upload/pfmPoster/PF_PF284732_260209_131235.jpg,공연완료
PF284731,이재리 첼로 리사이틀,2026.03.22,2026.03.22,거암아트홀,서양음악(클래식),http://www.kopis.or.kr/upload/pfmPoster/PF_PF284731_260209_130955.gif,공연완료
PF284730,제7회 본 솔로이스츠 정기연주회: 빛과 그림자가 지나가는 자리,2026.03.29,2026.03.29,예술의전당 [서울],서양음악(클래식),http://www.kopis.or.kr/upload/pfmPoster/PF_PF284730_260209_130955.gif,공연예정
PF284724,연세 트롬본 콰이어 창단연주회,2026.02.13,2026.02.13,예술의전당 [서울],서양음악(클래식),http://www.kopis.or.kr/upload/pfmPoster/PF_PF284724_260209_130017.gif,공연완료
PF284723,Ventus Brass 앨범 발매 기념 콘서트: Venti Prima (첫 번째 바람들),2026.03.01,2026.03.01,예술의전당 [서울],서양음악(클래식),http://www.kopis.or.kr/upload/pfmPoster/PF_PF284723_260209_130012.gif,공연완료
PF284716,로데아트센터 기획공연 시리즈 Ⅴ. Piano 류선우 & Violin 허서영 Joint Recital,2026.02.26,2026.02.26,로데아트센터,서양음악(클래식),http://www.kopis.or.kr/upload/pfmPoster/PF_PF284716_260209_124759.gif,공연완료
PF284709,"제181회 경상북도 도립교향악단 정기연주회, 도립교향악단 제7대 지휘차 취임연주회: 세대공감 스테이지, 제로미터",2026.02.26,2026.02.26,포항문화예술회관,서양음악(클래식),http://www.kopis.or.kr/upload/pfmPoster/PF_PF284709_260209_121917.png,공연완료
PF284707,"오페라와 떠나는 인문여행, 오페라 토스카",2026.03.24,2026.03.24,해운대문화회관,서양음악(클래식),http://www.kopis.or.kr/upload/pfmPoster/PF_PF284707_260209_115039.jpg,공연완료
PF284702,"쌀롱드무지끄, L'Echo del Settecento",2026.02.22,2026.02.22,쌀롱드무지끄,서양음악(클래식),http://www.kopis.or.kr/upload/pfmPoster/PF_PF284702_260209_112829.jpg,공연완료
PF284690,제35회 콘체르토 콘서트,2026.02.18,2026.02.18,롯데콘서트홀,서양음악(클래식),http://www.kopis.or.kr/upload/pfmPoster/PF_PF284690_260209_110451.jpeg,공연완료
PF284686,"어린이 클래식 콘서트: 내 곁에, 모차르트 [제주]",2026.02.28,2026.02.28,애월뮤직팩토리,서양음악(클래식),http://www.kopis.or.kr/upload/pfmPoster/PF_PF284686_260209_105539.jpg,공연완료
PF284684,소프라노 최예은 귀국 독창회,2026.03.10,2026.03.10,예술의전당 [서울],서양음악(클래식),http://www.kopis.or.kr/upload/pfmPoster/PF_PF284684_260209_105101.gif,공연완료
PF284682,대전아트콰이어 기획연주회 1. 시네마 보이스 [대전],2026.03.07,2026.03.07,대전예술의전당,서양음악(클래식),http://www.kopis.or.kr/upload/pfmPoster/PF_PF284682_260209_104300.gif,공연완료
PF284677,"콘체르토 안티코, 눈물 Lachrime",2026.03.13,2026.03.13,반포심산아트홀,서양음악(클래식),http://www.kopis.or.kr/upload/pfmPoster/PF_PF284677_260209_103149.jpg,공연완료
PF284664,카르페디엠 피아노 앙상블 정기 연주회,2026.03.03,2026.03.03,롯데콘서트홀,서양음악(클래식),http://www.kopis.or.kr/upload/pfmPoster/PF_PF284664_260220_152317.png,공연완료
PF284663,전지웅 피아노 독주회: 고전과 낭만을 노래하다 Ⅲ,2026.02.22,2026.02.22,꿈의숲아트센터,서양음악(클래식),http://www.kopis.or.kr/upload/pfmPoster/PF_PF284663_260206_150904.png,공연완료
PF284661,스타인웨이 위너콘서트 인 코리아: 이판 우 리사이틀 [용인],2026.03.15,2026.03.15,용인포은아트홀,서양음악(클래식),http://www.kopis.or.kr/upload/pfmPoster/PF_PF284661_260206_150107.gif,공연완료
PF284659,제8회 솔필하모닉 오케스트라 정기연주회,2026.03.13,2026.03.13,롯데콘서트홀,서양음악(클래식),http://www.kopis.or.kr/upload/pfmPoster/PF_PF284659_260206_145537.gif,공연완료
PF284657,"푸르지오아트홀 수요초대석 29, 앙상블 러본이 들려주는 Music, Inside Out",2026.02.11,2026.02.11,푸르지오아트홀,서양음악(클래식),http://www.kopis.or.kr/upload/pfmPoster/PF_PF284657_260206_144645.gif,공연완료
PF284651,나은아 바이올린 독주회: 베토벤 바이올린 소나타 전곡 시리즈 II,2026.03.20,2026.03.20,금호아트홀 연세,서양음악(클래식),http://www.kopis.or.kr/upload/pfmPoster/PF_PF284651_260206_142749.gif,공연완료
PF284650,오민정 오보에 독주회,2026.03.22,2026.03.22,금호아트홀 연세,서양음악(클래식),http://www.kopis.or.kr/upload/pfmPoster/PF_PF284650_260219_171353.gif,공연완료
PF284647,황규연 비올라 독주회,2026.02.22,2026.02.22,예술의전당 [서울],서양음악(클래식),http://www.kopis.or.kr/upload/pfmPoster/PF_PF284647_260206_140911.gif,공연완료
PF284645,황윤정 첼로 독주회,2026.03.13,2026.03.13,예술의전당 [서울],서양음악(클래식),http://www.kopis.or.kr/upload/pfmPoster/PF_PF284645_260206_140531.gif,공연완료
PF284639,박유신 & 한지호 듀오 리사이틀,2026.05.29,2026.05.29,예술의전당 [서울],서양음악(클래식),http://www.kopis.or.kr/upload/pfmPoster/PF_PF284639_260219_171258.gif,공연예정
PF284637,"어텀 실내악 페스티벌, for Humanity 자선음악회",2026.04.04,2026.04.04,예술의전당 [서울],서양음악(클래식),http://www.kopis.or.kr/upload/pfmPoster/PF_PF284637_260206_133350.gif,공연예정
PF284636,"선데이콘서트, 장은율 바이올린 독주회 [인천]",2026.03.15,2026.03.15,엘림아트센터,서양음악(클래식),http://www.kopis.or.kr/upload/pfmPoster/PF_PF284636_260206_132853.gif,공연완료
PF284634,"크레디아클래식클럽 봄 페스티벌, 서촌마치: 박종해의 슈베르트의 밤",2026.03.31,2026.03.31,크레디아 클래식 클럽,서양음악(클래식),http://www.kopis.or.kr/upload/pfmPoster/PF_PF284634_260206_132430.gif,공연예정
PF284630,"크레디아클래식클럽 봄 페스티벌, 서촌마치: 디토 오케스트라 앙상블",2026.03.13,2026.03.13,크레디아 클래식 클럽,서양음악(클래식),http://www.kopis.or.kr/upload/pfmPoster/PF_PF284630_260206_131916.gif,공연완료
PF284627,"대전시립교향악단 챔버 시리즈 1, 플루트와 실내악 [대전]",2026.03.06,2026.03.06,대전예술의전당,서양음악(클래식),http://www.kopis.or.kr/upload/pfmPoster/PF_PF284627_260206_131130.jpg,공연완료
PF284626,더벨과 함께하는 Musical & Symphony,2026.04.28,2026.04.28,세종문화회관,서양음악(클래식),http://www.kopis.or.kr/upload/pfmPoster/PF_PF284626_260206_131129.png,공연예정
PF284622,제629회 부산시립교향악단 정기연주회: 축제 [부산 강서],2026.04.01,2026.04.01,낙동아트센터,서양음악(클래식),http://www.kopis.or.kr/upload/pfmPoster/PF_PF284622_260206_125939.jpg,공연예정
PF284621,"해설이 있는 음악회, 서클스: 레오나르도 다빈치 (3월) [울산]",2026.03.10,2026.03.10,서울주문화센터,서양음악(클래식),http://www.kopis.or.kr/upload/pfmPoster/PF_PF284621_260206_125925.jpg,공연완료
PF284619,"부산시립소년소녀합창단 특별연주회, Friendly Concert (프렌들리 콘서트)",2026.03.07,2026.03.07,부산문화회관,서양음악(클래식),http://www.kopis.or.kr/upload/pfmPoster/PF_PF284619_260206_125816.png,공연완료
PF284615,"클래식시리즈, 산책 Ⅰ. 박규희 & 양방언 듀오 콘서트: 두 개의 빛 [인천]",2026.03.28,2026.03.28,인천동구문화체육센터,서양음악(클래식),http://www.kopis.or.kr/upload/pfmPoster/PF_PF284615_260220_152551.gif,공연중
PF284614,지브리와 사랑에 빠지다: 지브리 영화음악 콘서트 [부산 (앵콜) ],2026.06.14,2026.06.14,금정문화회관,서양음악(클래식),http://www.kopis.or.kr/upload/pfmPoster/PF_PF284614_260206_123104.gif,공연예정
PF284610,제12회 코랄하우스 100인 남성합창단 정기연주회 [부산],2026.02.21,2026.02.21,부산콘서트홀,서양음악(클래식),http://www.kopis.or.kr/upload/pfmPoster/PF_PF284610_260219_173458.png,공연완료
PF284607,제629회 부산시립교향악단 정기연주회 [부산],2026.03.26,2026.03.26,부산콘서트홀,서양음악(클래식),http://www.kopis.or.kr/upload/pfmPoster/PF_PF284607_260206_114916.jpg,공연완료
PF284606,"키즈 콘서트 Ⅰ, 클랩! 그림책 콘서트",2026.02.28,2026.02.28,강동아트센터,서양음악(클래식),http://www.kopis.or.kr/upload/pfmPoster/PF_PF284606_260224_163448.jpg,공연완료
PF284605,베토벤 & 라흐마니노프 [부천],2026.04.12,2026.04.12,부천아트센터,서양음악(클래식),http://www.kopis.or.kr/upload/pfmPoster/PF_PF284605_260206_113051.jpg,공연예정
PF284602,스타인웨이 위너 콘서트 인 코리아: 이판우 리사이틀,2026.03.10,2026.03.10,강북문화예술회관,서양음악(클래식),http://www.kopis.or.kr/upload/pfmPoster/PF_PF284602_260206_112339.gif,공연완료
PF284598,피아니스트 조지현의 쇼팽 시리즈 Ⅱ,2026.03.17,2026.03.17,예술의전당 [서울],서양음악(클래식),http://www.kopis.or.kr/upload/pfmPoster/PF_PF284598_260206_111339.gif,공연완료
PF284596,클래식 기타리스트 로렌조 미켈리 내한 공연,2026.03.14,2026.03.14,예술의전당 [서울],서양음악(클래식),http://www.kopis.or.kr/upload/pfmPoster/PF_PF284596_260206_110729.gif,공연완료
PF284595,제63회 천안시립교향악단 정기연주회: 차이콥스키,2026.03.13,2026.03.13,천안예술의전당,서양음악(클래식),http://www.kopis.or.kr/upload/pfmPoster/PF_PF284595_260206_110557.jpg,공연완료
PF284593,"마티네콘서트, 이응광의 음악공방 2nd, 피아니스트 성해린 & 피아니스트 이선호 [이천]",2026.03.25,2026.03.25,이천아트홀,서양음악(클래식),http://www.kopis.or.kr/upload/pfmPoster/PF_PF284593_260206_110021.gif,공연완료
PF284577,"월간연주자, 피아니스트 이주용 (3월)",2026.03.15,2026.03.15,갤러리 디 아르테 청담,서양음악(클래식),http://www.kopis.or.kr/upload/pfmPoster/PF_PF284577_260206_102515.gif,공연완료
PF284573,"크레디아클래식클럽 봄 페스티벌, 서촌마치: 르 쁘띠 앙상블 키즈 클래식",2026.03.15,2026.03.15,크레디아 클래식 클럽,서양음악(클래식),http://www.kopis.or.kr/upload/pfmPoster/PF_PF284573_260206_101201.gif,공연완료
PF284571,홍석원 & 카메라타 안티콰 서울의 모차르트,2026.03.14,2026.03.14,GS아트센터,서양음악(클래식),http://www.kopis.or.kr/upload/pfmPoster/PF_PF284571_260206_101154.gif,공연완료
PF284567,이 무지치 베네치아니 내한 공연 [용인],2026.03.11,2026.03.11,용인포은아트홀,서양음악(클래식),http://www.kopis.or.kr/upload/pfmPoster/PF_PF284567_260206_100359.gif,공연완료
PF284564,"아침을 여는 클래식, 소프라노 신주형 & 바리톤 최병혁 [대전] (3월)",2026.03.10,2026.03.10,대전예술의전당,서양음악(클래식),http://www.kopis.or.kr/upload/pfmPoster/PF_PF284564_260205_145938.png,공연완료
PF284559,"키즈 싱어롱 콘서트, 참 좋은말 [창원]",2026.04.11,2026.04.11,성산아트홀,서양음악(클래식),http://www.kopis.or.kr/upload/pfmPoster/PF_PF284559_260205_143830.png,공연예정
PF284558,"렉처 콘서트 Ⅰ, 클래식 음악 이야기 [공주]",2026.02.24,2026.02.24,공주문예회관,서양음악(클래식),http://www.kopis.or.kr/upload/pfmPoster/PF_PF284558_260205_143525.gif,공연완료
PF284555,플루티스트 최용재 & 로익 슈나이더 듀오콘서트,2026.02.26,2026.02.26,거암아트홀,서양음악(클래식),http://www.kopis.or.kr/upload/pfmPoster/PF_PF284555_260205_142538.gif,공연완료
PF284553,파개그니니 내한공연 [공주],2026.08.22,2026.08.22,공주문예회관,서양음악(클래식),http://www.kopis.or.kr/upload/pfmPoster/PF_PF284553_260205_142020.gif,공연예정
PF284549,"아침을 여는 클래식, 바이올리니스트 최송하 [대전] (6월)",2026.06.09,2026.06.09,대전예술의전당,서양음악(클래식),http://www.kopis.or.kr/upload/pfmPoster/PF_PF284549_260205_140833.gif,공연예정
PF284548,제18회 오페라대상 수상자 음악회,2026.03.03,2026.03.03,국립극장,서양음악(클래식),http://www.kopis.or.kr/upload/pfmPoster/PF_PF284548_260205_140312.jpg,공연완료
PF284546,"음악, 이야기를 만나다 [파주]",2026.02.27,2026.02.27,문산행복센터,서양음악(클래식),http://www.kopis.or.kr/upload/pfmPoster/PF_PF284546_260205_135541.jpg,공연완료
PF284543,유키 구라모토 콘서트 [공주],2026.06.12,2026.06.12,공주문예회관,서양음악(클래식),http://www.kopis.or.kr/upload/pfmPoster/PF_PF284543_260205_134153.gif,공연예정
PF284541,라 트라비아타 [공주],2026.06.05,2026.06.05,공주문예회관,서양음악(클래식),http://www.kopis.or.kr/upload/pfmPoster/PF_PF284541_260205_133626.gif,공연예정
PF284539,제8회 오케스트링크 오케스트라 정기연주회 [성남],2026.02.21,2026.02.21,성남아트센터,서양음악(클래식),http://www.kopis.or.kr/upload/pfmPoster/PF_PF284539_260205_133140.jpg,공연완료
PF284538,투니리즈 콘서트,2026.03.08,2026.03.08,롯데콘서트홀,서양음악(클래식),http://www.kopis.or.kr/upload/pfmPoster/PF_PF284538_260205_133139.gif,공연완료
PF284533,제네바 쳄버 앙상블 내한공연 [안동],2026.04.03,2026.04.03,안동문화예술의전당,서양음악(클래식),http://www.kopis.or.kr/upload/pfmPoster/PF_PF284533_260205_132433.jpg,공연예정
PF284529,"공주시충남교향악단과 함께하는 명곡시리즈 Ⅱ, 리처드 용재 오닐 & 라흐마니노프 [공주]",2026.05.29,2026.05.29,공주문예회관,서양음악(클래식),http://www.kopis.or.kr/upload/pfmPoster/PF_PF284529_260205_131750.gif,공연예정
PF284528,로렌조 미켈리 클래식 기타 리사이틀: 기타로 그리는 밤의 이야기 [부산],2026.03.11,2026.03.11,부산문화회관,서양음악(클래식),http://www.kopis.or.kr/upload/pfmPoster/PF_PF284528_260205_131348.gif,공연완료
PF284527,대니 구 데뷔 10주년 리사이틀 [공주],2026.06.27,2026.06.27,공주문예회관,서양음악(클래식),http://www.kopis.or.kr/upload/pfmPoster/PF_PF284527_260205_131348.gif,공연예정
PF284526,"공주시충남교향악단과 함께하는 명곡시리즈 Ⅰ, 백건우 & 브람스 [공주]",2026.03.27,2026.03.27,공주문예회관,서양음악(클래식),http://www.kopis.or.kr/upload/pfmPoster/PF_PF284526_260205_131131.gif,공연완료
PF284524,"안동문화예술의전당 브런치콘서트, 시대별 클래식 시리즈 - 바로크의 아침 Ⅱ. 비발디, 베네치아에서 세계로 (4월)",2026.04.08,2026.04.08,안동문화예술의전당,서양음악(클래식),http://www.kopis.or.kr/upload/pfmPoster/PF_PF284524_260205_130837.jpg,공연예정
PF284521,"공주문화회관 기획공연, 다니엘 린데만 x 천지윤: 조이 콘서트 [공주]",2026.05.02,2026.05.02,공주문예회관,서양음악(클래식),http://www.kopis.or.kr/upload/pfmPoster/PF_PF284521_260205_130239.gif,공연예정
PF284520,"아침을 여는 클래식, 기타리스트 박지형 [대전] (5월)",2026.05.12,2026.05.12,대전예술의전당,서양음악(클래식),http://www.kopis.or.kr/upload/pfmPoster/PF_PF284520_260205_125854.jpg,공연예정
PF284519,"브런치콘서트, 바로크의 아침 Ⅰ: 바흐와 헨델의 칸타타 [안동]",2026.03.11,2026.03.11,안동문화예술의전당,서양음악(클래식),http://www.kopis.or.kr/upload/pfmPoster/PF_PF284519_260205_125644.png,공연완료
PF284517,노원구민과 함께하는 신년음악회,2026.02.28,2026.02.28,노원문화예술회관,서양음악(클래식),http://www.kopis.or.kr/upload/pfmPoster/PF_PF284517_260205_124345.gif,공연완료
PF284516,"아침을 여는 클래식, 벤투스 브라스 퀸텟 [대전] (4월)",2026.04.14,2026.04.14,대전예술의전당,서양음악(클래식),http://www.kopis.or.kr/upload/pfmPoster/PF_PF284516_260205_124033.gif,공연예정
PF284505,"낭만주의 거장, 차이코프스키",2026.05.22,2026.05.22,롯데콘서트홀,서양음악(클래식),http://www.kopis.or.kr/upload/pfmPoster/PF_PF284505_260205_113253.gif,공연예정
PF284498,"앳모스피어 리트릿 시리즈, REWIRE: Tune Your Brain 뇌과학 음악 콘서트",2026.02.28,2026.02.28,앳모스피어 뮤직홀,서양음악(클래식),http://www.kopis.or.kr/upload/pfmPoster/PF_PF284498_260205_112010.jpg,공연완료
PF284494,제5회 당진시충남합창단 정기연주회: 멘델스존의 엘리야 [당진],2026.03.05,2026.03.05,당진문예의전당,서양음악(클래식),http://www.kopis.or.kr/upload/pfmPoster/PF_PF284494_260205_111046.jpg,공연완료
PF284493,"브런치콘서트, 고전주의의 우아함 Ⅰ: The Wood Wind [안동] (6월)",2026.06.10,2026.06.10,안동문화예술의전당,서양음악(클래식),http://www.kopis.or.kr/upload/pfmPoster/PF_PF284493_260205_110516.png,공연예정
PF284490,낭만합창단 첫 번째 정기연주회: 머나먼 길 [성남],2026.03.21,2026.03.21,성남아트센터,서양음악(클래식),http://www.kopis.or.kr/upload/pfmPoster/PF_PF284490_260205_110146.gif,공연완료
PF284489,제12회 빛의소리 나눔콘서트,2026.03.01,2026.03.01,성남아트센터,서양음악(클래식),http://www.kopis.or.kr/upload/pfmPoster/PF_PF284489_260205_105837.png,공연완료
PF284488,"마스터즈 시리즈 Ⅰ, W 필하모닉 오케스트라: Promenade",2026.03.30,2026.03.30,롯데콘서트홀,서양음악(클래식),http://www.kopis.or.kr/upload/pfmPoster/PF_PF284488_260205_105457.png,공연예정
PF284481,제90회 제주특별자치도립 서귀포관악단 정기연주회 [제주 서귀포],2026.02.26,2026.02.26,서귀포예술의전당,서양음악(클래식),http://www.kopis.or.kr/upload/pfmPoster/PF_PF284481_260205_104010.jpg,공연완료
PF284480,양인모 & 잘츠부르크 모차르테움 오케스트라 [수원],2026.03.15,2026.03.15,경기아트센터(구. 경기도문화의전당),서양음악(클래식),http://www.kopis.or.kr/upload/pfmPoster/PF_PF284480_260205_104009.gif,공연완료
PF284479,안동문화예술의전당 문화가 있는 날 콘서트: 봄 빛에 물든 선율 (3월),2026.03.25,2026.03.25,안동문화예술의전당,서양음악(클래식),http://www.kopis.or.kr/upload/pfmPoster/PF_PF284479_260205_103642.png,공연완료
PF284475,"따가다가 아트 컴퍼니, 원더랜드 [창원]",2026.05.30,2026.05.30,성산아트홀,서양음악(클래식),http://www.kopis.or.kr/upload/pfmPoster/PF_PF284475_260205_102748.png,공연예정
PF284471,"제92회 끌로드 살롱콘서트, 발렌타인콘서트 첼로 노래하다 Ⅵ: 박소현 박수홍",2026.02.15,2026.02.15,끌로드아트홀,서양음악(클래식),http://www.kopis.or.kr/upload/pfmPoster/PF_PF284471_260205_101539.jpg,공연완료
PF284467,강북구립청소년오케스트라 정기연주회,2026.02.07,2026.02.07,강북문화예술회관,서양음악(클래식),http://www.kopis.or.kr/upload/pfmPoster/PF_PF284467_260205_100903.png,공연완료
PF284463,"DF예술단, 세 여인의 낭만이야기 [성남]",2026.10.18,2026.10.18,성남아트리움 (구. 성남시민회관),서양음악(클래식),http://www.kopis.or.kr/upload/pfmPoster/PF_PF284463_260205_100217.gif,공연예정
PF284459,이루미의 음악도슨팅: 에릭사티의 골방,2026.02.21,2026.02.21,매일의 기쁨과 위로,서양음악(클래식),http://www.kopis.or.kr/upload/pfmPoster/PF_PF284459_260204_144928.jpg,공연완료
PF284457,소프라노 정아영 독창회,2026.03.10,2026.03.10,금호아트홀 연세,서양음악(클래식),http://www.kopis.or.kr/upload/pfmPoster/PF_PF284457_260204_143911.gif,공연완료
PF284456,소프라노 박소영 귀국 독창회,2026.03.15,2026.03.15,예술의전당 [서울],서양음악(클래식),http://www.kopis.or.kr/upload/pfmPoster/PF_PF284456_260204_143457.gif,공연완료
PF284455,소프라노 박동희 성가독창회,2026.03.05,2026.03.05,영산아트홀,서양음악(클래식),http://www.kopis.or.kr/upload/pfmPoster/PF_PF284455_260204_143111.gif,공연완료
PF284454,루미나 앙상블 정기연주회,2026.03.01,2026.03.01,예술의전당 [서울],서양음악(클래식),http://www.kopis.or.kr/upload/pfmPoster/PF_PF284454_260204_142348.gif,공연완료
PF284450,BAC 브런치: 피아니스트 박상욱과 함께하는 브런치콘서트 Ⅱ [부천],2026.04.22,2026.04.22,부천아트센터,서양음악(클래식),http://www.kopis.or.kr/upload/pfmPoster/PF_PF284450_260204_141101.gif,공연예정
PF284448,천안예술의전당 화이트데이 콘서트: 차이콥스키 피아노 트리오 [천안],2026.03.14,2026.03.14,천안예술의전당,서양음악(클래식),http://www.kopis.or.kr/upload/pfmPoster/PF_PF284448_260204_140441.gif,공연완료
PF284446,"샌드아트로 즐기는 문학이 잇는 클래식 제2막, 피터와 늑대 [울산]",2026.06.26,2026.06.26,울산문화예술회관,서양음악(클래식),http://www.kopis.or.kr/upload/pfmPoster/PF_PF284446_260204_135155.png,공연예정
PF284442,홍승아 첼로 독주회,2026.03.07,2026.03.07,예술의전당 [서울],서양음악(클래식),http://www.kopis.or.kr/upload/pfmPoster/PF_PF284442_260204_132923.gif,공연완료
PF284440,"샌드아트로 즐기는 문학이 잇는 클래식 제1막, 알퐁스 도데: 아를의 여인 [울산]",2026.03.27,2026.03.27,울산문화예술회관,서양음악(클래식),http://www.kopis.or.kr/upload/pfmPoster/PF_PF284440_260204_132339.jpg,공연완료
PF284436,베토벤 & 라흐마니노프 [부산],2026.04.26,2026.04.26,부산콘서트홀,서양음악(클래식),http://www.kopis.or.kr/upload/pfmPoster/PF_PF284436_260204_130707.gif,공연예정
PF284435,BAC 오르간: 카메론 카펜터 오르간 리사이틀,2026.04.05,2026.04.05,부천아트센터,서양음악(클래식),http://www.kopis.or.kr/upload/pfmPoster/PF_PF284435_260204_125922.gif,공연예정
PF284430,"제249회 울산시립교향악단 정기연주회: 낭만, 열정, 그리고 비창 Romance, Passion, and Pathétique",2026.03.13,2026.03.13,울산문화예술회관,서양음악(클래식),http://www.kopis.or.kr/upload/pfmPoster/PF_PF284430_260204_124230.jpg,공연완료
PF284429,"영등포아트홀 기획공연, 마티네콘서트 with 금난새#2. 엘가",2026.07.02,2026.07.02,영등포아트홀,서양음악(클래식),http://www.kopis.or.kr/upload/pfmPoster/PF_PF284429_260204_123454.gif,공연예정
PF284426,"Now or Never 시리즈 Ⅱ, Unsilenced: 윤은경 피아노 독주회",2026.02.24,2026.02.24,예술의전당 [서울],서양음악(클래식),http://www.kopis.or.kr/upload/pfmPoster/PF_PF284426_260204_114337.gif,공연완료
PF284421,리투아니아 체임버 오케스트라 with 첼리스트 홍진호 [천안],2026.03.28,2026.03.28,천안예술의전당,서양음악(클래식),http://www.kopis.or.kr/upload/pfmPoster/PF_PF284421_260204_112224.gif,공연중
PF284420,제7회 천진불 어린이 연합 합창제 [부산],2026.02.08,2026.02.08,(재) 영화의전당,서양음악(클래식),http://www.kopis.or.kr/upload/pfmPoster/PF_PF284420_260204_112223.jpg,공연완료
PF284416,"울산시립교향악단, 샌드아트로 즐기는 문학이 잇는 클래식 제4막: 눈보라",2026.11.27,2026.11.27,울산문화예술회관,서양음악(클래식),http://www.kopis.or.kr/upload/pfmPoster/PF_PF284416_260204_111014.jpg,공연예정
PF284413,제79회 부산시립청소년교향악단 정기연주회 [부산],2026.03.18,2026.03.18,부산문화회관,서양음악(클래식),http://www.kopis.or.kr/upload/pfmPoster/PF_PF284413_260204_110639.jpg,공연완료
PF284412,"영등포아트홀 기획공연, 마티네콘서트 with 금난새 #3. 베버",2026.10.15,2026.10.15,영등포아트홀,서양음악(클래식),http://www.kopis.or.kr/upload/pfmPoster/PF_PF284412_260204_110416.gif,공연예정
PF284408,"샌드아트로 즐기는 문학이 잇는 클래식 제3막, 템페스트 [울산]",2026.09.18,2026.09.18,울산문화예술회관,서양음악(클래식),http://www.kopis.or.kr/upload/pfmPoster/PF_PF284408_260204_105726.jpg,공연예정
PF284407,강지영 피아노 독주회: Romantic Ties,2026.04.08,2026.04.08,예술의전당 [서울],서양음악(클래식),http://www.kopis.or.kr/upload/pfmPoster/PF_PF284407_260204_105559.gif,공연예정
PF284405,국민대학교 피아노 페다고지 신녀음악회 KMU Piano Pedagogy Stars: Alumni Concert,2026.02.27,2026.02.27,롯데콘서트홀,서양음악(클래식),http://www.kopis.or.kr/upload/pfmPoster/PF_PF284405_260204_104934.jpg,공연완료
PF284404,제371회 창원시립교향악단 정기연주회: 드보르작과 라이네케,2026.02.12,2026.02.12,3.15아트센터,서양음악(클래식),http://www.kopis.or.kr/upload/pfmPoster/PF_PF284404_260204_104933.jpg,공연완료
PF284400,"한불 수교 140주년 기념, 코리안아츠 브라스 콘서트",2026.03.08,2026.03.08,예술의전당 [서울],서양음악(클래식),http://www.kopis.or.kr/upload/pfmPoster/PF_PF284400_260204_104222.gif,공연완료
PF284399,K-클래식 콘서트 1. 청음오케스트라 [천안],2026.03.05,2026.03.05,천안예술의전당,서양음악(클래식),http://www.kopis.or.kr/upload/pfmPoster/PF_PF284399_260204_103952.gif,공연완료
PF284393,리틀 콘서트: 우리 아이 첫 음악회 [부천],2026.02.25,2026.02.25,디라이트 아트 홀,서양음악(클래식),http://www.kopis.or.kr/upload/pfmPoster/PF_PF284393_260204_102557.png,공연완료
PF284390,모차르트 탄생 270주년 기념 안양오페라단 정기연주회: 봄의 향연 오페라 갈라 콘서트,2026.03.28,2026.03.28,세종문화회관,서양음악(클래식),http://www.kopis.or.kr/upload/pfmPoster/PF_PF284390_260204_102021.jpg,공연중
PF284372,베토벤 & 라흐마니노프 [광주],2026.04.15,2026.04.15,광주 예술의 전당,서양음악(클래식),http://www.kopis.or.kr/upload/pfmPoster/PF_PF284372_260203_135914.gif,공연예정
PF284365,지브리와 사랑에 빠지다: 지브리 영화음악 콘서트 스페셜 [남양주],2026.04.11,2026.04.11,다산아트홀,서양음악(클래식),http://www.kopis.or.kr/upload/pfmPoster/PF_PF284365_260203_133459.jpg,공연예정
PF284361,홍규선 귀국 색소폰 독주회,2026.02.11,2026.02.11,금호아트홀 연세,서양음악(클래식),http://www.kopis.or.kr/upload/pfmPoster/PF_PF284361_260203_132908.gif,공연완료
PF284357,서울시향 아주 특별한 콘서트,2026.03.28,2026.03.28,예술의전당 [서울],서양음악(클래식),http://www.kopis.or.kr/upload/pfmPoster/PF_PF284357_260203_131757.gif,공연중
PF284354,소프라노 황수미 & 베이스 바리톤 사무엘 윤 듀오 리사이틀 [안동],2026.06.26,2026.06.26,안동문화예술의전당,서양음악(클래식),http://www.kopis.or.kr/upload/pfmPoster/PF_PF284354_260203_131043.png,공연예정
PF284351,지브리 & 디즈니 OST 콘서트 with 첼로댁 [인천],2026.04.18,2026.04.18,아트센터 인천,서양음악(클래식),http://www.kopis.or.kr/upload/pfmPoster/PF_PF284351_260203_125613.gif,공연예정
PF284346,서리풀 신년음악회: New Hope,2026.02.12,2026.02.12,반포심산아트홀,서양음악(클래식),http://www.kopis.or.kr/upload/pfmPoster/PF_PF284346_260203_114016.gif,공연완료
PF284340,테너 김동익 독창회,2026.02.26,2026.02.26,꿈의숲아트센터,서양음악(클래식),http://www.kopis.or.kr/upload/pfmPoster/PF_PF284340_260203_112751.png,공연완료
PF284334,"라움 마티네 콘서트, OPERA SHOW: 유쾌한 아리아의 향연 (2월)",2026.02.24,2026.02.24,소셜베뉴 라움,서양음악(클래식),http://www.kopis.or.kr/upload/pfmPoster/PF_PF284334_260203_111638.gif,공연완료
PF284332,수원시립교향악단 기획연주회: 수원음악인의 밤 [수원],2026.03.06,2026.03.06,수원SK아트리움,서양음악(클래식),http://www.kopis.or.kr/upload/pfmPoster/PF_PF284332_260203_110954.jpg,공연완료
PF284327,"소리온합창단 정기연주회: 첫 울림, 그리고 시작 [대구]",2026.03.05,2026.03.05,대구콘서트하우스,서양음악(클래식),http://www.kopis.or.kr/upload/pfmPoster/PF_PF284327_260220_151729.png,공연완료
PF284323,피아니스트 백건우 리사이틀 [안동],2026.05.01,2026.05.01,안동문화예술의전당,서양음악(클래식),http://www.kopis.or.kr/upload/pfmPoster/PF_PF284323_260203_104856.png,공연예정
PF284322,"선데이콘서트, 엘림 리사이틀 시리즈: 황건영 피아노 독주회 [인천]",2026.04.12,2026.04.12,엘림아트센터,서양음악(클래식),http://www.kopis.or.kr/upload/pfmPoster/PF_PF284322_260219_173113.gif,공연예정
PF284321,박인혜 귀국 피아노 독주회,2026.02.24,2026.02.24,금호아트홀 연세,서양음악(클래식),http://www.kopis.or.kr/upload/pfmPoster/PF_PF284321_260203_104817.gif,공연완료
PF284319,바리톤 한승유 독창회,2026.02.28,2026.02.28,거암아트홀,서양음악(클래식),http://www.kopis.or.kr/upload/pfmPoster/PF_PF284319_260203_104417.gif,공연완료
PF284317,"월간연주자, 피아니스트 백진주 (3월)",2026.03.01,2026.03.01,갤러리 디 아르테 청담,서양음악(클래식),http://www.kopis.or.kr/upload/pfmPoster/PF_PF284317_260203_104149.gif,공연완료
PF284311,지브리 & 디즈니 콘서트 [고양],2026.04.04,2026.04.04,고양아람누리,서양음악(클래식),http://www.kopis.or.kr/upload/pfmPoster/PF_PF284311_260203_102709.jpg,공연예정
PF284310,제32회 HIAMO 봄 연주회 [성남],2026.02.14,2026.02.14,성남아트리움 (구. 성남시민회관),서양음악(클래식),http://www.kopis.or.kr/upload/pfmPoster/PF_PF284310_260203_102657.png,공연완료
PF284308,코리안챔버오케스트라 & 크론베르크 아카데미 시리즈 3,2026.03.15,2026.03.15,GS아트센터,서양음악(클래식),http://www.kopis.or.kr/upload/pfmPoster/PF_PF284308_260203_102407.gif,공연완료
PF284304,최지영 귀국 바이올린 독주회,2026.03.11,2026.03.11,금호아트홀 연세,서양음악(클래식),http://www.kopis.or.kr/upload/pfmPoster/PF_PF284304_260203_101647.gif,공연완료
PF284296,"울산시립합창단 기획연주회: 합창, 즐거움",2026.03.05,2026.03.05,울산문화예술회관,서양음악(클래식),http://www.kopis.or.kr/upload/pfmPoster/PF_PF284296_260203_095433.jpg,공연완료
PF284293,사단법인 고양필하모닉오케스트라: The Concertos from Beethoven [고양],2026.02.27,2026.02.27,고양아람누리,서양음악(클래식),http://www.kopis.or.kr/upload/pfmPoster/PF_PF284293_260202_152136.png,공연완료
PF284291,무지카 꿈드림 콘서트 [고양],2026.02.04,2026.02.04,고양아람누리,서양음악(클래식),http://www.kopis.or.kr/upload/pfmPoster/PF_PF284291_260205_171749.png,공연완료
PF284279,BAC 후원회와 함께하는 NEW YEAR'S CONCERT,2026.02.25,2026.02.25,부천아트센터,서양음악(클래식),http://www.kopis.or.kr/upload/pfmPoster/PF_PF284279_260202_143917.png,공연완료
PF284276,히사이시 조 영화음악 콘서트 [천안],2026.06.07,2026.06.07,천안예술의전당,서양음악(클래식),http://www.kopis.or.kr/upload/pfmPoster/PF_PF284276_260202_142847.gif,공연예정
PF284275,"수성아트피아 마티네시리즈, 겨울나그네 (12월)",2026.12.17,2026.12.17,수성아트피아,서양음악(클래식),http://www.kopis.or.kr/upload/pfmPoster/PF_PF284275_260202_142438.png,공연예정
PF284268,"수성아트피아 마티네시리즈, 바이올린 김동현 (7월)",2026.07.09,2026.07.09,수성아트피아,서양음악(클래식),http://www.kopis.or.kr/upload/pfmPoster/PF_PF284268_260202_141054.png,공연예정
PF284253,최재희 클라리넷 독주회 [성남],2026.02.10,2026.02.10,티엘아이 아트센터,서양음악(클래식),http://www.kopis.or.kr/upload/pfmPoster/PF_PF284253_260202_134032.gif,공연완료
PF284252,Opus Chamber Society 정기연주회: 라흐마니노프와 진규영,2026.02.08,2026.02.08,예술의전당 [서울],서양음악(클래식),http://www.kopis.or.kr/upload/pfmPoster/PF_PF284252_260202_133745.gif,공연완료
PF284250,"쌀롱드무지끄, 발렌타인의 달빛",2026.02.14,2026.02.14,쌀롱드무지끄,서양음악(클래식),http://www.kopis.or.kr/upload/pfmPoster/PF_PF284250_260202_133243.jpg,공연완료
PF284249,"수성아트피아 마티네시리즈, 바이올린 최송하 (5월)",2026.05.07,2026.05.07,수성아트피아,서양음악(클래식),http://www.kopis.or.kr/upload/pfmPoster/PF_PF284249_260202_133242.jpg,공연예정
PF284247,"쌀롱드무지끄, The Art of the Piano",2026.02.14,2026.02.14,쌀롱드무지끄,서양음악(클래식),http://www.kopis.or.kr/upload/pfmPoster/PF_PF284247_260202_132643.jpg,공연완료
PF284246,베토벤 & 라흐마니노프 [성남],2026.04.25,2026.04.25,성남아트센터,서양음악(클래식),http://www.kopis.or.kr/upload/pfmPoster/PF_PF284246_260202_132437.gif,공연예정
PF284245,히사이시 조 영화음악 콘서트 [광주],2026.05.23,2026.05.23,광주 예술의 전당,서양음악(클래식),http://www.kopis.or.kr/upload/pfmPoster/PF_PF284245_260202_132140.gif,공연예정
PF284244,신지혜 오보에 독주회,2026.03.21,2026.03.21,예술의전당 [서울],서양음악(클래식),http://www.kopis.or.kr/upload/pfmPoster/PF_PF284244_260202_132139.gif,공연완료
PF284241,"치유 클래식 콘서트, 비발디 사계: 四季 [수원]",2026.02.28,2026.02.28,정조테마공연장,서양음악(클래식),http://www.kopis.or.kr/upload/pfmPoster/PF_PF284241_260202_131539.gif,공연완료
PF284239,"수성아트피아 마티네시리즈, 하모니카 박종성 (11월)",2026.11.12,2026.11.12,수성아트피아,서양음악(클래식),http://www.kopis.or.kr/upload/pfmPoster/PF_PF284239_260202_131024.png,공연예정
PF284238,베토벤 & 라흐마니노프 [서울],2026.04.28,2026.04.28,롯데콘서트홀,서양음악(클래식),http://www.kopis.or.kr/upload/pfmPoster/PF_PF284238_260202_131024.gif,공연예정
PF284236,"수성아트피아 마티네시리즈, 첼로 양성원 (3월)",2026.03.05,2026.03.05,수성아트피아,서양음악(클래식),http://www.kopis.or.kr/upload/pfmPoster/PF_PF284236_260202_130521.jpg,공연완료
PF284235,경기필 마스터피스 시리즈 Ⅰ. 림스키코르사코프 세헤라자데 [수원],2026.03.13,2026.03.13,경기아트센터(구. 경기도문화의전당),서양음악(클래식),http://www.kopis.or.kr/upload/pfmPoster/PF_PF284235_260202_130506.gif,공연완료
PF284234,"오펀크란츠 기획연주회: 슈만 연가곡 시리즈 3, Myrthen Op.25 미르테의 꽃",2026.03.17,2026.03.17,세종문화회관,서양음악(클래식),http://www.kopis.or.kr/upload/pfmPoster/PF_PF284234_260202_130505.jpg,공연완료
PF284232,"수성아트피아 시즌페스티벌, 봄 음악제: 김우경 & 구민영 듀오 콘서트",2026.03.06,2026.03.06,수성아트피아,서양음악(클래식),http://www.kopis.or.kr/upload/pfmPoster/PF_PF284232_260223_174619.jpg,공연완료
PF284231,NEXEN 월석문화재단과 함께하는 Musica BUSAN [부산],2026.03.12,2026.03.12,금정문화회관,서양음악(클래식),http://www.kopis.or.kr/upload/pfmPoster/PF_PF284231_260202_125214.png,공연완료
PF284230,"KBS교향악단과 함께하는 임산부를 위한 태교 음악회: 용인시, 생명의 선율을 듣다",2026.01.31,2026.01.31,용인시평생학습관 (여성회관),서양음악(클래식),http://www.kopis.or.kr/upload/pfmPoster/PF_PF284230_260202_124916.jpg,공연완료
PF284223,스타인웨이 위너콘서트 인 코리아: 이판 우 리사이틀 [세종],2026.03.13,2026.03.13,세종예술의전당,서양음악(클래식),http://www.kopis.or.kr/upload/pfmPoster/PF_PF284223_260202_114215.gif,공연완료
PF284219,"피아노 일리야 라쉬코프스키 초청, 명 협주곡 시리즈 ⅩⅡ: 봄의 선물 [성남]",2026.03.31,2026.03.31,성남아트센터,서양음악(클래식),http://www.kopis.or.kr/upload/pfmPoster/PF_PF284219_260202_112934.gif,공연예정
PF284218,제35회 (사) 한국페스티발앙상블 현대음악축제,2026.03.24,2026.03.24,예술의전당 [서울],서양음악(클래식),http://www.kopis.or.kr/upload/pfmPoster/PF_PF284218_260202_112933.gif,공연완료
PF284216,지브리와 사랑에 빠지다: 지브리 영화음악 콘서트 [부천 (앵콜) ],2026.04.19,2026.04.19,복사골문화센터,서양음악(클래식),http://www.kopis.or.kr/upload/pfmPoster/PF_PF284216_260202_112402.jpg,공연예정
PF284213,히사이시 조 영화음악 콘서트 [인천],2026.05.05,2026.05.05,아트센터 인천,서양음악(클래식),http://www.kopis.or.kr/upload/pfmPoster/PF_PF284213_260202_111042.gif,공연예정
PF284212,피아니스트 박종해 & 카운터테너 이동규 & 소프라노 이해원과 함께하는 봄의 정원,2026.03.17,2026.03.17,롯데콘서트홀,서양음악(클래식),http://www.kopis.or.kr/upload/pfmPoster/PF_PF284212_260202_111041.png,공연완료
PF284211,피터 야블론스키 & 김정원 피아노 듀오 리사이틀 [청주],2026.03.24,2026.03.24,청주아트홀 (구. 청주시민회관),서양음악(클래식),http://www.kopis.or.kr/upload/pfmPoster/PF_PF284211_260202_111004.gif,공연완료
PF284210,"경기필 마스터피스 시리즈 Ⅰ, 림스키코르사코프 세헤라자데 [서울]",2026.03.14,2026.03.14,예술의전당 [서울],서양음악(클래식),http://www.kopis.or.kr/upload/pfmPoster/PF_PF284210_260202_110552.gif,공연완료
PF284204,"비에스 필하모닉 오케스트라 연주회: 비에스 필하모닉 오케스트라와 함께하는 동행, 음악으로 잇는 마음의 길 [인천]",2026.03.21,2026.03.21,부평아트센터,서양음악(클래식),http://www.kopis.or.kr/upload/pfmPoster/PF_PF284204_260202_104814.jpg,공연완료
PF284195,"영등포아트홀 기획공연, 마티네콘서트 with 금난새 #1. 멘델스존",2026.04.16,2026.04.16,영등포아트홀,서양음악(클래식),http://www.kopis.or.kr/upload/pfmPoster/PF_PF284195_260202_102800.gif,공연예정
PF284191,김이안 피아노 리사이틀,2026.03.28,2026.03.28,헤르만아트홀,서양음악(클래식),http://www.kopis.or.kr/upload/pfmPoster/PF_PF284191_260202_102230.jpg,공연중
PF284185,"고양문화재단 디지털 해외공연영상 시리즈, 오페라 피가로의 결혼 (영상화)",2026.03.29,2026.03.29,고양아람누리,서양음악(클래식),http://www.kopis.or.kr/upload/pfmPoster/PF_PF284185_260130_155544.jpg,공연예정
PF284184,"고양문화재단 디지털 해외공연영상 시리즈, 오페라 토스카 (영상화)",2026.03.28,2026.03.28,고양아람누리,서양음악(클래식),http://www.kopis.or.kr/upload/pfmPoster/PF_PF284184_260130_154737.jpg,공연중
PF284183,"아람 클래식, 양인모 & 잘츠부르크 모차르테움 [고양]",2026.03.18,2026.03.18,고양아람누리,서양음악(클래식),http://www.kopis.or.kr/upload/pfmPoster/PF_PF284183_260130_153857.jpg,공연완료
PF284176,"중구문화의전당 실내악페스티벌: 진달래꽃 필 무렵, 앙상블 리베르테",2026.03.12,2026.03.12,울산중구문화의전당,서양음악(클래식),http://www.kopis.or.kr/upload/pfmPoster/PF_PF284176_260130_144654.jpg,공연완료
PF284175,"ACIx인천시향 공동기획, 조조 클래식 Ⅳ",2026.11.12,2026.11.12,아트센터 인천,서양음악(클래식),http://www.kopis.or.kr/upload/pfmPoster/PF_PF284175_260130_144401.gif,공연예정
PF284174,"허원숙 피아노 리사이틀, 모차르트: 변주곡의 시작과 만하임 소나타",2026.03.19,2026.03.19,예술의전당 [서울],서양음악(클래식),http://www.kopis.or.kr/upload/pfmPoster/PF_PF284174_260130_144050.gif,공연완료
PF284172,함인아 피아노 독주회,2026.03.18,2026.03.18,예술의전당 [서울],서양음악(클래식),http://www.kopis.or.kr/upload/pfmPoster/PF_PF284172_260130_143249.gif,공연완료
PF284171,더 베스트 무비 OST 콘서트 with 팬텀: 진원 & 존노 & 김현수,2026.03.14,2026.03.14,롯데콘서트홀,서양음악(클래식),http://www.kopis.or.kr/upload/pfmPoster/PF_PF284171_260130_142847.gif,공연완료
PF284170,"제126회 춘천시립합창단 정기연주회, 봄마중: 가곡으로 맞이하는 봄의 소리",2026.03.12,2026.03.12,춘천문화예술회관,서양음악(클래식),http://www.kopis.or.kr/upload/pfmPoster/PF_PF284170_260130_142513.jpg,공연완료
PF284165,"가톨릭필하모닉오케스트라 정기연주회: 기쁨의 선율, 희망의 순례 [대구]",2026.02.28,2026.02.28,대구콘서트하우스,서양음악(클래식),http://www.kopis.or.kr/upload/pfmPoster/PF_PF284165_260130_141322.png,공연완료
PF284160,"ACIx인천시향 공동기획, 조조早朝 클래식 Ⅱ",2026.05.28,2026.05.28,아트센터 인천,서양음악(클래식),http://www.kopis.or.kr/upload/pfmPoster/PF_PF284160_260130_134845.gif,공연예정
PF284159,"ACIx인천시향 공동기획, 조조 클래식 Ⅲ",2026.08.20,2026.08.20,아트센터 인천,서양음악(클래식),http://www.kopis.or.kr/upload/pfmPoster/PF_PF284159_260130_134535.gif,공연예정
PF284157,"중구문화의전당 실내악페스티벌: 진달래꽃 필 무렵, 거장의 손길 Ⅰ. 금난새 X 트리오 헤르만 [울산]",2026.03.17,2026.03.17,울산중구문화의전당,서양음악(클래식),http://www.kopis.or.kr/upload/pfmPoster/PF_PF284157_260130_134216.jpg,공연완료
PF284152,한지호 피아노 리사이틀: 바흐 골드베르크 변주곡,2026.03.21,2026.03.21,예술의전당 [서울],서양음악(클래식),http://www.kopis.or.kr/upload/pfmPoster/PF_PF284152_260130_133352.gif,공연완료
PF284151,"중구문화의전당 실내악페스티벌: 진달래꽃 필 무렵, 조희창과 친구들: 봄을 여는 피아노 5중주",2026.03.10,2026.03.10,울산중구문화의전당,서양음악(클래식),http://www.kopis.or.kr/upload/pfmPoster/PF_PF284151_260130_132945.jpg,공연완료
PF284150,최현호 & 홍유진 피아노 듀오 리사이틀,2026.02.02,2026.02.02,금호아트홀 연세,서양음악(클래식),http://www.kopis.or.kr/upload/pfmPoster/PF_PF284150_260130_132519.gif,공연완료
PF284140,제218회 성남시립교향악단 정기연주회,2026.02.26,2026.02.26,성남아트센터,서양음악(클래식),http://www.kopis.or.kr/upload/pfmPoster/PF_PF284140_260130_130722.gif,공연완료
PF284133,설용빈 트롬본 독주회,2026.02.07,2026.02.07,예술의전당 [서울],서양음악(클래식),http://www.kopis.or.kr/upload/pfmPoster/PF_PF284133_260130_123652.gif,공연완료
PF284131,"수성아트피아 시즌페스티벌, 봄 음악제: 파리지앵 에코스 (Parisian Echoes) [대구]",2026.03.08,2026.03.08,수성아트피아,서양음악(클래식),http://www.kopis.or.kr/upload/pfmPoster/PF_PF284131_260212_170216.jpg,공연완료
PF284127,"ACIx인천시향 공동기획, 조조早朝 클래식 Ⅰ",2026.03.12,2026.03.12,아트센터 인천,서양음악(클래식),http://www.kopis.or.kr/upload/pfmPoster/PF_PF284127_260130_112946.gif,공연완료
PF284125,"중구문화의전당 실내악페스티벌: 진달래꽃 필 무렵, 거장의 손길 Ⅱ. 금난새 X 뉴월드챔버오케스트라 [울산]",2026.03.19,2026.03.19,울산중구문화의전당,서양음악(클래식),http://www.kopis.or.kr/upload/pfmPoster/PF_PF284125_260130_112700.jpg,공연완료
PF284121,"수성아트피아 시즌페스티벌, 봄 음악제: 듀오 판타지 (Duo Fantasy) [대구]",2026.03.08,2026.03.08,수성아트피아,서양음악(클래식),http://www.kopis.or.kr/upload/pfmPoster/PF_PF284121_260212_165048.jpg,공연완료
PF284118,시흥시 신년음악회: 하나의 울림,2026.02.21,2026.02.21,시흥시청 늠내홀,서양음악(클래식),http://www.kopis.or.kr/upload/pfmPoster/PF_PF284118_260130_111056.jpeg,공연완료
PF284117,"수성아트피아 시즌페스티벌, 봄 음악제: 노보 필하모닉 챔버 오케스트라 [대구]",2026.03.03,2026.03.03,수성아트피아,서양음악(클래식),http://www.kopis.or.kr/upload/pfmPoster/PF_PF284117_260130_111029.jpg,공연완료
PF284115,최현호 피아노 독주회: 베토벤 32 피아노 소나타 전곡연주 시리즈 Ⅰ,2026.02.19,2026.02.19,예술의전당 [서울],서양음악(클래식),http://www.kopis.or.kr/upload/pfmPoster/PF_PF284115_260130_110343.gif,공연완료
PF284110,조무현 피아노 독주회,2026.02.27,2026.02.27,영산아트홀,서양음악(클래식),http://www.kopis.or.kr/upload/pfmPoster/PF_PF284110_260130_105236.gif,공연완료
PF284109,권민세 & 박선율 피아노 듀오 리사이틀,2026.02.27,2026.02.27,예술의전당 [서울],서양음악(클래식),http://www.kopis.or.kr/upload/pfmPoster/PF_PF284109_260130_105147.gif,공연완료
PF284108,아트 온 (ON) 양산 프로젝트,2026.02.21,2026.02.21,쌍벽루아트홀,서양음악(클래식),http://www.kopis.or.kr/upload/pfmPoster/PF_PF284108_260130_105146.jpg,공연완료
PF284107,"제181회 제주특별자치도립 제주교향악단 정기연주회: 제주 헤리티지 시리즈 Ⅰ, 낭 쉐",2026.02.12,2026.02.12,제주문예회관,서양음악(클래식),http://www.kopis.or.kr/upload/pfmPoster/PF_PF284107_260130_104950.png,공연완료
PF284105,"수성아트피아 시즌페스티벌, 봄 음악제: 슬라빅 히어로즈 (Slavic Heroes) [대구]",2026.03.06,2026.03.06,수성아트피아,서양음악(클래식),http://www.kopis.or.kr/upload/pfmPoster/PF_PF284105_260219_174052.png,공연완료
PF284104,"수성아트피아 시즌페스티벌, 봄 음악제: 로맨틱 레거시 (Romantic Legacy) [대구]",2026.03.07,2026.03.07,수성아트피아,서양음악(클래식),http://www.kopis.or.kr/upload/pfmPoster/PF_PF284104_260219_172542.png,공연완료
PF284097,"변화와 지속, 베토벤 소나타",2026.02.06,2026.02.06,반포심산아트홀,서양음악(클래식),http://www.kopis.or.kr/upload/pfmPoster/PF_PF284097_260130_100910.gif,공연완료
PF284096,임동민 피아노 리사이틀 [대구],2026.03.05,2026.03.05,수성아트피아,서양음악(클래식),http://www.kopis.or.kr/upload/pfmPoster/PF_PF284096_260219_172025.jpg,공연완료
PF284095,"수성아트피아 시즌페스티벌, 봄 음악제: 브람스 인 포커스 (Brahms in Focus) [대구]",2026.03.07,2026.03.07,수성아트피아,서양음악(클래식),http://www.kopis.or.kr/upload/pfmPoster/PF_PF284095_260220_153735.jpg,공연완료
PF284094,라브리콰르텟 정기연주회 [고양],2026.02.22,2026.02.22,이앤아이 아트홀,서양음악(클래식),http://www.kopis.or.kr/upload/pfmPoster/PF_PF284094_260130_100222.png,공연완료
PF284088,New year's voice: 새해를 여는 목소리 [경주],2026.02.25,2026.02.25,경주예술의전당,서양음악(클래식),http://www.kopis.or.kr/upload/pfmPoster/PF_PF284088_260129_135204.jpg,공연완료
PF284083,라흐마니노프의 위로,2026.03.10,2026.03.10,예술의전당 [서울],서양음악(클래식),http://www.kopis.or.kr/upload/pfmPoster/PF_PF284083_260129_121020.gif,공연완료
PF284082,베토벤 & 라흐마니노프 [인천],2026.04.19,2026.04.19,아트센터 인천,서양음악(클래식),http://www.kopis.or.kr/upload/pfmPoster/PF_PF284082_260129_120104.gif,공연예정
PF284080,제89회 조선일보 신인음악회,2026.02.24,2026.02.27,세종문화회관,서양음악(클래식),http://www.kopis.or.kr/upload/pfmPoster/PF_PF284080_260129_114239.jpg,공연완료
PF284078,신지아 & 디토오케스트라 [수원],2026.03.08,2026.03.08,수원SK아트리움,서양음악(클래식),http://www.kopis.or.kr/upload/pfmPoster/PF_PF284078_260129_113541.gif,공연완료
PF284073,제6회 서울시민연합오케스트라 정기연주회 [성남],2026.02.22,2026.02.22,성남아트센터,서양음악(클래식),http://www.kopis.or.kr/upload/pfmPoster/PF_PF284073_260129_112219.gif,공연완료
PF284072,제13회 실내악스케치,2026.02.18,2026.02.18,롯데콘서트홀,서양음악(클래식),http://www.kopis.or.kr/upload/pfmPoster/PF_PF284072_260129_111821.jpeg,공연완료
PF284069,제20회 뮤젠 오케스트라 정기 연주회 [성남],2026.02.08,2026.02.08,성남아트센터,서양음악(클래식),http://www.kopis.or.kr/upload/pfmPoster/PF_PF284069_260129_110941.jpg,공연완료
PF284068,베토벤 & 라흐마니노프 [대전],2026.04.11,2026.04.11,대전예술의전당,서양음악(클래식),http://www.kopis.or.kr/upload/pfmPoster/PF_PF284068_260129_110940.gif,공연예정
PF284065,프랑스 오베르뉴론알프 국립 오케스트라 [서울],2026.05.15,2026.05.15,예술의전당 [서울],서양음악(클래식),http://www.kopis.or.kr/upload/pfmPoster/PF_PF284065_260129_110002.gif,공연예정
PF284064,아이다 [인천],2026.05.21,2026.05.21,아트센터 인천,서양음악(클래식),http://www.kopis.or.kr/upload/pfmPoster/PF_PF284064_260129_110001.gif,공연예정
PF284062,유현성 귀국 피아노 독주회,2026.03.01,2026.03.01,금호아트홀 연세,서양음악(클래식),http://www.kopis.or.kr/upload/pfmPoster/PF_PF284062_260129_105229.gif,공연완료
PF284055,"제384회 대전시립교향악단 정기연주회: DPO 마스터즈 시리즈 2, 브루크너 교향곡 제4번 로맨틱",2026.02.27,2026.02.27,대전예술의전당,서양음악(클래식),http://www.kopis.or.kr/upload/pfmPoster/PF_PF284055_260129_103758.jpg,공연완료
PF284052,IGNIS MUSICAE 연주회 [부천],2026.02.12,2026.02.12,부천아트센터,서양음악(클래식),http://www.kopis.or.kr/upload/pfmPoster/PF_PF284052_260129_103235.jpg,공연완료
PF284049,김성현 피아노 독주회,2026.02.23,2026.02.23,영산아트홀,서양음악(클래식),http://www.kopis.or.kr/upload/pfmPoster/PF_PF284049_260129_102523.gif,공연완료
PF284046,"와이제이 클래식 정기연주회: 동행, 함께 걷는 선율 [대전]",2026.02.21,2026.02.21,대전예술의전당,서양음악(클래식),http://www.kopis.or.kr/upload/pfmPoster/PF_PF284046_260129_102244.gif,공연완료
PF284042,김지윤 바이올린 독주회: SCHUMANN! SCHUMANN!,2026.03.08,2026.03.08,예술의전당 [서울],서양음악(클래식),http://www.kopis.or.kr/upload/pfmPoster/PF_PF284042_260129_100929.gif,공연완료
PF284039,"아트 온 스크린, 친구 프리츠 (영상화) [울산]",2026.02.24,2026.02.24,울산중구문화의전당,서양음악(클래식),http://www.kopis.or.kr/upload/pfmPoster/PF_PF284039_260129_100317.jpg,공연완료
PF284037,제5회 경희대학교 음악대학 관악 동문 연주회 [성남],2026.02.07,2026.02.07,성남아트센터,서양음악(클래식),http://www.kopis.or.kr/upload/pfmPoster/PF_PF284037_260129_095904.gif,공연완료
PF284025,슈투트가르트 필하모닉 오케스트라 [대전],2026.05.28,2026.05.28,대전예술의전당,서양음악(클래식),http://www.kopis.or.kr/upload/pfmPoster/PF_PF284025_260128_140845.gif,공연예정
PF284023,도슨트 이창용과 함께하는 아르츠 콘서트 시즌 2: 빈센트 반 고흐,2026.03.15,2026.03.15,예술의전당 [서울],서양음악(클래식),http://www.kopis.or.kr/upload/pfmPoster/PF_PF284023_260128_135911.gif,공연완료
PF284022,바이올리니스트 이지혜 리사이틀,2026.03.27,2026.03.27,예술의전당 [서울],서양음악(클래식),http://www.kopis.or.kr/upload/pfmPoster/PF_PF284022_260128_135507.gif,공연완료
PF284017,모차르트 탄생 270주년 기념: 모차르트의 밤 Night of Mozart [성남],2026.03.13,2026.03.13,성남아트센터,서양음악(클래식),http://www.kopis.or.kr/upload/pfmPoster/PF_PF284017_260128_133835.gif,공연완료
PF284015,"어린이 공연 시리즈, 키즈 시즈닝: 푸푸게노! 똥 밟았네? [화성]",2026.03.21,2026.03.21,누림아트홀,서양음악(클래식),http://www.kopis.or.kr/upload/pfmPoster/PF_PF284015_260128_133225.gif,공연완료
PF284008,키안 솔타니 & 박재홍 듀오 리사이틀 [대전],2026.04.09,2026.04.09,대전예술의전당,서양음악(클래식),http://www.kopis.or.kr/upload/pfmPoster/PF_PF284008_260128_131307.gif,공연예정
PF284005,"국립오페라단, 마술피리 [대전]",2026.04.04,2026.04.04,대전예술의전당,서양음악(클래식),http://www.kopis.or.kr/upload/pfmPoster/PF_PF284005_260128_131053.gif,공연예정
PF284004,손열음 & BBC 심포니 오케스트라 with 사카리 오라모 [대전],2026.03.27,2026.03.27,대전예술의전당,서양음악(클래식),http://www.kopis.or.kr/upload/pfmPoster/PF_PF284004_260128_130850.gif,공연완료
PF284000,MAC 모닝 콘서트 #2,2026.04.22,2026.04.22,마포아트센터,서양음악(클래식),http://www.kopis.or.kr/upload/pfmPoster/PF_PF284000_260128_125136.gif,공연예정
PF283999,MAC 모닝 콘서트 #1,2026.03.25,2026.03.25,마포아트센터,서양음악(클래식),http://www.kopis.or.kr/upload/pfmPoster/PF_PF283999_260128_125051.gif,공연완료
PF283998,MAC 모닝 콘서트 #3,2026.05.27,2026.05.27,마포아트센터,서양음악(클래식),http://www.kopis.or.kr/upload/pfmPoster/PF_PF283998_260128_125050.gif,공연예정
PF283997,프로젝트 오디너리: 작곡가들의 러브레터,2026.02.14,2026.02.14,세종문화회관,서양음악(클래식),http://www.kopis.or.kr/upload/pfmPoster/PF_PF283997_260128_124408.jpg,공연완료
PF283996,정명훈 & 원 코리아 오케스트라,2026.04.12,2026.04.12,롯데콘서트홀,서양음악(클래식),http://www.kopis.or.kr/upload/pfmPoster/PF_PF283996_260130_131759.gif,공연예정
PF283994,제195회 인천시립합창단 정기연주회 [인천],2026.02.26,2026.02.26,인천문화예술회관,서양음악(클래식),http://www.kopis.or.kr/upload/pfmPoster/PF_PF283994_260128_114418.gif,공연완료
PF283993,김진 바로크 바이올린 독주회: Fantasia & Passacaglia [대구],2026.02.06,2026.02.06,공간울림연주홀,서양음악(클래식),http://www.kopis.or.kr/upload/pfmPoster/PF_PF283993_260128_113449.jpg,공연완료
PF283991,"함신익과 심포니 송 마스터즈 시리즈 Ⅳ, 베르디: 레퀴엠",2026.06.16,2026.06.16,예술의전당 [서울],서양음악(클래식),http://www.kopis.or.kr/upload/pfmPoster/PF_PF283991_260128_113301.gif,공연예정
PF283987,"월간연주자, 피아니스트 이화경 (4월)",2026.04.11,2026.04.11,갤러리 디 아르테 청담,서양음악(클래식),http://www.kopis.or.kr/upload/pfmPoster/PF_PF283987_260128_112357.gif,공연예정
PF283986,"시그니처 대전, 아벤트 시리즈: SYZYGY [대전]",2026.03.26,2026.03.28,대전예술의전당,서양음악(클래식),http://www.kopis.or.kr/upload/pfmPoster/PF_PF283986_260312_144109.gif,공연중
PF283982,안봉수 귀국 피아노 독주회,2026.02.13,2026.02.13,금호아트홀 연세,서양음악(클래식),http://www.kopis.or.kr/upload/pfmPoster/PF_PF283982_260128_111539.gif,공연완료
PF283978,강서의 봄 - 고성현의 시간에 기대어,2026.02.21,2026.02.21,강서아트리움,서양음악(클래식),http://www.kopis.or.kr/upload/pfmPoster/PF_PF283978_260128_110649.gif,공연완료
PF283976,스베틀린 루세브 무반주 바흐 전곡 리사이틀 [원주],2026.02.20,2026.02.20,플레이리스트,서양음악(클래식),http://www.kopis.or.kr/upload/pfmPoster/PF_PF283976_260128_110040.gif,공연완료
PF283975,부산시립교향악단 기획음악회: 세계 클래식 음악산책 Ⅰ,2026.03.13,2026.03.13,부산문화회관,서양음악(클래식),http://www.kopis.or.kr/upload/pfmPoster/PF_PF283975_260128_110039.jpg,공연완료
PF283971,배소희 귀국 바이올린 독주회,2026.02.23,2026.02.23,금호아트홀 연세,서양음악(클래식),http://www.kopis.or.kr/upload/pfmPoster/PF_PF283971_260128_105257.jpg,공연완료
PF283969,OPUS Brass Ensemble 정기연주회 Op.1,2026.02.21,2026.02.21,꿈의숲아트센터,서양음악(클래식),http://www.kopis.or.kr/upload/pfmPoster/PF_PF283969_260128_105017.jpg,공연완료
PF283965,"제84회 파주시립예술단 기획연주회, 파주시 승격 30주년 기념 콘서트: 우리가 함께 만든 30년, 파주시 [파주]",2026.02.12,2026.02.12,파주운정행복센터,서양음악(클래식),http://www.kopis.or.kr/upload/pfmPoster/PF_PF283965_260128_103942.jpg,공연완료
PF283963,오르간 시리즈 Ⅰ. 카메론 카펜터,2026.04.07,2026.04.07,롯데콘서트홀,서양음악(클래식),http://www.kopis.or.kr/upload/pfmPoster/PF_PF283963_260128_103110.jpg,공연예정
PF283962,"리스트 x 박종훈, 순례의 해 [화성]",2026.03.21,2026.03.21,남양성모성지,서양음악(클래식),http://www.kopis.or.kr/upload/pfmPoster/PF_PF283962_260128_103109.gif,공연완료
PF283957,"피아니스트 장성의 슈베르트, 브람스 그리고 모던",2026.03.12,2026.03.12,예술의전당 [서울],서양음악(클래식),http://www.kopis.or.kr/upload/pfmPoster/PF_PF283957_260128_102216.gif,공연완료
PF283942,"국립심포니콘서트오케스트라, 멘델스존, 교향곡 3번 스코틀랜드 [세종]",2026.02.12,2026.02.12,세종문화예술회관,서양음악(클래식),http://www.kopis.or.kr/upload/pfmPoster/PF_PF283942_260127_133525.gif,공연완료
PF283924,손일훈의 에릭 사티 이야기 [원주],2026.03.11,2026.03.11,플레이리스트,서양음악(클래식),http://www.kopis.or.kr/upload/pfmPoster/PF_PF283924_260127_125058.gif,공연완료
PF283917,"월간연주자, 피아니스트 심승엽 (2월)",2026.02.07,2026.02.07,갤러리 디 아르테 청담,서양음악(클래식),http://www.kopis.or.kr/upload/pfmPoster/PF_PF283917_260127_120357.gif,공연완료
PF283914,클래식시리즈 1. 우시다 토모하루 피아노 리사이틀 [인천],2026.04.04,2026.04.04,인천문화예술회관,서양음악(클래식),http://www.kopis.or.kr/upload/pfmPoster/PF_PF283914_260127_113551.png,공연예정
PF283913,소프라노 송지선 독창회: Let my song fill your heart,2026.02.11,2026.02.11,세종문화회관,서양음악(클래식),http://www.kopis.or.kr/upload/pfmPoster/PF_PF283913_260127_113106.jpg,공연완료
PF283909,소노레 콰르텟 창단연주회,2026.02.07,2026.02.07,꿈의숲아트센터,서양음악(클래식),http://www.kopis.or.kr/upload/pfmPoster/PF_PF283909_260127_112730.jpg,공연완료
PF283906,신년음악회 [예산],2026.02.06,2026.02.06,예산문예회관,서양음악(클래식),http://www.kopis.or.kr/upload/pfmPoster/PF_PF283906_260127_112015.jpg,공연완료
PF283905,인간적인 것들에 대하여 (On Humanity),2026.02.07,2026.02.07,살롱쿤스트,서양음악(클래식),http://www.kopis.or.kr/upload/pfmPoster/PF_PF283905_260127_111509.gif,공연완료
PF283899,이채윤 피아노 리사이틀,2026.02.21,2026.02.21,예술의전당 [서울],서양음악(클래식),http://www.kopis.or.kr/upload/pfmPoster/PF_PF283899_260127_110003.png,공연완료
PF283892,부산솔리스트앙상블이 들려주는 봄의 소리,2026.02.26,2026.02.26,동래문화회관,서양음악(클래식),http://www.kopis.or.kr/upload/pfmPoster/PF_PF283892_260127_102722.jpg,공연완료
PF283891,조희창의 토요 클래식 살롱 Ⅰ: 테마와 바리에이션 [경주],2026.02.28,2026.02.28,경주예술의전당,서양음악(클래식),http://www.kopis.or.kr/upload/pfmPoster/PF_PF283891_260127_102723.jpg,공연완료
PF283890,제10회 코리안 트럼펫 오케스트라 정기연주회,2026.04.25,2026.04.25,KBS [본관],서양음악(클래식),http://www.kopis.or.kr/upload/pfmPoster/PF_PF283890_260127_102231.gif,공연예정
PF283881,"대구시민주간 2.28민주운동 66주년 기념, 대구시립교향악단 특별연주회: 기억과 울림",2026.02.27,2026.02.27,대구콘서트하우스,서양음악(클래식),http://www.kopis.or.kr/upload/pfmPoster/PF_PF283881_260127_100352.gif,공연완료
PF283880,김다희 귀국 피아노 독주회,2026.02.10,2026.02.10,금호아트홀 연세,서양음악(클래식),http://www.kopis.or.kr/upload/pfmPoster/PF_PF283880_260127_100138.gif,공연완료
PF283879,"국립합창단 3.1절 기념음악회: 거룩한 함성, 그날 이후...",2026.03.01,2026.03.01,예술의전당 [서울],서양음악(클래식),http://www.kopis.or.kr/upload/pfmPoster/PF_PF283879_260127_095924.gif,공연완료
PF283875,지브리 & 디즈니 오케스트라 콘서트,2026.02.28,2026.02.28,롯데콘서트홀,서양음악(클래식),http://www.kopis.or.kr/upload/pfmPoster/PF_PF283875_260126_142508.gif,공연완료
PF283868,지브리 & 디즈니 영화음악 FESTA [대구 (앵콜) ],2026.03.28,2026.03.28,대구콘서트하우스,서양음악(클래식),http://www.kopis.or.kr/upload/pfmPoster/PF_PF283868_260126_140415.gif,공연중
PF283867,지브리 & 디즈니 영화음악 FESTA [인천 (앵콜) ],2026.04.26,2026.04.26,아트센터 인천,서양음악(클래식),http://www.kopis.or.kr/upload/pfmPoster/PF_PF283867_260126_140125.gif,공연예정
PF283865,정담온 클라리넷 독주회,2026.01.29,2026.01.29,꿈의숲아트센터,서양음악(클래식),http://www.kopis.or.kr/upload/pfmPoster/PF_PF283865_260126_140008.png,공연완료
PF283864,"함신익과 심포니 송 마스터즈 시리즈 Ⅷ, 송년음악회: 합창교향곡",2026.12.29,2026.12.29,예술의전당 [서울],서양음악(클래식),http://www.kopis.or.kr/upload/pfmPoster/PF_PF283864_260126_135701.gif,공연예정
PF283863,장진선 바이올린 리사이틀 [대전],2026.02.22,2026.02.22,대전예술의전당,서양음악(클래식),http://www.kopis.or.kr/upload/pfmPoster/PF_PF283863_260126_135400.gif,공연완료
PF283856,지브리 & 디즈니 영화음악 FESTA [창원],2026.04.25,2026.04.25,성산아트홀,서양음악(클래식),http://www.kopis.or.kr/upload/pfmPoster/PF_PF283856_260126_133914.gif,공연예정
PF283853,지브리 영화음악 FESTA [성남],2026.04.18,2026.04.18,성남아트센터,서양음악(클래식),http://www.kopis.or.kr/upload/pfmPoster/PF_PF283853_260126_133317.gif,공연예정
PF283850,조유리 바이올린 독주회,2026.03.03,2026.03.03,세종문화회관,서양음악(클래식),http://www.kopis.or.kr/upload/pfmPoster/PF_PF283850_260126_132524.jpg,공연완료
PF283848,이현옥 오보에 독주회,2026.03.07,2026.03.07,예술의전당 [서울],서양음악(클래식),http://www.kopis.or.kr/upload/pfmPoster/PF_PF283848_260126_131938.gif,공연완료
PF283846,"이지연 플루트 독주회: 여성 작곡가들의 플루트 음악 V, with Strings (세계 여성의 날을 기념하며)",2026.03.06,2026.03.06,예술의전당 [서울],서양음악(클래식),http://www.kopis.or.kr/upload/pfmPoster/PF_PF283846_260126_131344.gif,공연완료
PF283845,"선데이콘서트, 해설이 있는 렉처콘서트 [인천]",2026.02.08,2026.02.08,엘림아트센터,서양음악(클래식),http://www.kopis.or.kr/upload/pfmPoster/PF_PF283845_260126_131343.gif,공연완료
PF283844,한정민 피아노 독주회: Image & Feeling [부산],2026.02.13,2026.02.13,금정문화회관,서양음악(클래식),http://www.kopis.or.kr/upload/pfmPoster/PF_PF283844_260126_131238.gif,공연완료
PF283841,춘천시립교향악단 & 청소년교향악단 특별연주회: The Cinema and Classic [춘천],2026.02.27,2026.02.27,춘천문화예술회관,서양음악(클래식),http://www.kopis.or.kr/upload/pfmPoster/PF_PF283841_260126_130802.jpg,공연완료
PF283837,"제1151회 하우스콘서트, 김대연 (Cello) , 황건영 (Piano)",2026.03.30,2026.03.30,예술가의 집,서양음악(클래식),http://www.kopis.or.kr/upload/pfmPoster/PF_PF283837_260126_125748.png,공연예정
PF283832,"온: 콘서트, 한규호의 함께 슬퍼해 온 밤을 위하여",2026.02.21,2026.02.21,온쉼표,서양음악(클래식),http://www.kopis.or.kr/upload/pfmPoster/PF_PF283832_260126_124144.png,공연완료
PF283830,시간의 선율에 따라 피아노의 시간여행,2026.02.10,2026.02.10,예술의전당 [서울],서양음악(클래식),http://www.kopis.or.kr/upload/pfmPoster/PF_PF283830_260126_122944.gif,공연완료
PF283829,"프로아트 초청, 프라임필과 함께하는 신인음악회",2026.02.07,2026.02.07,영산아트홀,서양음악(클래식),http://www.kopis.or.kr/upload/pfmPoster/PF_PF283829_260126_121532.gif,공연완료
PF283825,제220회 포항시립교향악단 정기연주회: 베토벤,2026.02.12,2026.02.12,효자아트홀,서양음악(클래식),http://www.kopis.or.kr/upload/pfmPoster/PF_PF283825_260126_113823.png,공연완료
PF283824,에스솔로이스츠 10주년 정기연주회,2026.01.30,2026.01.30,거암아트홀,서양음악(클래식),http://www.kopis.or.kr/upload/pfmPoster/PF_PF283824_260126_113456.gif,공연완료
PF283822,앙상블 헤어츠와 함께하는 동화 쏙! 클래식 - 피노키오 (2월),2026.02.07,2026.02.28,통의동클래식,서양음악(클래식),http://www.kopis.or.kr/upload/pfmPoster/PF_PF283822_260126_112635.jpeg,공연완료
PF283821,메조소프라노 남수지 귀국독창회,2026.02.20,2026.02.20,금호아트홀 연세,서양음악(클래식),http://www.kopis.or.kr/upload/pfmPoster/PF_PF283821_260126_112442.gif,공연완료
PF283818,"레빈시은 권 바이올린 독주회: 새롭게, 봄",2026.03.07,2026.03.07,엘림아트센터,서양음악(클래식),http://www.kopis.or.kr/upload/pfmPoster/PF_PF283818_260126_111434.gif,공연완료
PF283813,"제3회 베어콰르텟 정기연주회: 노스텔지아, 추억이 현의 선율에 깃들다",2026.02.08,2026.02.08,예술의전당 [서울],서양음악(클래식),http://www.kopis.or.kr/upload/pfmPoster/PF_PF283813_260126_110534.gif,공연완료
PF283812,아즈마 아키와 함께하는 영화음악 콘서트: 지브리 & 월드 무비 OST [울산],2026.06.27,2026.06.27,울산문화예술회관,서양음악(클래식),http://www.kopis.or.kr/upload/pfmPoster/PF_PF283812_260126_110121.jpg,공연예정
PF283809,박정민 비올라 독주회: Reviv-al,2026.02.08,2026.02.08,예술의전당 [서울],서양음악(클래식),http://www.kopis.or.kr/upload/pfmPoster/PF_PF283809_260126_105205.gif,공연완료
PF283808,"쌀롱드무지끄, 듀오 콘티누움 리사이틀",2026.02.04,2026.02.04,쌀롱드무지끄,서양음악(클래식),http://www.kopis.or.kr/upload/pfmPoster/PF_PF283808_260126_104958.jpg,공연완료
PF283806,"비바아첼 기획공연, 라이크앙상블과 함께하는 발렌타인데이 와인콘서트 [부산]",2026.02.14,2026.02.14,비바아첼 Chamber Hall & Academy,서양음악(클래식),http://www.kopis.or.kr/upload/pfmPoster/PF_PF283806_260126_104647.jpg,공연완료
PF283801,제99회 천안시립합창단 정기연주회: 봄이 오는 소리,2026.03.12,2026.03.12,천안예술의전당,서양음악(클래식),http://www.kopis.or.kr/upload/pfmPoster/PF_PF283801_260126_103206.png,공연완료
PF283792,"낭만주의 거장, 차이코프스키 & 라흐마니노프",2026.03.01,2026.03.01,롯데콘서트홀,서양음악(클래식),http://www.kopis.or.kr/upload/pfmPoster/PF_PF283792_260123_142712.gif,공연완료
PF283777,DCH앙상블페스티벌: 쓰촨심포니 체임버앙상블 [대구],2026.03.05,2026.03.05,대구콘서트하우스,서양음악(클래식),http://www.kopis.or.kr/upload/pfmPoster/PF_PF283777_260123_133131.gif,공연완료
PF283776,"제91회 끌로드 살롱콘서트, 앙상블 톤즈: 겨울의 끝에서",2026.01.29,2026.01.29,끌로드아트홀,서양음악(클래식),http://www.kopis.or.kr/upload/pfmPoster/PF_PF283776_260123_132535.jpg,공연완료
PF283775,"Ah-bye Sonata: 안녕에서 안녕으로, 실향의 기억을 노래하다 [속초]",2026.02.22,2026.02.22,속초문화예술회관,서양음악(클래식),http://www.kopis.or.kr/upload/pfmPoster/PF_PF283775_260123_132415.jpg,공연완료
PF283772,필하모닉 앙상블 신년음악회 [논산],2026.02.01,2026.02.01,논산아트센터(구. 논산문화예술회관),서양음악(클래식),http://www.kopis.or.kr/upload/pfmPoster/PF_PF283772_260123_131455.jpg,공연완료
PF283766,"아츠스프링 대구 페스티벌, 성악앙상블 BOS와 친구들",2026.02.21,2026.02.21,대구문화예술회관,서양음악(클래식),http://www.kopis.or.kr/upload/pfmPoster/PF_PF283766_260123_130026.gif,공연완료
PF283764,"대구콘서트하우스 명연주시리즈, 클라라 주미 강 & 김선욱 듀오 리사이틀",2026.05.28,2026.05.28,대구콘서트하우스,서양음악(클래식),http://www.kopis.or.kr/upload/pfmPoster/PF_PF283764_260123_125747.gif,공연예정
PF283762,명연주시리즈: 양인모 & 잘츠부르크 모차르테움 오케스트라 [대구],2026.03.13,2026.03.13,대구콘서트하우스,서양음악(클래식),http://www.kopis.or.kr/upload/pfmPoster/PF_PF283762_260123_125223.gif,공연완료
PF283761,제12회 성남유스챔버 정기연주회 [성남],2026.02.01,2026.02.01,성남아트센터,서양음악(클래식),http://www.kopis.or.kr/upload/pfmPoster/PF_PF283761_260202_162647.png,공연완료
PF283757,제3회 이데아 프로젝트 [부천],2026.02.07,2026.02.07,부천아트센터,서양음악(클래식),http://www.kopis.or.kr/upload/pfmPoster/PF_PF283757_260123_124316.jpg,공연완료
PF283754,정다운 귀국 피아노 독주회,2026.02.04,2026.02.04,금호아트홀 연세,서양음악(클래식),http://www.kopis.or.kr/upload/pfmPoster/PF_PF283754_260123_123806.gif,공연완료
PF283745,이효연 플루트 독주회,2026.02.01,2026.02.01,예술의전당 [서울],서양음악(클래식),http://www.kopis.or.kr/upload/pfmPoster/PF_PF283745_260123_113603.gif,공연완료
PF283740,제48회 울산시립청소년교향악단 정기연주회: 봄을 향한 왈츠,2026.02.28,2026.02.28,울산문화예술회관,서양음악(클래식),http://www.kopis.or.kr/upload/pfmPoster/PF_PF283740_260123_112400.jpg,공연완료
PF283738,제199회 원주시립교향악단 정기연주회 [원주],2026.03.12,2026.03.12,원주백운아트홀,서양음악(클래식),http://www.kopis.or.kr/upload/pfmPoster/PF_PF283738_260123_112248.jpg,공연완료
PF283733,오페라 갈라 콘서트의 밤,2026.02.08,2026.02.08,꿈의숲아트센터,서양음악(클래식),http://www.kopis.or.kr/upload/pfmPoster/PF_PF283733_260123_111157.jpg,공연완료
PF283729,김성수 트롬본 독주회,2026.02.20,2026.02.20,예술의전당 [서울],서양음악(클래식),http://www.kopis.or.kr/upload/pfmPoster/PF_PF283729_260123_110324.gif,공연완료
PF283727,김지혜 피아노 독주회: Romantic Fantasy,2026.02.26,2026.02.26,예술의전당 [서울],서양음악(클래식),http://www.kopis.or.kr/upload/pfmPoster/PF_PF283727_260123_110033.gif,공연완료
PF283723,지브리 & 디즈니 영화음악 FESTA [광주],2026.04.12,2026.04.12,광주 예술의 전당,서양음악(클래식),http://www.kopis.or.kr/upload/pfmPoster/PF_PF283723_260123_105345.gif,공연예정
PF283717,송지원 바이올린 독주회,2026.03.04,2026.03.04,예술의전당 [서울],서양음악(클래식),http://www.kopis.or.kr/upload/pfmPoster/PF_PF283717_260123_104605.gif,공연완료
PF283713,제131회 서울모테트합창단 정기연주회,2026.03.20,2026.03.20,예술의전당 [서울],서양음악(클래식),http://www.kopis.or.kr/upload/pfmPoster/PF_PF283713_260123_103538.gif,공연완료
PF283710,"토요 클래식의 밤, 해설이 있는 클래식: 피아니스트 민지윤의 Soul, Passion 바흐, 베토벤, 쇼팽",2026.02.21,2026.02.21,콘서트홀 나누,서양음악(클래식),http://www.kopis.or.kr/upload/pfmPoster/PF_PF283710_260123_102826.gif,공연완료
PF283708,"제81회 을숙도 예술공감, 환경콘서트: 이웃과 자연",2026.02.10,2026.02.10,을숙도문화회관,서양음악(클래식),http://www.kopis.or.kr/upload/pfmPoster/PF_PF283708_260123_102549.jpeg,공연완료
PF283706,"함안문화예술회관 하우스콘서트, 에드 무지카 (3월)",2026.03.25,2026.03.25,함안문화예술회관,서양음악(클래식),http://www.kopis.or.kr/upload/pfmPoster/PF_PF283706_260123_102238.jpg,공연완료
PF283703,"함안문화예술회관 하우스콘서트, 이수빈 (2월)",2026.02.25,2026.02.25,함안문화예술회관,서양음악(클래식),http://www.kopis.or.kr/upload/pfmPoster/PF_PF283703_260123_101817.jpg,공연완료
PF283702,석지민 트리오: Where It Begins [부산],2026.02.19,2026.02.19,센텀아트홀,서양음악(클래식),http://www.kopis.or.kr/upload/pfmPoster/PF_PF283702_260123_101620.jpg,공연완료
PF283700,"살롱클래식, 이혜림 피아노 독주회",2026.02.13,2026.02.13,라율아트홀,서양음악(클래식),http://www.kopis.or.kr/upload/pfmPoster/PF_PF283700_260123_100950.gif,공연완료
PF283697,석지민 솔로 피아노: In Between [부산],2026.02.05,2026.02.05,센텀아트홀,서양음악(클래식),http://www.kopis.or.kr/upload/pfmPoster/PF_PF283697_260123_100139.jpg,공연완료
PF283692,키안 솔타니 & 박재홍 듀오 리사이틀,2026.04.10,2026.04.10,예술의전당 [서울],서양음악(클래식),http://www.kopis.or.kr/upload/pfmPoster/PF_PF283692_260122_150243.gif,공연예정
PF283691,사카리 오라모 & BBC 심포니 오케스트라 with 손열음 [서울] (03.26),2026.03.26,2026.03.26,예술의전당 [서울],서양음악(클래식),http://www.kopis.or.kr/upload/pfmPoster/PF_PF283691_260122_145447.gif,공연완료
PF283687,키즈 마티네 콘서트: 나는 히어로가 될 거야! [김포] (5월),2026.05.16,2026.05.16,김포아트홀,서양음악(클래식),http://www.kopis.or.kr/upload/pfmPoster/PF_PF283687_260122_144029.gif,공연예정
PF283685,키즈 마티네 콘서트: 고! 고! 신나는 뮤지컬 여행 [김포] (9월),2026.09.19,2026.09.19,김포아트홀,서양음악(클래식),http://www.kopis.or.kr/upload/pfmPoster/PF_PF283685_260122_143453.jpg,공연예정
PF283683,키즈 마티네 콘서트: 아이 LOVE 왈츠 [김포] (3월),2026.03.21,2026.03.21,김포아트홀,서양음악(클래식),http://www.kopis.or.kr/upload/pfmPoster/PF_PF283683_260122_142906.gif,공연완료
PF283682,코리안 팝스 오케스트라 더 콘서트 with K-가곡 [평택],2026.03.07,2026.03.07,평택아트센터,서양음악(클래식),http://www.kopis.or.kr/upload/pfmPoster/PF_PF283682_260122_142709.gif,공연완료
PF283680,키즈 마티네 콘서트: 빠라빠빰 신나는 브라스 콘서트 [김포] (12월),2026.12.19,2026.12.19,김포아트홀,서양음악(클래식),http://www.kopis.or.kr/upload/pfmPoster/PF_PF283680_260122_142156.gif,공연예정
PF283677,"광주시립교향악단, GSO 오티움 콘서트 Ⅰ: Bassoon [광주]",2026.02.13,2026.02.13,광주 예술의 전당,서양음악(클래식),http://www.kopis.or.kr/upload/pfmPoster/PF_PF283677_260122_140859.png,공연완료
PF283674,"제110회 광명심포니오케스트라 정기연주회, 신년음악회: 브람스를 만나다 [광명]",2026.02.05,2026.02.05,광명시민회관,서양음악(클래식),http://www.kopis.or.kr/upload/pfmPoster/PF_PF283674_260122_135507.jpg,공연완료
PF283673,피가로의 결혼 [평택],2026.03.13,2026.03.14,평택아트센터,서양음악(클래식),http://www.kopis.or.kr/upload/pfmPoster/PF_PF283673_260122_135211.gif,공연완료
PF283672,유석오케스트라 정기연주회,2026.01.28,2026.01.28,고양어울림누리,서양음악(클래식),http://www.kopis.or.kr/upload/pfmPoster/PF_PF283672_260122_134754.png,공연완료
PF283670,키즈 마티네 콘서트: 요들요들 알프스 소년 [김포] (7월),2026.07.18,2026.07.18,김포아트홀,서양음악(클래식),http://www.kopis.or.kr/upload/pfmPoster/PF_PF283670_260122_134512.gif,공연예정
PF283667,피터 야블론스키 & 김정원 피아노 듀오 리사이틀,2026.03.28,2026.03.28,예술의전당 [서울],서양음악(클래식),http://www.kopis.or.kr/upload/pfmPoster/PF_PF283667_260122_133306.gif,공연중
PF283664,앙상블 플레이리스트 Ep.5,2026.01.28,2026.01.28,꿈의숲아트센터,서양음악(클래식),http://www.kopis.or.kr/upload/pfmPoster/PF_PF283664_260122_132136.jpg,공연완료
PF283662,지브리 & 디즈니 OST 콘서트 [대전],2026.03.22,2026.03.22,대전예술의전당,서양음악(클래식),http://www.kopis.or.kr/upload/pfmPoster/PF_PF283662_260122_131614.gif,공연완료
PF283661,피아니스트 정진우 교수 1주기 추모 음악회,2026.01.27,2026.01.27,예술의전당 [서울],서양음악(클래식),http://www.kopis.or.kr/upload/pfmPoster/PF_PF283661_260122_131250.gif,공연완료
PF283660,"여주세종문화관광재단 살롱 시리즈, 색소포니스트 브랜든 최 콘서트 [여주]",2026.01.21,2026.01.21,세종국악당,서양음악(클래식),http://www.kopis.or.kr/upload/pfmPoster/PF_PF283660_260122_130904.jpg,공연완료
PF283659,사카리 오라모 & BBC 심포니 오케스트라 with 손열음 [서울] (03.25),2026.03.25,2026.03.25,예술의전당 [서울],서양음악(클래식),http://www.kopis.or.kr/upload/pfmPoster/PF_PF283659_260122_130903.gif,공연완료
PF283658,임현정 바이올린 독주회,2026.02.23,2026.02.23,세종문화회관,서양음악(클래식),http://www.kopis.or.kr/upload/pfmPoster/PF_PF283658_260122_130635.png,공연완료
PF283656,임기욱 피아노 독주회,2026.03.11,2026.03.11,예술의전당 [서울],서양음악(클래식),http://www.kopis.or.kr/upload/pfmPoster/PF_PF283656_260122_130139.gif,공연완료
PF283653,"키즈 마티네 콘서트, 피아노 듀오의 신기한 뮤직 파티 [김포] (6월)",2026.06.20,2026.06.20,김포아트홀,서양음악(클래식),http://www.kopis.or.kr/upload/pfmPoster/PF_PF283653_260122_125347.jpg,공연예정
PF283652,이소란 바이올린 독주회,2026.03.21,2026.03.21,예술의전당 [서울],서양음악(클래식),http://www.kopis.or.kr/upload/pfmPoster/PF_PF283652_260122_124959.gif,공연완료
PF283648,"키즈 마티네 콘서트, 알쏭달쏭 키즈 오페라 [김포] (2월)",2026.02.21,2026.02.21,김포아트홀,서양음악(클래식),http://www.kopis.or.kr/upload/pfmPoster/PF_PF283648_260122_123755.jpg,공연완료
PF283640,최정우 첼로 독주회,2026.02.19,2026.02.19,예술의전당 [서울],서양음악(클래식),http://www.kopis.or.kr/upload/pfmPoster/PF_PF283640_260122_113607.gif,공연완료
PF283638,지브리 & 디즈니 콘서트 [인천],2026.04.25,2026.04.25,아트센터 인천,서양음악(클래식),http://www.kopis.or.kr/upload/pfmPoster/PF_PF283638_260122_112948.gif,공연예정
PF283630,제8회 서울스트링아카데미 정기연주회: SSA 영아티스트 콘서트,2026.01.30,2026.01.30,롯데콘서트홀,서양음악(클래식),http://www.kopis.or.kr/upload/pfmPoster/PF_PF283630_260122_110445.jpg,공연완료
PF283629,"On Screen Concert, 빈필하모닉 신년음악회 [부산] (영상화)",2026.02.19,2026.02.19,해운대문화회관,서양음악(클래식),http://www.kopis.or.kr/upload/pfmPoster/PF_PF283629_260122_105523.jpg,공연완료
PF283614,류이치 사카모토 트리뷰트 콘서트 [대구],2026.03.27,2026.03.27,대구콘서트하우스,서양음악(클래식),http://www.kopis.or.kr/upload/pfmPoster/PF_PF283614_260121_151212.gif,공연완료
PF283612,피아니스트 김태형 음반 발매 기념 리사이틀,2026.03.20,2026.03.20,예술의전당 [서울],서양음악(클래식),http://www.kopis.or.kr/upload/pfmPoster/PF_PF283612_260121_145150.gif,공연완료
PF283611,존 윌리엄스 VS 한스 짐머 [부산],2026.03.20,2026.03.20,부산콘서트홀,서양음악(클래식),http://www.kopis.or.kr/upload/pfmPoster/PF_PF283611_260121_144449.gif,공연완료
PF283602,클라라 주미 강 & 김선욱 듀오 리사이틀 [성남],2026.05.27,2026.05.27,성남아트센터,서양음악(클래식),http://www.kopis.or.kr/upload/pfmPoster/PF_PF283602_260122_160029.gif,공연예정
PF283601,제30회 페스티벌 필하모닉 오케스트라 정기연주회 [성남],2026.02.01,2026.02.01,성남아트센터,서양음악(클래식),http://www.kopis.or.kr/upload/pfmPoster/PF_PF283601_260121_132448.jpg,공연완료
PF283600,참빛 플루트 앙상블 창단연주회 [성남],2026.02.13,2026.02.13,성남아트센터,서양음악(클래식),http://www.kopis.or.kr/upload/pfmPoster/PF_PF283600_260205_154119.png,공연완료
PF283598,지브리와 사랑에 빠지다: 지브리 영화 음악 콘서트 [서울 관악],2026.03.14,2026.03.14,관악아트홀 (구. 관악문화관),서양음악(클래식),http://www.kopis.or.kr/upload/pfmPoster/PF_PF283598_260121_131841.gif,공연완료
PF283597,류이치 사카모토 트리뷰트 콘서트 [서울],2026.04.19,2026.04.19,금호아트홀 연세,서양음악(클래식),http://www.kopis.or.kr/upload/pfmPoster/PF_PF283597_260121_131841.gif,공연예정
PF283590,"한불 수교 140주년 기념, 부천필하모닉오케스트라 with 프랑스대사관 [부천]",2026.03.07,2026.03.07,부천아트센터,서양음악(클래식),http://www.kopis.or.kr/upload/pfmPoster/PF_PF283590_260205_154804.gif,공연완료
PF283583,박채영 피아노 독주회,2026.02.07,2026.02.07,아트센터 림,서양음악(클래식),http://www.kopis.or.kr/upload/pfmPoster/PF_PF283583_260121_115212.jpg,공연완료
PF283581,"F1963 겨울음악회5 마지막, 사무엘 윤 & 바그너 [부산]",2026.03.13,2026.03.13,F1963,서양음악(클래식),http://www.kopis.or.kr/upload/pfmPoster/PF_PF283581_260121_113814.jpg,공연완료
PF283575,류이치 사카모토 트리뷰트 콘서트 [부산],2026.03.29,2026.03.29,부산콘서트홀,서양음악(클래식),http://www.kopis.or.kr/upload/pfmPoster/PF_PF283575_260121_112104.gif,공연예정
PF283572,"창작산실, 최혜연: 비-음악적 비-극들",2026.02.12,2026.02.14,아르코예술극장,서양음악(클래식),http://www.kopis.or.kr/upload/pfmPoster/PF_PF283572_260121_111710.jpg,공연완료
PF283566,엘리자베트 레온스카야 피아노 리사이틀 [성남],2026.10.03,2026.10.03,성남아트센터,서양음악(클래식),http://www.kopis.or.kr/upload/pfmPoster/PF_PF283566_260122_160626.gif,공연예정
PF283563,손열음 & 고잉홈프로젝트 [경남],2026.07.10,2026.07.10,경상남도문화예술회관,서양음악(클래식),http://www.kopis.or.kr/upload/pfmPoster/PF_PF283563_260121_105203.png,공연예정
PF283561,제3회 루스틱 목관앙상블 정기연주회,2026.02.01,2026.02.01,금호아트홀 연세,서양음악(클래식),http://www.kopis.or.kr/upload/pfmPoster/PF_PF283561_260121_105201.gif,공연완료
PF283559,목관앙상블과 함께하는 디즈니 콘서트 [인천],2026.04.11,2026.04.11,아트센터 인천,서양음악(클래식),http://www.kopis.or.kr/upload/pfmPoster/PF_PF283559_260121_104806.gif,공연예정
PF283556,"꾸러기음악회, 봄이 오는 소리 [부산]",2026.03.07,2026.03.07,부산시민회관,서양음악(클래식),http://www.kopis.or.kr/upload/pfmPoster/PF_PF283556_260121_104314.gif,공연완료
PF283551,최송하 바이올린 리사이틀,2026.03.25,2026.03.25,예술의전당 [서울],서양음악(클래식),http://www.kopis.or.kr/upload/pfmPoster/PF_PF283551_260121_103138.gif,공연완료
PF283550,"BBC 심포니 오케스트라, 사카리 오라모 & 손열음 [성남]",2026.03.28,2026.03.28,성남아트센터,서양음악(클래식),http://www.kopis.or.kr/upload/pfmPoster/PF_PF283550_260202_124434.gif,공연중
PF283549,목관 앙상블과 함께하는 콘서트 시리즈: 지브리 콘서트 [인천],2026.03.28,2026.03.28,아트센터 인천,서양음악(클래식),http://www.kopis.or.kr/upload/pfmPoster/PF_PF283549_260121_102526.gif,공연중
PF283548,Japan 애니메이션 OST 콘서트,2026.02.22,2026.02.22,롯데콘서트홀,서양음악(클래식),http://www.kopis.or.kr/upload/pfmPoster/PF_PF283548_260121_102453.gif,공연완료
PF283547,"시대를 잇는 서정의 울림, 유진아 & 장나원 리사이틀 [대구]",2026.02.07,2026.02.07,대구콘서트하우스,서양음악(클래식),http://www.kopis.or.kr/upload/pfmPoster/PF_PF283547_260121_102453.jpg,공연완료
PF283544,지브리 & 디즈니 OST 콘서트 [문경],2026.01.29,2026.01.29,문경문화예술회관,서양음악(클래식),http://www.kopis.or.kr/upload/pfmPoster/PF_PF283544_260121_173839.jpg,공연완료
PF283543,베이비올 명화음악 콘서트: 리얼 사운드 북 [경기 광주],2026.02.14,2026.02.14,아람북스 본사 [경기 광주],서양음악(클래식),http://www.kopis.or.kr/upload/pfmPoster/PF_PF283543_260121_101601.png,공연완료
PF283542,제4회 블리스 앙상블 정기연주회: 듀오 배틀 그리고 하모니,2026.02.11,2026.02.11,예술의전당 [서울],서양음악(클래식),http://www.kopis.or.kr/upload/pfmPoster/PF_PF283542_260121_101256.jpg,공연완료
PF283541,"제4회 예그리나합창단 정기연주회, SANCTUM: 성소",2026.02.21,2026.02.21,광림아트센터,서양음악(클래식),http://www.kopis.or.kr/upload/pfmPoster/PF_PF283541_260121_100751.jpg,공연완료
PF283538,WDR쾰른방송오케스트라 [진주],2026.03.06,2026.03.06,경상남도문화예술회관,서양음악(클래식),http://www.kopis.or.kr/upload/pfmPoster/PF_PF283538_260126_132414.gif,공연완료
PF283534,제9회 제주국제실내악페스티벌 위너스콘서트,2026.02.07,2026.02.07,김정문화회관,서양음악(클래식),http://www.kopis.or.kr/upload/pfmPoster/PF_PF283534_260120_134601.jpg,공연완료
PF283533,제9회 한신유스콰이어 정기연주회 [성남],2026.01.31,2026.01.31,성남아트센터,서양음악(클래식),http://www.kopis.or.kr/upload/pfmPoster/PF_PF283533_260120_133808.png,공연완료
PF283532,제9회 제주 국제 실내악 페스티벌,2026.02.05,2026.02.08,김정문화회관,서양음악(클래식),http://www.kopis.or.kr/upload/pfmPoster/PF_PF283532_260120_132555.jpg,공연완료
PF283531,피아니스트 김송현 앨범발매 기념공연: TIMESCAPE (시간의 풍경),2026.03.16,2026.03.16,롯데콘서트홀,서양음악(클래식),http://www.kopis.or.kr/upload/pfmPoster/PF_PF283531_260120_131826.gif,공연완료
PF283515,"제3회 브라스밴드 더 루톤 정기음악회: 신년음악회, BRASS SPECTRUM [춘천]",2026.02.21,2026.02.21,춘천문화예술회관,서양음악(클래식),http://www.kopis.or.kr/upload/pfmPoster/PF_PF283515_260120_110255.jpg,공연완료
PF283511,금난새와 함께하는 회원음악회 [성남],2026.01.20,2026.01.20,성남아트센터,서양음악(클래식),http://www.kopis.or.kr/upload/pfmPoster/PF_PF283511_260120_105122.png,공연완료
PF283508,부산아티스트오케스트라 기획연주회: 바람에 실려오는 선율 하모니카와 오케스트라의 밤,2026.02.05,2026.02.05,(재) 영화의전당,서양음악(클래식),http://www.kopis.or.kr/upload/pfmPoster/PF_PF283508_260120_104739.png,공연완료
PF283507,제7회 영신오케스트라 정기연주회: 영신교육재단 80주년 기념 [대구],2026.01.29,2026.01.29,수성아트피아,서양음악(클래식),http://www.kopis.or.kr/upload/pfmPoster/PF_PF283507_260120_104425.png,공연완료
PF283506,"인간의 목소리, La voix humaine [구리]",2026.02.14,2026.02.14,구리아트홀,서양음악(클래식),http://www.kopis.or.kr/upload/pfmPoster/PF_PF283506_260120_104128.jpg,공연완료
PF283502,이철민 피아노 독주회,2026.02.12,2026.02.12,예술의전당 [서울],서양음악(클래식),http://www.kopis.or.kr/upload/pfmPoster/PF_PF283502_260120_103243.gif,공연완료
PF283500,바이올리니스트 노윤정의 렉쳐 리사이틀 Ⅳ,2026.02.22,2026.02.22,예술의전당 [서울],서양음악(클래식),http://www.kopis.or.kr/upload/pfmPoster/PF_PF283500_260120_102615.gif,공연완료
PF283498,Life in harmony-metlife 고객초청연주,2026.01.23,2026.01.23,구미시문화예술회관,서양음악(클래식),http://www.kopis.or.kr/upload/pfmPoster/PF_PF283498_260120_102234.png,공연완료
PF283497,옥유아 바이올린 독주회: 세 개의 시선,2026.02.27,2026.02.27,예술의전당 [서울],서양음악(클래식),http://www.kopis.or.kr/upload/pfmPoster/PF_PF283497_260120_102058.gif,공연완료
PF283494,오늘은 나로 부른다: 잠시 멈췄던 꿈을 다시 부르는 이야기,2026.02.21,2026.02.21,강남씨어터,서양음악(클래식),http://www.kopis.or.kr/upload/pfmPoster/PF_PF283494_260120_101532.gif,공연완료
PF283488,"엘림아트센터, 로비콘서트: 가장 가까이에서 만나는 디즈니와 지브리 [인천]",2026.02.01,2026.02.01,엘림아트센터,서양음악(클래식),http://www.kopis.or.kr/upload/pfmPoster/PF_PF283488_260120_100100.gif,공연완료
PF283478,MelON 디즈니+지브리 오케스트라 콘서트 VOLUME 2 [창원],2026.03.21,2026.03.21,성산아트홀,서양음악(클래식),http://www.kopis.or.kr/upload/pfmPoster/PF_PF283478_260119_154652.gif,공연완료
PF283477,이혜라 바순 독주회,2026.02.25,2026.02.25,예술의전당 [서울],서양음악(클래식),http://www.kopis.or.kr/upload/pfmPoster/PF_PF283477_260119_153538.gif,공연완료
PF283473,"코멜리 앙상블 콘서트, Brahms & Dvorak: 낭만의 대화",2026.01.31,2026.01.31,예술의전당 [서울],서양음악(클래식),http://www.kopis.or.kr/upload/pfmPoster/PF_PF283473_260119_150158.gif,공연완료
PF283471,"ONLY FOR YOU, 소프라노 고예정 독창회",2026.02.28,2026.02.28,에이치아츠 (H-Art),서양음악(클래식),http://www.kopis.or.kr/upload/pfmPoster/PF_PF283471_260119_145313.jpg,공연완료
PF283470,클래식코리아 콘체르토 페스티발: 유로챔버오케스트라와 함께하는 콘체르토 페스티벌,2026.01.21,2026.01.21,영산아트홀,서양음악(클래식),http://www.kopis.or.kr/upload/pfmPoster/PF_PF283470_260119_144725.gif,공연완료
PF283467,로보카폴리 오케스트라: 브룸스타운의 악기 구조대! [서울 서대문],2026.02.28,2026.02.28,연세대학교 백주년기념관,서양음악(클래식),http://www.kopis.or.kr/upload/pfmPoster/PF_PF283467_260119_143652.gif,공연완료
PF283466,사카리 오라모 & BBC 심포니 오케스트라 with 손열음 [부산],2026.03.24,2026.03.24,부산콘서트홀,서양음악(클래식),http://www.kopis.or.kr/upload/pfmPoster/PF_PF283466_260119_143647.gif,공연완료
PF283461,"제1288회 서초금요음악회, 창작오페라: 김소월",2026.01.30,2026.01.30,서초문화예술회관(구. 서초구민회관),서양음악(클래식),http://www.kopis.or.kr/upload/pfmPoster/PF_PF283461_260119_142552.jpg,공연완료
PF283459,제15회 RARE DREAMZ 정기연주회,2026.01.22,2026.01.22,세종문화회관,서양음악(클래식),http://www.kopis.or.kr/upload/pfmPoster/PF_PF283459_260119_141820.jpg,공연완료
PF283457,"디 오리지널 시리즈, 베토벤 페노메논 II with 김도현",2026.03.04,2026.03.04,예술의전당 [서울],서양음악(클래식),http://www.kopis.or.kr/upload/pfmPoster/PF_PF283457_260119_141744.gif,공연완료
PF283455,"제1150회 하우스콘서트, 아티스트 시리즈 1: 김재영 & 임동민 & 박하문 & 박유신 & 박성현 & 임현진",2026.03.16,2026.03.16,예술가의 집,서양음악(클래식),http://www.kopis.or.kr/upload/pfmPoster/PF_PF283455_260119_140919.png,공연완료
PF283454,"멜론 심포니 오케스트라 (MelON) , 지브리 & 뮤지컬 갈라 오케스트라 콘서트 [대전]",2026.03.29,2026.03.29,대전예술의전당,서양음악(클래식),http://www.kopis.or.kr/upload/pfmPoster/PF_PF283454_260119_141146.gif,공연예정
PF283453,"제1149회 하우스콘서트, 이하느리",2026.03.09,2026.03.09,예술가의 집,서양음악(클래식),http://www.kopis.or.kr/upload/pfmPoster/PF_PF283453_260119_140357.png,공연완료
PF283448,창원시립교향악단과 함께하는 신년음악회 [거창],2026.01.23,2026.01.23,거창문화센터,서양음악(클래식),http://www.kopis.or.kr/upload/pfmPoster/PF_PF283448_260119_135640.jpg,공연완료
PF283447,엘림아트센터: 클래식 명곡으로 채운 가장 편안한 로비콘서트 [인천],2026.01.25,2026.01.25,엘림아트센터,서양음악(클래식),http://www.kopis.or.kr/upload/pfmPoster/PF_PF283447_260119_135416.gif,공연완료
PF283445,"수아레콘서트, THE GRAND VOICES: S-VISION VOICE (1월)",2026.01.28,2026.01.28,소셜베뉴 라움,서양음악(클래식),http://www.kopis.or.kr/upload/pfmPoster/PF_PF283445_260119_135044.gif,공연완료
PF283444,"멜론 심포니 오케스트라 (MelON) , 지브리 & 뮤지컬 갈라 오케스트라 콘서트 [광주]",2026.03.28,2026.03.28,광주 예술의 전당,서양음악(클래식),http://www.kopis.or.kr/upload/pfmPoster/PF_PF283444_260119_134651.gif,공연중
PF283443,"멜론 심포니 오케스트라 (MelON) , 디즈니+지브리 오케스트라 콘서트 VOLUME2 [울산]",2026.03.14,2026.03.14,울산문화예술회관,서양음악(클래식),http://www.kopis.or.kr/upload/pfmPoster/PF_PF283443_260119_134315.gif,공연완료
PF283440,KBS교향악단과 함께하는 신년음악회: 새해를 여는 클래식 [순천],2026.02.08,2026.02.08,순천문화예술회관,서양음악(클래식),http://www.kopis.or.kr/upload/pfmPoster/PF_PF283440_260119_133402.png,공연완료
PF283437,"쌀롱드무지끄, Echoes of Light: 빛의 메아리",2026.01.31,2026.01.31,쌀롱드무지끄,서양음악(클래식),http://www.kopis.or.kr/upload/pfmPoster/PF_PF283437_260119_133014.jpg,공연완료
PF283435,Harmony: Violin & Piano Duo Recital [성남],2026.01.27,2026.01.27,티엘아이 아트센터,서양음악(클래식),http://www.kopis.or.kr/upload/pfmPoster/PF_PF283435_260119_132801.gif,공연완료
PF283432,Fluty Friends Concert,2026.01.24,2026.01.24,거암아트홀,서양음악(클래식),http://www.kopis.or.kr/upload/pfmPoster/PF_PF283432_260119_131816.gif,공연완료
PF283431,백향민 트럼펫 독주회,2026.02.10,2026.02.10,예술의전당 [서울],서양음악(클래식),http://www.kopis.or.kr/upload/pfmPoster/PF_PF283431_260119_131632.gif,공연완료
PF283427,"어린이 클래식 콘서트: 내 곁에, 베토벤 [제주]",2026.01.31,2026.01.31,애월뮤직팩토리,서양음악(클래식),http://www.kopis.or.kr/upload/pfmPoster/PF_PF283427_260119_131029.gif,공연완료
PF283426,信 Young Artist X K'ARTS Audition 수상자 리사이틀: 테너 박준형,2026.02.10,2026.02.10,신영체임버홀,서양음악(클래식),http://www.kopis.or.kr/upload/pfmPoster/PF_PF283426_260119_130653.gif,공연완료
PF283425,한지은 플루트 독주회 Flautato Series Ⅷ: 미네르바 Minerva,2026.03.03,2026.03.03,예술의전당 [서울],서양음악(클래식),http://www.kopis.or.kr/upload/pfmPoster/PF_PF283425_260119_170309.gif,공연완료
PF283421,"피아니스트 정지혜, 시간의 층위: Layers of Time",2026.02.07,2026.02.07,콘서트홀 나누,서양음악(클래식),http://www.kopis.or.kr/upload/pfmPoster/PF_PF283421_260119_124955.gif,공연완료
PF283415,"제10회 DF예술단 정기연주회, K-Lieder: 한국예술가곡의 역사3 [성남]",2026.02.11,2026.02.11,성남아트센터,서양음악(클래식),http://www.kopis.or.kr/upload/pfmPoster/PF_PF283415_260119_121055.gif,공연완료
PF283414,소프라노 이결 초청 독창회,2026.02.28,2026.02.28,세라믹팔레스홀,서양음악(클래식),http://www.kopis.or.kr/upload/pfmPoster/PF_PF283414_260119_114629.gif,공연완료
PF283413,날씨의 아이 필름 콘서트 [광주],2026.04.11,2026.04.11,광주 예술의 전당,서양음악(클래식),http://www.kopis.or.kr/upload/pfmPoster/PF_PF283413_260122_163337.gif,공연예정
PF283412,소아마비 박멸 프로젝트 신년음악회 [성남],2026.01.22,2026.01.22,성남아트리움 (구. 성남시민회관),서양음악(클래식),http://www.kopis.or.kr/upload/pfmPoster/PF_PF283412_260119_114002.jpg,공연완료
PF283409,성재창 트럼펫 독주회,2026.03.06,2026.03.06,예술의전당 [서울],서양음악(클래식),http://www.kopis.or.kr/upload/pfmPoster/PF_PF283409_260119_113106.gif,공연완료
PF283408,김서진 귀국 바이올린 독주회,2026.02.27,2026.02.27,예술의전당 [서울],서양음악(클래식),http://www.kopis.or.kr/upload/pfmPoster/PF_PF283408_260119_113105.gif,공연완료
PF283407,"고기연 바이올린 독주회, 시리즈 Ⅲ. 프랑스의 유산: 프랑스, 빛과 노래",2026.03.01,2026.03.01,금호아트홀 연세,서양음악(클래식),http://www.kopis.or.kr/upload/pfmPoster/PF_PF283407_260119_112702.gif,공연완료
PF283404,"월간연주자, 피아니스트 김다희 (1월)",2026.01.31,2026.01.31,갤러리 디 아르테 청담,서양음악(클래식),http://www.kopis.or.kr/upload/pfmPoster/PF_PF283404_260119_112125.gif,공연완료
PF283403,피아노 듀오 도크의 Doch!,2026.02.14,2026.02.14,콘서트홀 나누,서양음악(클래식),http://www.kopis.or.kr/upload/pfmPoster/PF_PF283403_260119_111919.jpg,공연완료
PF283401,"11시 브런치 콘서트, 카프리치오 & 랩소디 [부산]",2026.02.24,2026.02.24,금정문화회관,서양음악(클래식),http://www.kopis.or.kr/upload/pfmPoster/PF_PF283401_260119_111348.jpg,공연완료
PF283394,김정훈 바이올린 독주회: 모자르트 전곡 시리즈 Ⅰ,2026.01.27,2026.01.27,예술의전당 [서울],서양음악(클래식),http://www.kopis.or.kr/upload/pfmPoster/PF_PF283394_260119_105435.gif,공연완료
PF283393,"오페라 갈라, 비제 카르멘 [전주]",2026.02.06,2026.02.06,전북대학교 삼성문화회관,서양음악(클래식),http://www.kopis.or.kr/upload/pfmPoster/PF_PF283393_260119_105434.jpg,공연완료
PF283392,조이오브스트링스 정기연주회: 그녀의 목소리,2026.03.07,2026.03.07,예술의전당 [서울],서양음악(클래식),http://www.kopis.or.kr/upload/pfmPoster/PF_PF283392_260119_105027.gif,공연완료
PF283390,제9회 앙상블 나무 정기연주회,2026.02.21,2026.02.21,예술의전당 [서울],서양음악(클래식),http://www.kopis.or.kr/upload/pfmPoster/PF_PF283390_260122_165343.gif,공연완료
PF283387,정두웅 더블베이스 귀국 독주회,2026.02.11,2026.02.11,예술의전당 [서울],서양음악(클래식),http://www.kopis.or.kr/upload/pfmPoster/PF_PF283387_260119_103705.gif,공연완료
PF283383,바리톤 김동규 프리미엄 콘서트: 3월 愛 어느 멋진 날에 [부산],2026.03.12,2026.03.12,(재) 영화의전당,서양음악(클래식),http://www.kopis.or.kr/upload/pfmPoster/PF_PF283383_260119_102633.gif,공연완료
PF283382,제103회 원주시립교향악단 기획연주회: 피가로의 결혼 [원주],2026.02.05,2026.02.05,원주백운아트홀,서양음악(클래식),http://www.kopis.or.kr/upload/pfmPoster/PF_PF283382_260119_102551.jpg,공연완료
PF283378,Rode Rising Star Series #2,2026.02.06,2026.02.06,로데아트센터,서양음악(클래식),http://www.kopis.or.kr/upload/pfmPoster/PF_PF283378_260119_101513.gif,공연완료
PF283377,김예원 김가람 듀오 리사이틀,2026.02.04,2026.02.04,헤르만아트홀,서양음악(클래식),http://www.kopis.or.kr/upload/pfmPoster/PF_PF283377_260119_101504.jpg,공연완료
PF283375,바이올리니스트 박강현: 사적인 대화,2026.01.29,2026.01.29,뮤직앤아트스튜디오,서양음악(클래식),http://www.kopis.or.kr/upload/pfmPoster/PF_PF283375_260119_101127.jpg,공연완료
PF283373,창문너머 그림연주회: 창문너머 예술너머 파리,2026.02.07,2026.02.07,매일의 기쁨과 위로,서양음악(클래식),http://www.kopis.or.kr/upload/pfmPoster/PF_PF283373_260119_100722.jpg,공연완료
PF283368,지브리 & 디즈니 OST 콘서트,2026.02.21,2026.02.21,롯데콘서트홀,서양음악(클래식),http://www.kopis.or.kr/upload/pfmPoster/PF_PF283368_260116_152530.jpg,공연완료
PF283352,GS아트센터 X 국립심포니오케스트라 라이브 애니메이션 시네스테틱스: 피터와 늑대 & 어미 거위,2026.05.28,2026.05.28,GS아트센터,서양음악(클래식),http://www.kopis.or.kr/upload/pfmPoster/PF_PF283352_260116_143537.gif,공연예정
PF283348,"수성아트피아 명품시리즈 Ⅱ, 킹스싱어즈 [대구]",2026.02.27,2026.02.27,수성아트피아,서양음악(클래식),http://www.kopis.or.kr/upload/pfmPoster/PF_PF283348_260202_164515.jpg,공연완료
PF283346,제115회 강남심포니오케스트라 정기연주회,2026.02.22,2026.02.22,예술의전당 [서울],서양음악(클래식),http://www.kopis.or.kr/upload/pfmPoster/PF_PF283346_260204_151002.gif,공연완료
PF283341,존 엘리엇 가디너의 바흐 b단조 미사,2026.03.03,2026.03.03,예술의전당 [서울],서양음악(클래식),http://www.kopis.or.kr/upload/pfmPoster/PF_PF283341_260116_135137.gif,공연완료
PF283338,"존 엘리엇 가디너의 모차르트, 미완성",2026.03.04,2026.03.04,예술의전당 [서울],서양음악(클래식),http://www.kopis.or.kr/upload/pfmPoster/PF_PF283338_260116_134739.gif,공연완료
PF283337,"수성아트피아 명품시리즈 Ⅰ, 더 필하모닉 브라스 첫 내한공연 [대구]",2026.02.04,2026.02.04,수성아트피아,서양음악(클래식),http://www.kopis.or.kr/upload/pfmPoster/PF_PF283337_260116_134310.png,공연완료
PF283334,Lover’s Concert [군포],2026.02.21,2026.02.21,군포문화예술회관,서양음악(클래식),http://www.kopis.or.kr/upload/pfmPoster/PF_PF283334_260116_133520.gif,공연완료
PF283333,토요키즈클래식 (상반기) [용인],2026.02.28,2026.06.27,용인포은아트홀,서양음악(클래식),http://www.kopis.or.kr/upload/pfmPoster/PF_PF283333_260116_133254.gif,공연중
PF283330,홍성군민과 함께하는 신년음악회 [홍성],2026.02.07,2026.02.07,홍주문화회관,서양음악(클래식),http://www.kopis.or.kr/upload/pfmPoster/PF_PF283330_260116_132749.jpg,공연완료
PF283329,지브리와 사랑에 빠지다: 지브리 영화음악 콘서트 [밀양],2026.04.18,2026.04.18,밀양아리랑아트센터,서양음악(클래식),http://www.kopis.or.kr/upload/pfmPoster/PF_PF283329_260116_132322.jpg,공연예정
PF283326,안시내 귀국 피아노 독주회,2026.02.09,2026.02.09,금호아트홀 연세,서양음악(클래식),http://www.kopis.or.kr/upload/pfmPoster/PF_PF283326_260116_131614.gif,공연완료
PF283324,강효정 비올라 다 감바 독주회,2026.02.07,2026.02.07,예술의전당 [서울],서양음악(클래식),http://www.kopis.or.kr/upload/pfmPoster/PF_PF283324_260116_131405.gif,공연완료
PF283323,아즈마 아키와 함께하는 영화음악 콘서트: 지브리 & 월드 무비 OST [인천],2026.03.29,2026.03.29,인천문화예술회관,서양음악(클래식),http://www.kopis.or.kr/upload/pfmPoster/PF_PF283323_260116_131139.gif,공연예정
PF283322,제180회 강남심포니오케스트라 강남마티네콘서트: 피아니스트 김정원과 함께하는 아침의 음악정원Ⅱ,2026.02.05,2026.02.05,광림아트센터,서양음악(클래식),http://www.kopis.or.kr/upload/pfmPoster/PF_PF283322_260116_130902.jpg,공연완료
PF283319,이석준 호른 독주회,2026.03.05,2026.03.05,예술의전당 [서울],서양음악(클래식),http://www.kopis.or.kr/upload/pfmPoster/PF_PF283319_260119_170012.gif,공연완료
PF283314,키즈 클래식: 키즈 송 with 클래식 (2월) [창원],2026.02.28,2026.02.28,성산아트홀,서양음악(클래식),http://www.kopis.or.kr/upload/pfmPoster/PF_PF283314_260116_122426.jpg,공연완료
PF283311,클레어심포니오케스트라 기획공연: Symphonie fantastique [성남],2026.01.24,2026.01.24,성남아트센터,서양음악(클래식),http://www.kopis.or.kr/upload/pfmPoster/PF_PF283311_260126_153634.png,공연완료
PF283309,콰르텟 나인 창단연주회,2026.02.12,2026.02.12,세종문화회관,서양음악(클래식),http://www.kopis.or.kr/upload/pfmPoster/PF_PF283309_260116_114646.jpg,공연완료
PF283304,예원 챔버 오케스트라 정기연주회,2026.02.05,2026.02.05,서울아트센터,서양음악(클래식),http://www.kopis.or.kr/upload/pfmPoster/PF_PF283304_260116_112559.gif,공연완료
PF283303,영산아트홀 신인연주자시리즈,2026.01.26,2026.01.26,영산아트홀,서양음악(클래식),http://www.kopis.or.kr/upload/pfmPoster/PF_PF283303_260116_112129.gif,공연완료
PF283301,영등포아트홀 후원 음악회: 포커스 나눔콘서트,2026.02.06,2026.02.06,영등포아트홀,서양음악(클래식),http://www.kopis.or.kr/upload/pfmPoster/PF_PF283301_260116_111643.gif,공연완료
PF283300,피아니스트 신정희 & 송문희 듀오 리사이틀,2026.02.10,2026.02.10,영산아트홀,서양음악(클래식),http://www.kopis.or.kr/upload/pfmPoster/PF_PF283300_260116_111109.gif,공연완료
PF283299,부천시립예술단 신년음악회,2026.01.22,2026.01.22,부천아트센터,서양음악(클래식),http://www.kopis.or.kr/upload/pfmPoster/PF_PF283299_260116_110922.jpg,공연완료
PF283297,지브리와 사랑에 빠지다: 지브리 영화음악 콘서트 [인천 (앵콜) ],2026.05.09,2026.05.09,아트센터 인천,서양음악(클래식),http://www.kopis.or.kr/upload/pfmPoster/PF_PF283297_260116_110503.png,공연예정
PF283296,부산시립합창단 특별연주회: 부산시립합창단 x 광주시립합창단 교류음악회,2026.03.17,2026.03.17,낙동아트센터,서양음악(클래식),http://www.kopis.or.kr/upload/pfmPoster/PF_PF283296_260116_110433.jpg,공연완료
PF283294,지브리와 사랑에 빠지다: 지브리 영화음악 콘서트 [수원 (앵콜) ],2026.05.16,2026.05.16,수원SK아트리움,서양음악(클래식),http://www.kopis.or.kr/upload/pfmPoster/PF_PF283294_260116_105456.gif,공연예정
PF283291,제8회 대전아트필하모닉 오케스트라 정기연주회: 신년음악회 [대전],2026.02.03,2026.02.03,대전시립연정국악원,서양음악(클래식),http://www.kopis.or.kr/upload/pfmPoster/PF_PF283291_260119_171006.gif,공연완료
PF283283,제121회 군산시립합창단 정기 연주회 [군산],2026.02.05,2026.02.05,군산예술의전당,서양음악(클래식),http://www.kopis.or.kr/upload/pfmPoster/PF_PF283283_260116_101337.jpg,공연완료
PF283279,남양주 필하모닉 오케스트라 신년 음악회 [남양주],2026.01.31,2026.01.31,다산아트홀,서양음악(클래식),http://www.kopis.or.kr/upload/pfmPoster/PF_PF283279_260115_143010.gif,공연완료
PF283278,김현 귀국 클라리넷 독주회,2026.02.28,2026.02.28,예술의전당 [서울],서양음악(클래식),http://www.kopis.or.kr/upload/pfmPoster/PF_PF283278_260115_142124.gif,공연완료
PF283275,제3회 고유앙상블 정기연주회 [안산],2026.01.27,2026.01.27,안산문화예술의전당,서양음악(클래식),http://www.kopis.or.kr/upload/pfmPoster/PF_PF283275_260115_140724.gif,공연완료
PF283272,제3회 우면산악파 정기연주회,2026.02.09,2026.02.09,영산아트홀,서양음악(클래식),http://www.kopis.or.kr/upload/pfmPoster/PF_PF283272_260115_134428.gif,공연완료
PF283271,라곰 콰르텟 신년음악회: PRELUDE TO SPRING [강릉],2026.02.28,2026.02.28,강릉원주대학교 하슬라홀,서양음악(클래식),http://www.kopis.or.kr/upload/pfmPoster/PF_PF283271_260115_134428.jpg,공연완료
PF283270,오현진 바이올린 독주회,2026.02.09,2026.02.09,일신홀,서양음악(클래식),http://www.kopis.or.kr/upload/pfmPoster/PF_PF283270_260115_133754.gif,공연완료
PF283268,"트롬프 타악기 국제 콩쿠르 준우승기념, 공성연 리사이틀",2026.03.10,2026.03.10,예술의전당 [서울],서양음악(클래식),http://www.kopis.or.kr/upload/pfmPoster/PF_PF283268_260130_142846.gif,공연완료
PF283261,창원시립교향악단 신년음악회 [창원],2026.01.22,2026.01.22,3.15아트센터,서양음악(클래식),http://www.kopis.or.kr/upload/pfmPoster/PF_PF283261_260115_131410.jpg,공연완료
PF283260,KBS 교향악단과 함께하는 태교음악회 [구미],2026.02.21,2026.02.21,강동문화복지회관,서양음악(클래식),http://www.kopis.or.kr/upload/pfmPoster/PF_PF283260_260115_131144.gif,공연완료
PF283258,지휘자 백윤학의 Spring FESTA: 춤춰! 봄.,2026.03.22,2026.03.22,롯데콘서트홀,서양음악(클래식),http://www.kopis.or.kr/upload/pfmPoster/PF_PF283258_260115_130727.gif,공연완료
PF283254,지브리 & 디즈니 영화음악 FESTA [서울 (앵콜) ],2026.04.19,2026.04.19,롯데콘서트홀,서양음악(클래식),http://www.kopis.or.kr/upload/pfmPoster/PF_PF283254_260120_112352.gif,공연예정
PF283253,한화생명과 함께하는 예술의전당 11시 콘서트 (2월),2026.02.19,2026.02.19,예술의전당 [서울],서양음악(클래식),http://www.kopis.or.kr/upload/pfmPoster/PF_PF283253_260115_125628.gif,공연완료
PF283249,조은영 첼로 독주회,2026.01.23,2026.01.23,금호아트홀 연세,서양음악(클래식),http://www.kopis.or.kr/upload/pfmPoster/PF_PF283249_260115_124302.gif,공연완료
PF283243,차이코프스키 피아노 트리오,2026.03.12,2026.03.12,나루아트센터,서양음악(클래식),http://www.kopis.or.kr/upload/pfmPoster/PF_PF283243_260202_164150.gif,공연완료
PF283234,Winter Forest,2026.01.25,2026.01.25,쌀롱드무지끄,서양음악(클래식),http://www.kopis.or.kr/upload/pfmPoster/PF_PF283234_260115_111142.jpg,공연완료
PF283233,정승원 비올라 독주회,2026.02.10,2026.02.10,예술의전당 [서울],서양음악(클래식),http://www.kopis.or.kr/upload/pfmPoster/PF_PF283233_260115_110826.gif,공연완료
PF283228,한화생명과 함께하는 예술의전당 11시 콘서트 (3월),2026.03.12,2026.03.12,예술의전당 [서울],서양음악(클래식),http://www.kopis.or.kr/upload/pfmPoster/PF_PF283228_260115_110048.gif,공연완료
PF283227,"일리야 라쉬코프스키, 라흐마니노프 3개의 피아노 협주곡",2026.03.19,2026.03.19,예술의전당 [서울],서양음악(클래식),http://www.kopis.or.kr/upload/pfmPoster/PF_PF283227_260115_110047.gif,공연완료
PF283225,이유정 피아노 독주회,2026.02.07,2026.02.07,예술의전당 [서울],서양음악(클래식),http://www.kopis.or.kr/upload/pfmPoster/PF_PF283225_260115_105353.gif,공연완료
PF283217,"노현진 피아노 리사이틀: 다장조, 솔직한 순간",2026.02.28,2026.02.28,예술의전당 [서울],서양음악(클래식),http://www.kopis.or.kr/upload/pfmPoster/PF_PF283217_260115_103322.gif,공연완료
PF283215,THE 신년음악회 [오산],2026.01.24,2026.01.24,오산문화예술회관,서양음악(클래식),http://www.kopis.or.kr/upload/pfmPoster/PF_PF283215_260115_103000.gif,공연완료
PF283211,서울솔로이스츠하모니카오케스트라 스페셜 콘서트,2026.03.07,2026.03.07,흰물결아트센터,서양음악(클래식),http://www.kopis.or.kr/upload/pfmPoster/PF_PF283211_260115_102206.gif,공연완료
PF283197,"아츠스프링 대구 페스티벌, 발렌타인 콘서트 with 송클레어 [대구]",2026.02.14,2026.02.14,대구문화예술회관,서양음악(클래식),http://www.kopis.or.kr/upload/pfmPoster/PF_PF283197_260114_142219.gif,공연완료
PF283195,"BAC 클래식 시리즈, WDR 쾰른 방송 오케스트라 [부천]",2026.03.08,2026.03.08,부천아트센터,서양음악(클래식),http://www.kopis.or.kr/upload/pfmPoster/PF_PF283195_260114_141418.jpg,공연완료
PF283194,더 마스터즈: 김다솔 피아노 리사이틀 [대구],2026.04.21,2026.04.21,대구콘서트하우스,서양음악(클래식),http://www.kopis.or.kr/upload/pfmPoster/PF_PF283194_260114_141055.gif,공연예정
PF283193,"그랜드 오케스트라 위크, 일본 TPSO 스트링 앙상블 특별공연 [광주]",2026.02.05,2026.02.05,광주 예술의 전당,서양음악(클래식),http://www.kopis.or.kr/upload/pfmPoster/PF_PF283193_260114_140703.jpg,공연완료
PF283192,"그랜드 오케스트라 위크, 제403회 광주시립교향악단 정기연주회: Nr.2",2026.02.03,2026.02.03,광주 예술의 전당,서양음악(클래식),http://www.kopis.or.kr/upload/pfmPoster/PF_PF283192_260114_140549.jpg,공연완료
PF283188,더하나 패밀리 콘서트,2026.01.30,2026.01.30,성남아트센터,서양음악(클래식),http://www.kopis.or.kr/upload/pfmPoster/PF_PF283188_260114_134640.png,공연완료
PF283187,"클래식 온, 테너 김동녘 리사이틀 [대구]",2026.02.10,2026.02.10,대구콘서트하우스,서양음악(클래식),http://www.kopis.or.kr/upload/pfmPoster/PF_PF283187_260114_134417.gif,공연완료
PF283185,"클래식 온: 대구혼앙상블, AFTER 7: 30 HORN [대구]",2026.05.12,2026.05.12,대구콘서트하우스,서양음악(클래식),http://www.kopis.or.kr/upload/pfmPoster/PF_PF283185_260305_160118.gif,공연예정
PF283184,"클래시카서울 라이징스타 시리즈, 오닉스 콰르텟",2026.01.31,2026.01.31,클래시카 서울,서양음악(클래식),http://www.kopis.or.kr/upload/pfmPoster/PF_PF283184_260114_133605.jpg,공연완료
PF283182,"클래식 온, 차혜련 바이올린 리사이틀 [대구]",2026.06.30,2026.06.30,대구콘서트하우스,서양음악(클래식),http://www.kopis.or.kr/upload/pfmPoster/PF_PF283182_260114_133128.gif,공연예정
PF283179,양인모 & 잘츠부르크 모차르테움 오케스트라 [서울 서초구],2026.03.17,2026.03.17,예술의전당 [서울],서양음악(클래식),http://www.kopis.or.kr/upload/pfmPoster/PF_PF283179_260114_132547.gif,공연완료
PF283175,쾰른 (WDR) 방송 오케스트라 내한 공연 [서울 서초구],2026.03.11,2026.03.11,예술의전당 [서울],서양음악(클래식),http://www.kopis.or.kr/upload/pfmPoster/PF_PF283175_260114_131755.gif,공연완료
PF283174,"더 마스터즈, 김동현 바이올린 리사이틀 [대구]",2026.02.26,2026.02.26,대구콘서트하우스,서양음악(클래식),http://www.kopis.or.kr/upload/pfmPoster/PF_PF283174_260114_131541.gif,공연완료
PF283173,"그랜드 오케스트라 위크, 필하모닉 앙상블 특별공연: 2026 New Year Concert",2026.02.06,2026.02.06,광주 예술의 전당,서양음악(클래식),http://www.kopis.or.kr/upload/pfmPoster/PF_PF283173_260114_131250.jpg,공연완료
PF283170,"클래식 온, 이미연 피아노 리사이틀 [대구]",2026.03.10,2026.03.10,대구콘서트하우스,서양음악(클래식),http://www.kopis.or.kr/upload/pfmPoster/PF_PF283170_260114_130435.gif,공연완료
PF283169,더 마스터즈: 이자하 바이올린 리사이틀 [대구],2026.03.19,2026.03.19,대구콘서트하우스,서양음악(클래식),http://www.kopis.or.kr/upload/pfmPoster/PF_PF283169_260114_130434.gif,공연완료
PF283167,더 마스터즈: 김영준 바이올린 리사이틀 [대구],2026.06.18,2026.06.18,대구콘서트하우스,서양음악(클래식),http://www.kopis.or.kr/upload/pfmPoster/PF_PF283167_260114_125901.gif,공연예정
PF283162,그랜드 오케스트라 위크: KBS교향악단 특별공연 [광주],2026.02.04,2026.02.04,광주 예술의 전당,서양음악(클래식),http://www.kopis.or.kr/upload/pfmPoster/PF_PF283162_260114_124452.jpg,공연완료
PF283160,봄날음악회,2026.02.23,2026.02.23,롯데콘서트홀,서양음악(클래식),http://www.kopis.or.kr/upload/pfmPoster/PF_PF283160_260114_123026.gif,공연완료
PF283159,"클래식 온: 소프라노 류진교 리사이틀, Song of my life [대구]",2026.04.14,2026.04.14,대구콘서트하우스,서양음악(클래식),http://www.kopis.or.kr/upload/pfmPoster/PF_PF283159_260226_160730.gif,공연예정
PF283158,"아츠스프링 대구 페스티벌, 양한준 타악기 리사이틀",2026.02.07,2026.02.07,대구문화예술회관,서양음악(클래식),http://www.kopis.or.kr/upload/pfmPoster/PF_PF283158_260114_115712.gif,공연완료
PF283156,"부평아트센터 안부시리즈: 베토벤, 합창",2026.01.17,2026.01.17,부평아트센터,서양음악(클래식),http://www.kopis.or.kr/upload/pfmPoster/PF_PF283156_260114_113550.jpg,공연완료
PF283155,신년음악회 [안양],2026.01.31,2026.01.31,안양아트센터,서양음악(클래식),http://www.kopis.or.kr/upload/pfmPoster/PF_PF283155_260114_113249.png,공연완료
PF283154,제2회 르아또뮤직 정기연주회 [인천],2026.02.27,2026.02.27,부평아트센터,서양음악(클래식),http://www.kopis.or.kr/upload/pfmPoster/PF_PF283154_260114_113125.jpg,공연완료
PF283149,제20회 디가디가 타악기 앙상블 정기 연주회 [부산],2026.01.25,2026.01.25,(재) 영화의전당,서양음악(클래식),http://www.kopis.or.kr/upload/pfmPoster/PF_PF283149_260114_112341.jpg,공연완료
PF283144,지브리와 사랑에 빠지다: 지브리 영화음악 콘서트 [양산],2026.05.05,2026.05.05,쌍벽루아트홀,서양음악(클래식),http://www.kopis.or.kr/upload/pfmPoster/PF_PF283144_260114_110618.png,공연예정
PF283141,제2회 콘서트월드 국제 실내악 페스티벌,2026.01.29,2026.01.29,롯데콘서트홀,서양음악(클래식),http://www.kopis.or.kr/upload/pfmPoster/PF_PF283141_260114_110201.jpg,공연완료
PF283140,"아츠스프링 대구 페스티벌, 대구성악가협회 성악콩쿨 수상자 음악회",2026.01.31,2026.01.31,대구문화예술회관,서양음악(클래식),http://www.kopis.or.kr/upload/pfmPoster/PF_PF283140_260114_105920.gif,공연완료
PF283139,제4회 앙상블 신 정기연주회 [성남],2026.02.04,2026.02.04,성남아트센터,서양음악(클래식),http://www.kopis.or.kr/upload/pfmPoster/PF_PF283139_260202_171200.png,공연완료
PF283138,"신년음악회, 함신익 & 심포니 송 [서산]",2026.01.23,2026.01.23,서산시문화회관,서양음악(클래식),http://www.kopis.or.kr/upload/pfmPoster/PF_PF283138_260114_105857.jpg,공연완료
PF283135,"아츠스프링 대구 페스티벌, 노서균 바이올린 리사이틀",2026.02.05,2026.02.05,대구문화예술회관,서양음악(클래식),http://www.kopis.or.kr/upload/pfmPoster/PF_PF283135_260114_105030.gif,공연완료
PF283133,"신은경의 스토리텔링 피아노콘서트: 음을 이야기하다, 몸",2026.02.26,2026.02.26,JCC 아트센터,서양음악(클래식),http://www.kopis.or.kr/upload/pfmPoster/PF_PF283133_260114_104519.jpg,공연완료
PF283132,제11회 DF예술단 정기연주회: 광란의 아리아 모음.zip 3 [성남],2026.04.16,2026.04.16,성남아트센터,서양음악(클래식),http://www.kopis.or.kr/upload/pfmPoster/PF_PF283132_260114_104349.gif,공연예정
PF283131,이현웅 바이올린 독주회,2026.02.12,2026.02.12,예술의전당 [서울],서양음악(클래식),http://www.kopis.or.kr/upload/pfmPoster/PF_PF283131_260114_104157.gif,공연완료
PF283130,피아니스트 박상욱과 함께하는 브런치콘서트 Ⅰ [부천],2026.02.25,2026.02.25,부천아트센터,서양음악(클래식),http://www.kopis.or.kr/upload/pfmPoster/PF_PF283130_260114_103635.gif,공연완료
PF283126,"아츠스프링 대구 페스티벌, 강대현 바이올린 리사이틀",2026.02.04,2026.02.04,대구문화예술회관,서양음악(클래식),http://www.kopis.or.kr/upload/pfmPoster/PF_PF283126_260114_103101.gif,공연완료
PF283118,소프라노 이한나 독창회,2026.02.03,2026.02.03,금호아트홀 연세,서양음악(클래식),http://www.kopis.or.kr/upload/pfmPoster/PF_PF283118_260114_101600.gif,공연완료
PF283114,제628회 부산시립교향악단 정기연주회 [부산],2026.02.26,2026.02.26,부산시민회관,서양음악(클래식),http://www.kopis.or.kr/upload/pfmPoster/PF_PF283114_260114_100452.jpg,공연완료
PF283113,센텀아트홀 명품 ART 키즈콘서트: Winter Story [부산],2026.01.25,2026.01.25,센텀아트홀,서양음악(클래식),http://www.kopis.or.kr/upload/pfmPoster/PF_PF283113_260114_100148.png,공연완료
PF283110,"(사) 이태석재단 UN 특별협의지위 NGO 출범 축하음악회: 사랑으로 세운 길, 세계평화를 향해 나아가다",2026.01.17,2026.01.17,세종문화회관,서양음악(클래식),http://www.kopis.or.kr/upload/pfmPoster/PF_PF283110_260113_151942.jpg,공연완료
PF283108,"함신익과 심포니 송 마스터즈 시리즈 Ⅱ, 림스키-코르사코프: 세헤라자데",2026.03.12,2026.03.12,롯데콘서트홀,서양음악(클래식),http://www.kopis.or.kr/upload/pfmPoster/PF_PF283108_260113_150453.gif,공연완료
PF283107,한국경제인협회 퓨처 리더스 캠프 기념연주 [강릉],2026.01.30,2026.01.30,강릉아트센터 (구. 강릉문화예술관),서양음악(클래식),http://www.kopis.or.kr/upload/pfmPoster/PF_PF283107_260113_145741.jpg,공연완료
PF283106,피아니스트 이정화 리사이틀,2026.02.16,2026.02.16,세종문화회관,서양음악(클래식),http://www.kopis.or.kr/upload/pfmPoster/PF_PF283106_260113_145101.jpg,공연완료
PF283103,"제1145회 하우스콘서트, 선율 (Piano)",2026.01.26,2026.01.26,예술가의 집,서양음악(클래식),http://www.kopis.or.kr/upload/pfmPoster/PF_PF283103_260113_144203.jpg,공연완료
PF283102,제43회 젊은이의 음악제,2026.02.02,2026.02.06,영산아트홀,서양음악(클래식),http://www.kopis.or.kr/upload/pfmPoster/PF_PF283102_260113_143647.gif,공연완료
PF283101,춤추는 발레 FESTA: 백조의호수 & 호두까기인형 [서울 송파],2026.03.02,2026.03.02,롯데콘서트홀,서양음악(클래식),http://www.kopis.or.kr/upload/pfmPoster/PF_PF283101_260113_143156.gif,공연완료
PF283100,이승민 피아노 독주회,2026.02.17,2026.02.17,세종문화회관,서양음악(클래식),http://www.kopis.or.kr/upload/pfmPoster/PF_PF283100_260113_143035.jpg,공연완료
PF283098,지브리 & 디즈니 OST 콘서트 [성남],2026.02.28,2026.02.28,성남아트센터,서양음악(클래식),http://www.kopis.or.kr/upload/pfmPoster/PF_PF283098_260113_142448.gif,공연완료
PF283096,윤수영 피아노 독주회,2026.02.20,2026.02.20,세종문화회관,서양음악(클래식),http://www.kopis.or.kr/upload/pfmPoster/PF_PF283096_260113_141545.jpg,공연완료
PF283095,애니메이션 OST 섀도우콘서트 [제주],2026.01.17,2026.02.22,알레스 아트(Alles-Art),서양음악(클래식),http://www.kopis.or.kr/upload/pfmPoster/PF_PF283095_260113_140828.png,공연완료
PF283091,"함신익과 심포니 송 마스터즈 시리즈 Ⅲ, 쇼스타코비치 교향곡 5번",2026.05.30,2026.05.30,롯데콘서트홀,서양음악(클래식),http://www.kopis.or.kr/upload/pfmPoster/PF_PF283091_260126_133914.gif,공연예정
PF283088,"함신익과 심포니 송 마스터즈 시리즈 Ⅴ, 전람회의 그림",2026.09.12,2026.09.12,롯데콘서트홀,서양음악(클래식),http://www.kopis.or.kr/upload/pfmPoster/PF_PF283088_260113_134257.png,공연예정
PF283086,신카이 마코토 하이라이트 필름 콘서트 [서울 영등포] (02.21),2026.02.21,2026.02.21,KBS [본관],서양음악(클래식),http://www.kopis.or.kr/upload/pfmPoster/PF_PF283086_260113_133739.gif,공연완료
PF283084,"함신익과 심포니 송 마스터즈 시리즈 Ⅶ, 브람스 페스티벌",2026.11.16,2026.11.16,롯데콘서트홀,서양음악(클래식),http://www.kopis.or.kr/upload/pfmPoster/PF_PF283084_260113_132822.gif,공연예정
PF283070,"함신익과 심포니 송 마스터즈 시리즈 VI, 차이코프스키 스페셜",2026.10.24,2026.10.24,롯데콘서트홀,서양음악(클래식),http://www.kopis.or.kr/upload/pfmPoster/PF_PF283070_260113_125650.gif,공연예정
PF283066,제2회 앙상블 노바팔라 정기 연주회: 유럽의 민속음악 [대구],2026.01.24,2026.01.24,대구콘서트하우스,서양음악(클래식),http://www.kopis.or.kr/upload/pfmPoster/PF_PF283066_260113_123413.jpg,공연완료
PF283061,안동문화예술의전당 유료회원을 위한 스페셜 콘서트 [안동],2026.01.23,2026.01.23,안동문화예술의전당,서양음악(클래식),http://www.kopis.or.kr/upload/pfmPoster/PF_PF283061_260113_114219.jpg,공연완료
PF283059,서울학생연합 오케스트라 창단 연주회,2026.01.26,2026.01.26,롯데콘서트홀,서양음악(클래식),http://www.kopis.or.kr/upload/pfmPoster/PF_PF283059_260113_113537.jpg,공연완료
PF283056,"제522회 대구시립교향악단 정기연주회: 브람스, 독일 낭만의 대화",2026.02.13,2026.02.13,대구콘서트하우스,서양음악(클래식),http://www.kopis.or.kr/upload/pfmPoster/PF_PF283056_260113_112540.gif,공연완료
PF283051,아즈마 아키와 함께하는 영화음악 콘서트: 지브리 & 월드 무비 OST [부천],2026.03.28,2026.03.28,부천시민회관,서양음악(클래식),http://www.kopis.or.kr/upload/pfmPoster/PF_PF283051_260113_111459.gif,공연중
PF283048,홍유리 피아노 독주회 [성남],2026.02.05,2026.02.05,성남아트센터,서양음악(클래식),http://www.kopis.or.kr/upload/pfmPoster/PF_PF283048_260113_110830.png,공연완료
PF283047,제29회 김포필하모닉 유스오케스트라 정기연주회: The Snowstorm,2026.02.13,2026.02.13,김포아트홀,서양음악(클래식),http://www.kopis.or.kr/upload/pfmPoster/PF_PF283047_260113_110506.png,공연완료
PF283044,김진아 귀국 바이올린 독주회,2026.02.08,2026.02.08,금호아트홀 연세,서양음악(클래식),http://www.kopis.or.kr/upload/pfmPoster/PF_PF283044_260113_105947.gif,공연완료
PF283043,Romantic Midnight Sounds,2026.02.14,2026.02.14,도곡2문화센터,서양음악(클래식),http://www.kopis.or.kr/upload/pfmPoster/PF_PF283043_260113_105418.gif,공연완료
PF283041,제9회 제주국제실내악페스티벌 (무료초청),2026.02.05,2026.02.08,김정문화회관,서양음악(클래식),http://www.kopis.or.kr/upload/pfmPoster/PF_PF283041_260113_104749.jpg,공연완료
PF283039,국제 브루노발터 라이징콘서트,2026.01.12,2026.01.12,롯데콘서트홀,서양음악(클래식),http://www.kopis.or.kr/upload/pfmPoster/PF_PF283039_260113_104543.png,공연완료
PF283038,국성화 플루트 독주회,2026.02.09,2026.02.09,세종문화회관,서양음악(클래식),http://www.kopis.or.kr/upload/pfmPoster/PF_PF283038_260113_103801.jpg,공연완료
PF283036,제109회 부산신포니에타 창단40주년 기념 정기연주회 with 호르니스트 라덱 바보락 [부산],2026.02.03,2026.02.03,부산문화회관,서양음악(클래식),http://www.kopis.or.kr/upload/pfmPoster/PF_PF283036_260113_103240.gif,공연완료
PF283032,제16회 베누스토 일산오케스트라 정기연주회 [고양],2026.01.31,2026.01.31,고양아람누리,서양음악(클래식),http://www.kopis.or.kr/upload/pfmPoster/PF_PF283032_260113_102358.png,공연완료
PF283031,제2회 이윤호 트롬본 독주회,2026.02.06,2026.02.06,세종문화회관,서양음악(클래식),http://www.kopis.or.kr/upload/pfmPoster/PF_PF283031_260113_102311.jpg,공연완료
PF283029,박진우 & 이지영 듀오 리사이틀,2026.02.25,2026.02.25,예술의전당 [서울],서양음악(클래식),http://www.kopis.or.kr/upload/pfmPoster/PF_PF283029_260113_101703.gif,공연완료
PF283026,박윤정 플루트 독주회 [대구],2026.02.21,2026.02.21,수성아트피아,서양음악(클래식),http://www.kopis.or.kr/upload/pfmPoster/PF_PF283026_260113_101109.png,공연완료
PF283025,클라리넷 앙상블 휘 정기연주회: Colorful Clarinets,2026.01.30,2026.01.30,세종문화회관,서양음악(클래식),http://www.kopis.or.kr/upload/pfmPoster/PF_PF283025_260113_101108.jpg,공연완료
PF283018,리오아트 아뜰리에 기획연주 시리즈 Ⅱ. 오르간 콘서트 [인천],2026.01.17,2026.01.17,리오아트 아뜰리에,서양음악(클래식),http://www.kopis.or.kr/upload/pfmPoster/PF_PF283018_260113_095441.png,공연완료
PF283016,대전시립교향악단 마티네 콘서트 1 [대전],2026.02.04,2026.02.04,대전시립연정국악원,서양음악(클래식),http://www.kopis.or.kr/upload/pfmPoster/PF_PF283016_260112_162224.png,공연완료
PF283011,아즈마 아키와 함께하는 영화음악 콘서트: 지브리 & 월드무비 OST [수원],2026.02.21,2026.02.21,경기아트센터(구. 경기도문화의전당),서양음악(클래식),http://www.kopis.or.kr/upload/pfmPoster/PF_PF283011_260112_155304.gif,공연완료
PF283009,Concerto Paradiso [평택],2026.02.13,2026.02.13,평택아트센터,서양음악(클래식),http://www.kopis.or.kr/upload/pfmPoster/PF_PF283009_260112_154400.gif,공연완료
PF283005,지브리와 사랑에 빠지다: 지브리 영화음악 콘서트 [여수],2026.04.04,2026.04.04,GS칼텍스 예울마루,서양음악(클래식),http://www.kopis.or.kr/upload/pfmPoster/PF_PF283005_260112_150322.gif,공연예정
PF283003,우지안 포르테피아노 리사이틀: 모셸레스 프로젝트 2,2026.01.31,2026.01.31,예술의전당 [서울],서양음악(클래식),http://www.kopis.or.kr/upload/pfmPoster/PF_PF283003_260112_145754.gif,공연완료
PF283002,"쌀롱드무지끄, 피아노듀오 매그",2026.01.24,2026.01.24,쌀롱드무지끄,서양음악(클래식),http://www.kopis.or.kr/upload/pfmPoster/PF_PF283002_260112_145416.jpg,공연완료
PF282997,지브리 하우스 콘서트: 분홍 눈꽃이 휘날리다 [부산],2026.03.01,2026.03.01,첼리스트의 서재,서양음악(클래식),http://www.kopis.or.kr/upload/pfmPoster/PF_PF282997_260112_144408.gif,공연완료
PF282989,유미향 피아노 독주회,2026.02.04,2026.02.04,예술의전당 [서울],서양음악(클래식),http://www.kopis.or.kr/upload/pfmPoster/PF_PF282989_260112_141921.gif,공연완료
PF282978,한경아르떼필하모닉 정기연주회: 한경arte필하모닉 더클래식,2026.02.25,2026.02.25,롯데콘서트홀,서양음악(클래식),http://www.kopis.or.kr/upload/pfmPoster/PF_PF282978_260112_135450.gif,공연완료
PF282975,이철옥 아코디언콘서트 with 아코뮤즈,2026.01.29,2026.01.29,예술의전당 [서울],서양음악(클래식),http://www.kopis.or.kr/upload/pfmPoster/PF_PF282975_260112_134832.gif,공연완료
PF282968,"쌀롱드무지끄, Filmic Baroque",2026.01.23,2026.01.23,쌀롱드무지끄,서양음악(클래식),http://www.kopis.or.kr/upload/pfmPoster/PF_PF282968_260112_133152.jpg,공연완료
PF282967,서울시민과 함께하는 신년음악회: 희망의 서곡,2026.01.23,2026.01.23,스카이아트홀,서양음악(클래식),http://www.kopis.or.kr/upload/pfmPoster/PF_PF282967_260112_133011.jpg,공연완료
PF282966,Under the Starlight,2026.01.24,2026.01.24,쌀롱드무지끄,서양음악(클래식),http://www.kopis.or.kr/upload/pfmPoster/PF_PF282966_260112_132626.jpg,공연완료
PF282965,제4회 플루트 인포메이션 프로젝트: 크리스티나 파스벤더 & 안네 카테리네 하인츠만 듀오 리사이틀,2026.02.26,2026.02.26,예술의전당 [서울],서양음악(클래식),http://www.kopis.or.kr/upload/pfmPoster/PF_PF282965_260112_132515.gif,공연완료
PF282963,소프라노 윤아르나 독창회: 파리 여행을 위한 플레이리스트 Vol.2,2026.03.05,2026.03.05,세종문화회관,서양음악(클래식),http://www.kopis.or.kr/upload/pfmPoster/PF_PF282963_260112_132032.png,공연완료
PF282960,오지선 플루트 귀국 독주회,2026.02.07,2026.02.07,예술의전당 [서울],서양음악(클래식),http://www.kopis.or.kr/upload/pfmPoster/PF_PF282960_260112_131529.gif,공연완료
PF282944,TIMF 신년음악회 [통영],2026.01.11,2026.01.11,통영국제음악당,서양음악(클래식),http://www.kopis.or.kr/upload/pfmPoster/PF_PF282944_260112_123337.jpg,공연완료
PF282941,최현아 피아노 독주회 [부산],2026.01.13,2026.01.13,해운대문화회관,서양음악(클래식),http://www.kopis.or.kr/upload/pfmPoster/PF_PF282941_260112_122531.gif,공연완료
PF282939,고양호수청소년오케스트라 정기연주회,2026.01.10,2026.01.10,고양아람누리,서양음악(클래식),http://www.kopis.or.kr/upload/pfmPoster/PF_PF282939_260112_121855.png,공연완료
PF282938,"월간연주자, 피아니스트 김유빈 (1월)",2026.01.24,2026.01.24,갤러리 디 아르테 청담,서양음악(클래식),http://www.kopis.or.kr/upload/pfmPoster/PF_PF282938_260112_121418.gif,공연완료
PF282936,제4회 Sungshin Piano Ensemble Concert: 심포니 오디세이,2026.02.18,2026.02.18,세종문화회관,서양음악(클래식),http://www.kopis.or.kr/upload/pfmPoster/PF_PF282936_260112_120130.jpg,공연완료
PF282933,라베크 자매 Two Pianos: 필립 글래스의 장 콕토 3부작,2026.04.26,2026.04.26,LG아트센터 서울,서양음악(클래식),http://www.kopis.or.kr/upload/pfmPoster/PF_PF282933_260122_171707.jpg,공연예정
PF282929,박정길 튜바 독주회: TUBA 2.0 WHAT IS LIMIT,2026.02.05,2026.02.05,예술의전당 [서울],서양음악(클래식),http://www.kopis.or.kr/upload/pfmPoster/PF_PF282929_260112_113221.gif,공연완료
PF282928,앙상블 클랑 정기연주회,2026.02.21,2026.02.21,예술의전당 [서울],서양음악(클래식),http://www.kopis.or.kr/upload/pfmPoster/PF_PF282928_260112_113220.gif,공연완료
PF282925,김유빈 피아노 리사이틀,2026.02.04,2026.02.04,세종문화회관,서양음악(클래식),http://www.kopis.or.kr/upload/pfmPoster/PF_PF282925_260112_112008.jpg,공연완료
PF282923,"제14회 클로즈업콘서트, 피아니스트 이동하: Zoom in Friendship",2026.02.07,2026.02.07,피아니스트의 방,서양음악(클래식),http://www.kopis.or.kr/upload/pfmPoster/PF_PF282923_260112_111301.png,공연완료
PF282920,김나영 비올라 독주회,2026.02.01,2026.02.01,예술의전당 [서울],서양음악(클래식),http://www.kopis.or.kr/upload/pfmPoster/PF_PF282920_260112_110856.gif,공연완료
PF282916,Stained Glass 2: Beethoven Op.11,2026.01.17,2026.01.17,도곡2문화센터,서양음악(클래식),http://www.kopis.or.kr/upload/pfmPoster/PF_PF282916_260112_110005.gif,공연완료
PF282914,지브리 & 디즈니 영화음악 FESTA [고양 (앵콜) ],2026.03.21,2026.03.21,고양아람누리,서양음악(클래식),http://www.kopis.or.kr/upload/pfmPoster/PF_PF282914_260112_105121.gif,공연완료
PF282913,이혜인 & 이기상 피아노 조인트 리사이틀: La Musique de paris en Janvier,2026.01.21,2026.01.21,아트홀제이,서양음악(클래식),http://www.kopis.or.kr/upload/pfmPoster/PF_PF282913_260112_105120.jpg,공연완료
PF282912,제1회 콰르텟 파씨오 정기연주회,2026.02.20,2026.02.20,예술의전당 [서울],서양음악(클래식),http://www.kopis.or.kr/upload/pfmPoster/PF_PF282912_260112_105046.gif,공연완료
PF282910,제4회 Segen Piano Duo Recital 정기연주회,2026.02.08,2026.02.08,영산아트홀,서양음악(클래식),http://www.kopis.or.kr/upload/pfmPoster/PF_PF282910_260112_104436.gif,공연완료
PF282908,김보경 클라리넷 독주회 [대구],2026.02.06,2026.02.06,대구콘서트하우스,서양음악(클래식),http://www.kopis.or.kr/upload/pfmPoster/PF_PF282908_260112_104051.jpeg,공연완료
PF282903,최현아 피아노 독주회: Portrait of Night [서울],2026.01.23,2026.01.23,반포심산아트홀,서양음악(클래식),http://www.kopis.or.kr/upload/pfmPoster/PF_PF282903_260112_103003.gif,공연완료
PF282898,피아니스트 김보라 & 노민영 듀오 연주회: 앙상블의 미학 Ⅰ. Favourites,2026.01.24,2026.01.24,일신홀,서양음악(클래식),http://www.kopis.or.kr/upload/pfmPoster/PF_PF282898_260112_101612.gif,공연완료
PF282893,"DCH앙상블페스티벌, 앙상블 쏘노 스트링 콰르텟 [대구]",2026.03.18,2026.03.18,대구콘서트하우스,서양음악(클래식),http://www.kopis.or.kr/upload/pfmPoster/PF_PF282893_260109_152119.gif,공연완료
PF282892,"DCH앙상블페스티벌, 에올리아 앙상블 [대구]",2026.03.26,2026.03.26,대구콘서트하우스,서양음악(클래식),http://www.kopis.or.kr/upload/pfmPoster/PF_PF282892_260109_151429.gif,공연완료
PF282890,DCH앙상블페스티벌: 앙상블 여수 [대구],2026.03.12,2026.03.12,대구콘서트하우스,서양음악(클래식),http://www.kopis.or.kr/upload/pfmPoster/PF_PF282890_260122_163738.gif,공연완료
PF282889,DCH앙상블페스티벌: 앙상블 이로 [대구],2026.03.13,2026.03.13,대구콘서트하우스,서양음악(클래식),http://www.kopis.or.kr/upload/pfmPoster/PF_PF282889_260122_163949.gif,공연완료
PF282888,"DCH앙상블페스티벌, DCH-하노버 앙상블 [대구]",2026.02.12,2026.02.12,대구콘서트하우스,서양음악(클래식),http://www.kopis.or.kr/upload/pfmPoster/PF_PF282888_260122_152008.gif,공연완료
PF282886,DCH앙상블페스티벌: 더 케이윈즈 [대구],2026.03.21,2026.03.21,대구콘서트하우스,서양음악(클래식),http://www.kopis.or.kr/upload/pfmPoster/PF_PF282886_260122_160923.gif,공연완료
PF282885,"DCH앙상블페스티벌, 부산신포니에타 [대구]",2026.02.04,2026.02.04,대구콘서트하우스,서양음악(클래식),http://www.kopis.or.kr/upload/pfmPoster/PF_PF282885_260109_144322.gif,공연완료
PF282881,유키 구라모토 콘서트: Peacefully [대전],2026.03.18,2026.03.18,대전예술의전당,서양음악(클래식),http://www.kopis.or.kr/upload/pfmPoster/PF_PF282881_260109_143546.gif,공연완료
PF282880,DCH앙상블페스티벌: 스페니쉬 브라스 [대구],2026.03.18,2026.03.18,대구콘서트하우스,서양음악(클래식),http://www.kopis.or.kr/upload/pfmPoster/PF_PF282880_260204_174301.gif,공연완료
PF282879,양산시 승격 30주년 기념 신년음악회 [양산],2026.01.23,2026.01.23,양산문화예술회관,서양음악(클래식),http://www.kopis.or.kr/upload/pfmPoster/PF_PF282879_260109_142410.png,공연완료
PF282877,"DCH앙상블페스티벌, 앙상블 데어토니카 [대구]",2026.02.21,2026.02.21,대구콘서트하우스,서양음악(클래식),http://www.kopis.or.kr/upload/pfmPoster/PF_PF282877_260109_141517.gif,공연완료
PF282876,"DCH앙상블페스티벌, 카메라타 전남 [대구]",2026.03.27,2026.03.27,대구콘서트하우스,서양음악(클래식),http://www.kopis.or.kr/upload/pfmPoster/PF_PF282876_260109_141248.gif,공연완료
PF282874,"DCH앙상블페스티벌, 대구 비르투오조 챔버 [대구]",2026.02.25,2026.02.25,대구콘서트하우스,서양음악(클래식),http://www.kopis.or.kr/upload/pfmPoster/PF_PF282874_260109_140824.gif,공연완료
PF282871,"DCH앙상블페스티벌, 노부스 콰르텟 [대구]",2026.03.25,2026.03.25,대구콘서트하우스,서양음악(클래식),http://www.kopis.or.kr/upload/pfmPoster/PF_PF282871_260109_135716.gif,공연완료
PF282870,유키 구라모토 콘서트: Peacefully [광주],2026.03.15,2026.03.15,광주 예술의 전당,서양음악(클래식),http://www.kopis.or.kr/upload/pfmPoster/PF_PF282870_260109_135339.gif,공연완료
PF282869,정명훈 & 드레스덴 슈타츠카펠레 [서울 서초] (02.01),2026.02.01,2026.02.01,예술의전당 [서울],서양음악(클래식),http://www.kopis.or.kr/upload/pfmPoster/PF_PF282869_260109_134811.gif,공연완료
PF282866,코리안리 신년음악회,2026.01.08,2026.01.08,롯데콘서트홀,서양음악(클래식),http://www.kopis.or.kr/upload/pfmPoster/PF_PF282866_260109_134057.png,공연완료
PF282865,"선데이콘서트, 해설이 있는 렉처 콘서트: 아이작 첼로 콰르텟 [인천]",2026.01.18,2026.01.18,엘림아트센터,서양음악(클래식),http://www.kopis.or.kr/upload/pfmPoster/PF_PF282865_260109_134057.gif,공연완료
PF282863,오프닝 콘서트: 신세계교향곡 & 카르미나 부라나 [공주],2026.02.12,2026.02.12,공주문예회관,서양음악(클래식),http://www.kopis.or.kr/upload/pfmPoster/PF_PF282863_260109_133531.gif,공연완료
PF282861,카운터테너 정민호: 고음악살롱 Renaissance & Baroque Music,2026.01.20,2026.01.20,아트센터 림,서양음악(클래식),http://www.kopis.or.kr/upload/pfmPoster/PF_PF282861_260109_132611.jpg,공연완료
PF282860,더 듀오: 조소연 & 조윤경 피아노 듀오 리사이틀,2026.02.21,2026.02.21,세종문화회관,서양음악(클래식),http://www.kopis.or.kr/upload/pfmPoster/PF_PF282860_260122_165821.gif,공연완료
PF282859,황소진 첼로 독주회,2026.02.05,2026.02.05,예술의전당 [서울],서양음악(클래식),http://www.kopis.or.kr/upload/pfmPoster/PF_PF282859_260109_132023.gif,공연완료
PF282853,베이스 바리톤 류지상 독창회,2026.02.11,2026.02.11,예술의전당 [서울],서양음악(클래식),http://www.kopis.or.kr/upload/pfmPoster/PF_PF282853_260109_130409.gif,공연완료
PF282849,월간연주자 피아니스트 원아영 (1월),2026.01.17,2026.01.17,갤러리 디 아르테 청담,서양음악(클래식),http://www.kopis.or.kr/upload/pfmPoster/PF_PF282849_260109_125646.gif,공연완료
PF282848,"멜론 심포니 오케스트라 (MelON) , 디즈니+지브리 오케스트라 콘서트 VOLUME2 [대전]",2026.03.01,2026.03.01,대전예술의전당,서양음악(클래식),http://www.kopis.or.kr/upload/pfmPoster/PF_PF282848_260109_125119.gif,공연완료
PF282847,"멜론 심포니 오케스트라 (MelON) , 디즈니+지브리 오케스트라 콘서트 VOLUME2 [대구]",2026.03.07,2026.03.07,대구콘서트하우스,서양음악(클래식),http://www.kopis.or.kr/upload/pfmPoster/PF_PF282847_260109_124248.gif,공연완료
PF282844,"살롱클래식, 트리오 화온의 질문해도 되는 음악회",2026.01.22,2026.01.22,라율아트홀,서양음악(클래식),http://www.kopis.or.kr/upload/pfmPoster/PF_PF282844_260109_122302.gif,공연완료
PF282843,밤이 전하는 이야기 with 소프라노 오은지 & 테너 김래주 & 베이스바리톤 윤종민,2026.02.07,2026.02.07,세종문화회관,서양음악(클래식),http://www.kopis.or.kr/upload/pfmPoster/PF_PF282843_260109_113808.jpg,공연완료
PF282840,SPRING OST CONCERT: 음악으로 피어나는 영화 속 봄날의 한 장면 [부산],2026.04.25,2026.04.25,해운대문화회관,서양음악(클래식),http://www.kopis.or.kr/upload/pfmPoster/PF_PF282840_260109_112947.gif,공연예정
PF282835,유키 구라모토 콘서트: Peacefully [포항],2026.03.22,2026.03.22,포항문화예술회관,서양음악(클래식),http://www.kopis.or.kr/upload/pfmPoster/PF_PF282835_260109_111717.jpg,공연완료
PF282833,유키 구라모토 콘서트: Peacefully [청주],2026.03.17,2026.03.17,청주예술의전당,서양음악(클래식),http://www.kopis.or.kr/upload/pfmPoster/PF_PF282833_260109_111029.jpg,공연완료
PF282829,제31회 MERRY 정기연주회: Magic Hour: 1900년대 디즈니 오케스트라 콘서트,2026.02.07,2026.02.07,나루아트센터,서양음악(클래식),http://www.kopis.or.kr/upload/pfmPoster/PF_PF282829_260109_105917.gif,공연완료
PF282825,안준영 첼로 독주회: Keep the memories,2026.02.06,2026.02.06,예술의전당 [서울],서양음악(클래식),http://www.kopis.or.kr/upload/pfmPoster/PF_PF282825_260109_105202.gif,공연완료
PF282823,김이안 피아노살롱,2026.01.17,2026.02.21,서울숲 스튜디오301,서양음악(클래식),http://www.kopis.or.kr/upload/pfmPoster/PF_PF282823_260109_104530.jpg,공연완료
PF282819,유키 구라모토 콘서트: Peacefully [전주],2026.03.19,2026.03.19,한국소리문화의전당,서양음악(클래식),http://www.kopis.or.kr/upload/pfmPoster/PF_PF282819_260109_103646.gif,공연완료
PF282797,"낭만주의 거장, 차이코프스키 & 라흐마니노프 & 신세계로부터 [부산]",2026.01.30,2026.01.30,부산콘서트홀,서양음악(클래식),http://www.kopis.or.kr/upload/pfmPoster/PF_PF282797_260108_135014.gif,공연완료
PF282793,히사이시 조 영화음악 콘서트: Chamber Edition [서울 서초],2026.02.08,2026.02.08,예술의전당 [서울],서양음악(클래식),http://www.kopis.or.kr/upload/pfmPoster/PF_PF282793_260108_131622.gif,공연완료
PF282792,"신년음악회: Everyday, A New Beginning [안성]",2026.01.31,2026.01.31,안성맞춤아트홀,서양음악(클래식),http://www.kopis.or.kr/upload/pfmPoster/PF_PF282792_260108_130657.gif,공연완료
PF282785,"함신익과 심포니 송 마스터즈 시리즈 Ⅰ, 말러의 부활",2026.02.07,2026.02.07,예술의전당 [서울],서양음악(클래식),http://www.kopis.or.kr/upload/pfmPoster/PF_PF282785_260108_114047.gif,공연완료
PF282783,나우카르페디엠 페스티벌 음악회 I & II,2026.01.15,2026.01.15,세라믹팔레스홀,서양음악(클래식),http://www.kopis.or.kr/upload/pfmPoster/PF_PF282783_260108_113204.gif,공연완료
PF282782,신년콘서트: 이금희의 영화음악 다이어리 [밀양],2026.01.30,2026.01.30,밀양아리랑아트센터,서양음악(클래식),http://www.kopis.or.kr/upload/pfmPoster/PF_PF282782_260108_112815.png,공연완료
PF282779,한국해양진흥공사와 함께하는 해양음악제: 바다의 오케스트라 [부산],2026.01.24,2026.01.24,부산콘서트홀,서양음악(클래식),http://www.kopis.or.kr/upload/pfmPoster/PF_PF282779_260108_111625.png,공연완료
PF282777,"비원뮤직홀 클래식 시리즈, 신년음악회: 비원뮤직홀 제4악장, Op.374 [대구]",2026.01.10,2026.01.10,비원뮤직홀,서양음악(클래식),http://www.kopis.or.kr/upload/pfmPoster/PF_PF282777_260108_111229.png,공연완료
PF282776,클라비어 디아몬트 피아노 앙상블 창단 6주년 기념 콘서트: KEYSPARK,2026.01.09,2026.01.09,금호아트홀 연세,서양음악(클래식),http://www.kopis.or.kr/upload/pfmPoster/PF_PF282776_260108_110839.gif,공연완료
PF282775,피아니스트 김경은 & 오소라 듀오 리사이틀 [성남],2026.01.24,2026.01.24,성남아트센터,서양음악(클래식),http://www.kopis.or.kr/upload/pfmPoster/PF_PF282775_260108_110838.png,공연완료
PF282773,"앙상블 러브레터, 북스테후데 바로크 칸타타 연작: 멤브라 예수 노스트리",2026.02.03,2026.02.03,예술의전당 [서울],서양음악(클래식),http://www.kopis.or.kr/upload/pfmPoster/PF_PF282773_260108_105547.gif,공연완료
PF282772,"로더 콰르텟 정기연주회, A new chapter: 젊은 날의 초상",2026.02.05,2026.02.05,세종문화회관,서양음악(클래식),http://www.kopis.or.kr/upload/pfmPoster/PF_PF282772_260108_105523.gif,공연완료
PF282768,키즈인비또 스페셜: 새해음악축제 [용인],2026.02.07,2026.02.07,용인문화예술원,서양음악(클래식),http://www.kopis.or.kr/upload/pfmPoster/PF_PF282768_260108_105005.gif,공연완료
PF282767,처음 만나는 클래식 (1월),2026.01.10,2026.01.24,콘서트홀 나누,서양음악(클래식),http://www.kopis.or.kr/upload/pfmPoster/PF_PF282767_260108_104718.gif,공연완료
PF282766,제15회 숙명여자대학교 약학대학 오케스트라 SPHO 정기연주회,2026.01.30,2026.01.30,광림아트센터,서양음악(클래식),http://www.kopis.or.kr/upload/pfmPoster/PF_PF282766_260108_104548.jpg,공연완료
PF282765,"콜레기움 보칼레 서울 정기연주회, 콜레기움 보칼레 서울의 바흐 마태 수난곡",2026.03.05,2026.03.05,예술의전당 [서울],서양음악(클래식),http://www.kopis.or.kr/upload/pfmPoster/PF_PF282765_260108_104217.gif,공연완료
PF282764,서구민과 함께하는 신년음악회 [대구],2026.01.09,2026.01.09,대구서구문화회관,서양음악(클래식),http://www.kopis.or.kr/upload/pfmPoster/PF_PF282764_260108_103824.jpg,공연완료
PF282752,노선형 피아노 독주회,2026.02.19,2026.02.19,세종문화회관,서양음악(클래식),http://www.kopis.or.kr/upload/pfmPoster/PF_PF282752_260108_100630.jpg,공연완료
PF282748,Classic On Air Ep 01. 소프라노 손지수 [대전],2026.03.15,2026.03.15,대전예술의전당,서양음악(클래식),http://www.kopis.or.kr/upload/pfmPoster/PF_PF282748_260108_100004.gif,공연완료
PF282737,"과천시립교향악단 콘서트시리즈1, 신년음악회",2026.01.29,2026.01.29,과천시민회관,서양음악(클래식),http://www.kopis.or.kr/upload/pfmPoster/PF_PF282737_260122_170206.gif,공연완료
PF282736,코리안챔버오케스트라 신년음악회,2026.02.10,2026.02.10,예술의전당 [서울],서양음악(클래식),http://www.kopis.or.kr/upload/pfmPoster/PF_PF282736_260107_132426.gif,공연완료
PF282731,"예술의전당 토요콘서트, 프리뷰 베토벤 (3월)",2026.03.21,2026.03.21,예술의전당 [서울],서양음악(클래식),http://www.kopis.or.kr/upload/pfmPoster/PF_PF282731_260107_130212.gif,공연완료
PF282730,지브리 & 디즈니 영화음악 FESTA [서울 (앵콜) ],2026.03.07,2026.03.07,롯데콘서트홀,서양음악(클래식),http://www.kopis.or.kr/upload/pfmPoster/PF_PF282730_260107_125750.gif,공연완료
PF282726,지브리와 사랑에 빠지다: 지브리 영화음악 콘서트 [하남],2026.04.12,2026.04.12,하남문화예술회관,서양음악(클래식),http://www.kopis.or.kr/upload/pfmPoster/PF_PF282726_260108_103823.gif,공연예정
PF282724,한국클래식협회 (KCA) 시민 오케스트라 창단 연주회,2026.01.17,2026.01.17,영산아트홀,서양음악(클래식),http://www.kopis.or.kr/upload/pfmPoster/PF_PF282724_260107_120935.gif,공연완료
PF282723,"신년음악회, 필하모닉 앙상블 [함안]",2026.02.05,2026.02.05,함안문화예술회관,서양음악(클래식),http://www.kopis.or.kr/upload/pfmPoster/PF_PF282723_260107_120231.jpg,공연완료
PF282720,"Classicla Music meets Film: 클래식, 영화를 만나다",2026.02.24,2026.02.24,롯데콘서트홀,서양음악(클래식),http://www.kopis.or.kr/upload/pfmPoster/PF_PF282720_260107_114625.jpg,공연완료
PF282713,루미에르앙상블 창단연주회: 빛 [성남],2026.01.25,2026.01.25,성남아트센터,서양음악(클래식),http://www.kopis.or.kr/upload/pfmPoster/PF_PF282713_260107_111847.png,공연완료
PF282712,"모닝콘서트, 더블베이시스트 성민제의 베스트 베이스 콰르텟 [창원] (4월)",2026.04.14,2026.04.14,성산아트홀,서양음악(클래식),http://www.kopis.or.kr/upload/pfmPoster/PF_PF282712_260107_111726.jpg,공연예정
PF282710,"예술의전당 토요콘서트, 프리뷰 베토벤 (2월)",2026.02.21,2026.02.21,예술의전당 [서울],서양음악(클래식),http://www.kopis.or.kr/upload/pfmPoster/PF_PF282710_260107_111055.gif,공연완료
PF282707,Classico Ensemble 정기연주회 [전주],2026.01.31,2026.01.31,한국소리문화의전당,서양음악(클래식),http://www.kopis.or.kr/upload/pfmPoster/PF_PF282707_260107_110248.gif,공연완료
PF282705,지브리와 사랑에 빠지다: 지브리 영화음악 콘서트 스페셜 [구리],2026.03.15,2026.03.15,구리아트홀,서양음악(클래식),http://www.kopis.or.kr/upload/pfmPoster/PF_PF282705_260107_105610.jpg,공연완료
PF282703,"ACC 수요극장, 빈 필하모닉 신년음악회 (영상화)",2026.02.04,2026.02.04,국립아시아문화전당,서양음악(클래식),http://www.kopis.or.kr/upload/pfmPoster/PF_PF282703_260107_104830.jpg,공연완료
PF282702,오병철 플루트 독주회,2026.02.21,2026.02.21,예술의전당 [서울],서양음악(클래식),http://www.kopis.or.kr/upload/pfmPoster/PF_PF282702_260107_104724.gif,공연완료
PF282700,"목관 앙상블 나루 정기연주회: 브람스의 깊은 감동, 목관악기 속에 스며들다.",2026.02.24,2026.02.24,예술의전당 [서울],서양음악(클래식),http://www.kopis.or.kr/upload/pfmPoster/PF_PF282700_260107_103711.gif,공연완료
PF282699,"음악이주는선물 신년음악회, 온도: 테너 전병호, 김진훈 [김해]",2026.01.31,2026.01.31,음악이주는선물,서양음악(클래식),http://www.kopis.or.kr/upload/pfmPoster/PF_PF282699_260107_103711.png,공연완료
PF282696,신카이 마코토 하이라이트 필름 콘서트,2026.01.31,2026.01.31,KBS [본관],서양음악(클래식),http://www.kopis.or.kr/upload/pfmPoster/PF_PF282696_260107_103002.gif,공연완료
PF282695,안드라스 쉬프 피아노 리사이틀 [부산],2026.03.13,2026.03.13,부산콘서트홀,서양음악(클래식),http://www.kopis.or.kr/upload/pfmPoster/PF_PF282695_260107_102747.jpg,공연완료
PF282691,"아크 기타듀오콘서트: 영화처럼, 클래식처럼 [부산]",2026.01.28,2026.01.28,영도문화예술회관,서양음악(클래식),http://www.kopis.or.kr/upload/pfmPoster/PF_PF282691_260119_165726.jpg,공연완료
PF282689,영화로 여는 2026! 영화음악콘서트 [속초],2026.01.30,2026.01.30,속초문화예술회관,서양음악(클래식),http://www.kopis.or.kr/upload/pfmPoster/PF_PF282689_260107_101538.jpg,공연완료
PF282686,"쌀롱드무지끄, 영원: 죽음에서 탄생까지",2026.01.11,2026.01.11,쌀롱드무지끄,서양음악(클래식),http://www.kopis.or.kr/upload/pfmPoster/PF_PF282686_260107_100502.jpg,공연완료
PF282684,제138회 목포시립교향악단 정기연주회,2026.01.29,2026.01.29,목포시민문화체육센터,서양음악(클래식),http://www.kopis.or.kr/upload/pfmPoster/PF_PF282684_260119_163534.gif,공연완료
PF282679,"신년음악회, 필하모닉 앙상블 [완도]",2026.02.04,2026.02.04,완도문화예술의전당,서양음악(클래식),http://www.kopis.or.kr/upload/pfmPoster/PF_PF282679_260106_124551.jpg,공연완료
PF282678,빈 소년 합창단 신년음악회 [울진],2026.01.17,2026.01.17,울진군문화센터,서양음악(클래식),http://www.kopis.or.kr/upload/pfmPoster/PF_PF282678_260106_123033.jpg,공연완료
PF282672,최수정 피아노 독주회,2026.01.31,2026.01.31,세종문화회관,서양음악(클래식),http://www.kopis.or.kr/upload/pfmPoster/PF_PF282672_260106_113459.png,공연완료
PF282667,지브리와 사랑에 빠지다: 지브리 영화음악 콘서트 스페셜 [평택],2026.03.08,2026.03.08,평택시남부문예회관,서양음악(클래식),http://www.kopis.or.kr/upload/pfmPoster/PF_PF282667_260106_111056.jpg,공연완료
PF282664,김현철의 클래식당 [서울 송파],2026.02.19,2026.02.19,롯데콘서트홀,서양음악(클래식),http://www.kopis.or.kr/upload/pfmPoster/PF_PF282664_260106_110439.gif,공연완료
PF282663,정명훈 X KBS교향악단 [대구],2026.03.07,2026.03.07,아양아트센터,서양음악(클래식),http://www.kopis.or.kr/upload/pfmPoster/PF_PF282663_260106_110216.jpg,공연완료
PF282657,"쌀롱드무지끄, Flow",2026.01.17,2026.01.17,쌀롱드무지끄,서양음악(클래식),http://www.kopis.or.kr/upload/pfmPoster/PF_PF282657_260106_104953.jpg,공연완료
PF282656,구미 월드오케스트라 시리즈: WDR쾰른방송오케스트라 내한 공연 [구미],2026.03.07,2026.03.07,구미시문화예술회관,서양음악(클래식),http://www.kopis.or.kr/upload/pfmPoster/PF_PF282656_260107_145232.gif,공연완료
PF282655,제8회 이룸 오케스트라 연주회,2026.01.31,2026.01.31,꿈의숲아트센터,서양음악(클래식),http://www.kopis.or.kr/upload/pfmPoster/PF_PF282655_260106_104653.jpg,공연완료
PF282652,"대전시립교향악단 디스커버리 시리즈 1, 당.신.들: 당신의 신청곡을 들려드립니다",2026.01.22,2026.01.23,대전예술의전당,서양음악(클래식),http://www.kopis.or.kr/upload/pfmPoster/PF_PF282652_260106_104054.jpg,공연완료
PF282649,지브리와 사랑에 빠지다: 지브리 영화음악 콘서트 [서울 구로],2026.03.21,2026.03.21,구로아트밸리,서양음악(클래식),http://www.kopis.or.kr/upload/pfmPoster/PF_PF282649_260106_103500.gif,공연완료
PF282650,"월간연주자, 한연숙 & 서범수 & 장종선 & 이선호 (1월)",2026.01.10,2026.01.10,갤러리 디 아르테 청담,서양음악(클래식),http://www.kopis.or.kr/upload/pfmPoster/PF_PF282650_260106_103500.gif,공연완료
PF282648,시링스 플루트 앙상블 연주회,2026.01.10,2026.01.10,페리지홀,서양음악(클래식),http://www.kopis.or.kr/upload/pfmPoster/PF_PF282648_260106_103145.gif,공연완료
PF282647,권효진 피아노 독주회,2026.01.27,2026.01.27,세종문화회관,서양음악(클래식),http://www.kopis.or.kr/upload/pfmPoster/PF_PF282647_260106_102815.jpg,공연완료
PF282646,길병민 리사이틀: Winter Scent,2026.01.17,2026.01.18,푸르지오아트홀,서양음악(클래식),http://www.kopis.or.kr/upload/pfmPoster/PF_PF282646_260106_102750.gif,공연완료
PF282645,바리톤 서진호 귀국 독창회,2026.01.16,2026.01.16,금호아트홀 연세,서양음악(클래식),http://www.kopis.or.kr/upload/pfmPoster/PF_PF282645_260106_102750.gif,공연완료
PF282643,더 필하모닉 브라스,2026.02.03,2026.02.03,부산콘서트홀,서양음악(클래식),http://www.kopis.or.kr/upload/pfmPoster/PF_PF282643_260106_101901.jpg,공연완료
PF282642,최예인 피아노 독주회,2026.01.11,2026.01.11,금호아트홀 연세,서양음악(클래식),http://www.kopis.or.kr/upload/pfmPoster/PF_PF282642_260106_101822.gif,공연완료
PF282641,J.S BACH SONATAS (The Art of Flow),2026.02.01,2026.02.01,이호철북콘서트홀,서양음악(클래식),http://www.kopis.or.kr/upload/pfmPoster/PF_PF282641_260106_101822.jpg,공연완료
PF282633,다산아트홀 기획공연: 신년음악회 [남양주],2026.01.23,2026.01.23,다산아트홀,서양음악(클래식),http://www.kopis.or.kr/upload/pfmPoster/PF_PF282633_260106_100414.jpg,공연완료
PF282632,살롱음악회: 낭만적 대화,2026.01.22,2026.01.22,매일의 기쁨과 위로,서양음악(클래식),http://www.kopis.or.kr/upload/pfmPoster/PF_PF282632_260106_100225.jpg,공연완료
PF282607,제1회 맨하탄음악대학 반주전공 동문 음악회,2026.02.01,2026.02.01,금호아트홀 연세,서양음악(클래식),http://www.kopis.or.kr/upload/pfmPoster/PF_PF282607_260105_134627.gif,공연완료
PF282606,제11회 셈플리체 정기연주회 [대전],2026.01.25,2026.01.25,대전예술의전당,서양음악(클래식),http://www.kopis.or.kr/upload/pfmPoster/PF_PF282606_260105_134001.gif,공연완료
PF282604,"금호영아티스트콘서트, 오은환 오보에 독주회",2026.03.14,2026.03.14,금호아트홀 연세,서양음악(클래식),http://www.kopis.or.kr/upload/pfmPoster/PF_PF282604_260105_133703.gif,공연완료
PF282603,"유벨톤심포니오케스트라, 작곡가 시리즈 1. 라흐마니노프, 영혼의 선율 [대전]",2026.02.26,2026.02.26,대전예술의전당,서양음악(클래식),http://www.kopis.or.kr/upload/pfmPoster/PF_PF282603_260105_133702.gif,공연완료
PF282602,김영서 귀국 피아노 독주회,2026.01.25,2026.01.25,금호아트홀 연세,서양음악(클래식),http://www.kopis.or.kr/upload/pfmPoster/PF_PF282602_260105_133305.gif,공연완료
PF282601,필하모닉 앙상블 신년음악회 [부산],2026.01.31,2026.01.31,부산콘서트홀,서양음악(클래식),http://www.kopis.or.kr/upload/pfmPoster/PF_PF282601_260105_133305.jpg,공연완료
PF282593,SYAP 콩쿠르 입상자 연주회,2026.01.13,2026.01.13,꿈의숲아트센터,서양음악(클래식),http://www.kopis.or.kr/upload/pfmPoster/PF_PF282593_260105_131811.jpg,공연완료
PF282587,"클로즈업콘서트 ⅩⅢ, 비자비앙상블: 파리의 목소리",2026.01.24,2026.01.24,피아니스트의 방,서양음악(클래식),http://www.kopis.or.kr/upload/pfmPoster/PF_PF282587_260105_130538.png,공연완료
PF282586,"금호영아티스트콘서트, 이해온 바이올린 독주회",2026.03.21,2026.03.21,금호아트홀 연세,서양음악(클래식),http://www.kopis.or.kr/upload/pfmPoster/PF_PF282586_260105_130152.gif,공연완료
PF282585,강현정 주보라 듀오 리사이틀: Rhythm on Two Pianos,2026.01.03,2026.01.03,고양어울림누리,서양음악(클래식),http://www.kopis.or.kr/upload/pfmPoster/PF_PF282585_260105_130152.jpg,공연완료
PF282582,영아티스트 마티네 콘서트 with 네오필리아 심포니 오케스트라,2026.01.08,2026.01.08,롯데콘서트홀,서양음악(클래식),http://www.kopis.or.kr/upload/pfmPoster/PF_PF282582_260105_125041.jpg,공연완료
PF282576,"제177회 두레콘서트, 신년음악회 동행",2026.01.28,2026.01.28,고양아람누리,서양음악(클래식),http://www.kopis.or.kr/upload/pfmPoster/PF_PF282576_260105_120904.jpg,공연완료
PF282575,"제248회 울산시립교향악단 정기연주회: 도시, 춤, 그리고 꿈 (The city, the dance, and the dream)",2026.02.06,2026.02.06,울산문화예술회관,서양음악(클래식),http://www.kopis.or.kr/upload/pfmPoster/PF_PF282575_260105_115512.jpg,공연완료
PF282574,"홍은경 피아노 렉처 리사이틀, 퇴임 기념 독주회",2026.02.03,2026.02.03,페리지홀,서양음악(클래식),http://www.kopis.or.kr/upload/pfmPoster/PF_PF282574_260105_115512.gif,공연완료
PF282562,메조소프라노 황현희 귀국 독창회,2026.01.20,2026.01.20,영산아트홀,서양음악(클래식),http://www.kopis.or.kr/upload/pfmPoster/PF_PF282562_260105_111922.gif,공연완료
PF282559,이영은 첼로 독주회,2026.02.06,2026.02.06,예술의전당 [서울],서양음악(클래식),http://www.kopis.or.kr/upload/pfmPoster/PF_PF282559_260105_111105.gif,공연완료
PF282556,유채연 플루트 리사이틀,2026.02.21,2026.02.21,예술의전당 [서울],서양음악(클래식),http://www.kopis.or.kr/upload/pfmPoster/PF_PF282556_260105_110518.gif,공연완료
PF282555,주연경 바이올린 독주회,2026.02.06,2026.02.06,금호아트홀 연세,서양음악(클래식),http://www.kopis.or.kr/upload/pfmPoster/PF_PF282555_260105_105931.gif,공연완료
PF282549,지브리와 사랑에 빠지다: 지브리 영화음악 콘서트 [대전],2026.05.03,2026.05.03,대전평송청소년문화센터,서양음악(클래식),http://www.kopis.or.kr/upload/pfmPoster/PF_PF282549_260105_105143.jpg,공연예정
PF282545,Eloquent Cosmopolitan,2026.01.18,2026.01.18,쌀롱드무지끄,서양음악(클래식),http://www.kopis.or.kr/upload/pfmPoster/PF_PF282545_260105_104525.jpg,공연완료
PF282543,"신재은 소프라노 독창회: 별이 노래하는 시간, 사랑을 그리다",2026.02.13,2026.02.13,세종문화회관,서양음악(클래식),http://www.kopis.or.kr/upload/pfmPoster/PF_PF282543_260105_104215.jpg,공연완료
PF282542,제2회 EMA Choral Society 정기연주회: 하늘과 땅을 잇는 아름다운 동행,2026.01.31,2026.01.31,세라믹팔레스홀,서양음악(클래식),http://www.kopis.or.kr/upload/pfmPoster/PF_PF282542_260105_103903.gif,공연완료
PF282541,지브리와 사랑에 빠지다: 지브리 영화음악 콘서트 스페셜 [성남],2026.05.03,2026.05.03,성남아트리움 (구. 성남시민회관),서양음악(클래식),http://www.kopis.or.kr/upload/pfmPoster/PF_PF282541_260105_103659.gif,공연예정
PF282538,고영주 첼로 독주회,2026.01.25,2026.01.25,금호아트홀 연세,서양음악(클래식),http://www.kopis.or.kr/upload/pfmPoster/PF_PF282538_260105_103148.gif,공연완료
PF282533,제15회 서울솔로이츠플루트오케스트라 정기연주회: 서울솔로이츠플루트오케스트라와 함께하는 신년음악회,2026.01.26,2026.01.26,롯데콘서트홀,서양음악(클래식),http://www.kopis.or.kr/upload/pfmPoster/PF_PF282533_260105_101615.jpg,공연완료
PF282531,"모스크바홀 오픈기념, 서정우 피아노 독주회",2026.01.24,2026.01.24,모스크바홀,서양음악(클래식),http://www.kopis.or.kr/upload/pfmPoster/PF_PF282531_260105_101003.jpg,공연완료
PF282526,"선데이콘서트, 엘림 리사이틀 시리즈: 김선아 피아노 독주회 [인천]",2026.01.11,2026.01.11,엘림아트센터,서양음악(클래식),http://www.kopis.or.kr/upload/pfmPoster/PF_PF282526_260102_133310.gif,공연완료
PF282525,제17회 ARKO한국창작음악제: 양악부문,2026.02.06,2026.02.06,예술의전당 [서울],서양음악(클래식),http://www.kopis.or.kr/upload/pfmPoster/PF_PF282525_260102_133138.gif,공연완료
PF282521,지브리 & 디즈니 영화음악 FESTA [수원],2026.03.14,2026.03.14,경기아트센터(구. 경기도문화의전당),서양음악(클래식),http://www.kopis.or.kr/upload/pfmPoster/PF_PF282521_260122_164429.gif,공연완료
PF282520,제83회 시티필하모니오케스트라 정기연주회,2026.01.12,2026.01.12,영산아트홀,서양음악(클래식),http://www.kopis.or.kr/upload/pfmPoster/PF_PF282520_260102_131712.gif,공연완료
PF282518,"제1148회 하우스콘서트, 최진석",2026.02.23,2026.02.23,예술가의 집,서양음악(클래식),http://www.kopis.or.kr/upload/pfmPoster/PF_PF282518_260102_131110.png,공연완료
PF282516,김초아 피아노 독주회: 전통과 한국 현대음악을 잇는 피아노의 여정,2026.02.03,2026.02.03,예술의전당 [서울],서양음악(클래식),http://www.kopis.or.kr/upload/pfmPoster/PF_PF282516_260102_130516.gif,공연완료
PF282509,이홍규 교수 정년퇴임 음악회,2026.01.31,2026.01.31,영산아트홀,서양음악(클래식),http://www.kopis.or.kr/upload/pfmPoster/PF_PF282509_260102_123348.gif,공연완료
PF282507,"제24회 이 베아띠 정기연주회: 신년음악회, Tantissimo",2026.01.21,2026.01.21,세종문화회관,서양음악(클래식),http://www.kopis.or.kr/upload/pfmPoster/PF_PF282507_260102_122919.jpg,공연완료
PF282503,제219회 포항시립교향악단 정기연주회: 신년음악회,2026.01.22,2026.01.22,포항문화예술회관,서양음악(클래식),http://www.kopis.or.kr/upload/pfmPoster/PF_PF282503_260102_120130.jpg,공연완료
PF282501,"금호영재콘서트, 남예린 피아노 독주회",2026.03.28,2026.03.28,금호아트홀 연세,서양음악(클래식),http://www.kopis.or.kr/upload/pfmPoster/PF_PF282501_260102_114128.gif,공연중
PF282499,제17회 에드 무지카 정기연주회,2026.03.03,2026.03.03,예술의전당 [서울],서양음악(클래식),http://www.kopis.or.kr/upload/pfmPoster/PF_PF282499_260102_113839.gif,공연완료
PF282494,헐리우드 블록버스터 & 디즈니 픽사 영화음악 FESTA,2026.02.27,2026.02.27,롯데콘서트홀,서양음악(클래식),http://www.kopis.or.kr/upload/pfmPoster/PF_PF282494_260102_112428.gif,공연완료
PF282488,윤진영 바이올린 독주회,2026.02.25,2026.02.25,예술의전당 [서울],서양음악(클래식),http://www.kopis.or.kr/upload/pfmPoster/PF_PF282488_260102_111334.gif,공연완료
PF282486,제165회 군산시립교향악단 정기연주회: 라 트라비아타,2026.01.22,2026.01.22,군산예술의전당,서양음악(클래식),http://www.kopis.or.kr/upload/pfmPoster/PF_PF282486_260102_110845.jpg,공연완료
PF282483,문지형 첼로 독주회,2026.03.07,2026.03.07,예술의전당 [서울],서양음악(클래식),http://www.kopis.or.kr/upload/pfmPoster/PF_PF282483_260121_160059.gif,공연완료
PF282481,바리톤 차두식 독창회 [대전],2026.02.19,2026.02.19,대전예술의전당,서양음악(클래식),http://www.kopis.or.kr/upload/pfmPoster/PF_PF282481_260102_105757.gif,공연완료
PF282479,소프라노 이승현 독창회,2026.01.06,2026.01.06,금호아트홀 연세,서양음악(클래식),http://www.kopis.or.kr/upload/pfmPoster/PF_PF282479_260102_105526.gif,공연완료
PF282478,제3회 위드어스필하모닉오케스트라 정기연주회: 신년음악회: Polka & Waltz,2026.01.31,2026.01.31,인천문화예술회관,서양음악(클래식),http://www.kopis.or.kr/upload/pfmPoster/PF_PF282478_260102_105356.jpg,공연완료
PF282475,천예인 피아노 독주회,2026.01.25,2026.01.25,거암아트홀,서양음악(클래식),http://www.kopis.or.kr/upload/pfmPoster/PF_PF282475_260102_104700.gif,공연완료
PF282474,"토요 클래식의 밤, 해설이 있는 클래식: 피아니스트 박홍의 소리의 숲",2026.01.31,2026.01.31,콘서트홀 나누,서양음악(클래식),http://www.kopis.or.kr/upload/pfmPoster/PF_PF282474_260102_104604.gif,공연완료
PF282472,강드보라 최인영 듀오 리사이틀,2026.02.11,2026.02.11,헤르만아트홀,서양음악(클래식),http://www.kopis.or.kr/upload/pfmPoster/PF_PF282472_260102_104316.jpg,공연완료
PF282471,"금호영아티스트콘서트, 원민 첼로 독주회",2026.01.31,2026.01.31,금호아트홀 연세,서양음악(클래식),http://www.kopis.or.kr/upload/pfmPoster/PF_PF282471_260102_104050.gif,공연완료
PF282470,"쿰아트 기획연주 23, 모리스콰르텟",2026.01.10,2026.01.10,쿰아트홀,서양음악(클래식),http://www.kopis.or.kr/upload/pfmPoster/PF_PF282470_260102_103921.png,공연완료
PF282463,"빛을 듣다, 색을 보다",2026.02.06,2026.02.08,노원문화예술회관,서양음악(클래식),http://www.kopis.or.kr/upload/pfmPoster/PF_PF282463_251231_124737.gif,공연완료
PF282460,금난새의 두시 데이트 [대구],2026.01.27,2026.01.27,대구문화예술회관,서양음악(클래식),http://www.kopis.or.kr/upload/pfmPoster/PF_PF282460_251231_113757.gif,공연완료
PF282459,필하모닉 앙상블 신년음악회 [성남],2026.01.30,2026.01.30,성남아트센터,서양음악(클래식),http://www.kopis.or.kr/upload/pfmPoster/PF_PF282459_251231_113510.gif,공연완료
PF282449,제19회 라 메르 에 릴 (바다와 섬) 정기연주회,2026.02.06,2026.02.06,예술의전당 [서울],서양음악(클래식),http://www.kopis.or.kr/upload/pfmPoster/PF_PF282449_251231_105307.gif,공연완료
PF282448,도암 신년음악회,2026.01.09,2026.01.09,서울아트센터,서양음악(클래식),http://www.kopis.or.kr/upload/pfmPoster/PF_PF282448_251231_104933.gif,공연완료
PF282447,"토요클래식의 밤, 해설이 있는 클래식: Baroque, Barock, Barocco",2026.01.10,2026.01.10,콘서트홀 나누,서양음악(클래식),http://www.kopis.or.kr/upload/pfmPoster/PF_PF282447_251231_104736.gif,공연완료
PF282446,애니메이션 OST 페스티벌 with 오케스트라 [서울 서대문],2026.01.25,2026.01.25,연세대학교 백주년기념관,서양음악(클래식),http://www.kopis.or.kr/upload/pfmPoster/PF_PF282446_251231_104529.gif,공연완료
PF282439,경북대학교 온스테이지 (ON STAGE) 정기연주회 VOL.6: 따뜻할 온; (溫),2026.01.06,2026.01.06,수성아트피아,서양음악(클래식),http://www.kopis.or.kr/upload/pfmPoster/PF_PF282439_251231_103033.png,공연완료
PF282435,제1회 유엔평화기념관소년소녀합창단 정기연주회: 평화의 노래 [부산],2026.01.17,2026.01.17,(재) 영화의전당,서양음악(클래식),http://www.kopis.or.kr/upload/pfmPoster/PF_PF282435_251231_101936.png,공연완료
PF282433,제11회 꿈꾸는음악학교 정기연주회,2026.01.06,2026.01.06,달서아트센터 (구. 웃는얼굴아트센터),서양음악(클래식),http://www.kopis.or.kr/upload/pfmPoster/PF_PF282433_251231_101912.jpg,공연완료
PF282430,김강호 피아노 독주회,2026.02.03,2026.02.03,세종문화회관,서양음악(클래식),http://www.kopis.or.kr/upload/pfmPoster/PF_PF282430_251231_101204.jpg,공연완료
PF282417,킹스 싱어즈: 천상의 하모니,2026.02.25,2026.02.25,신세계남산,서양음악(클래식),http://www.kopis.or.kr/upload/pfmPoster/PF_PF282417_251230_140756.png,공연완료
PF282412,"통영국제음악제, 루카스 & 아르투르 유센 듀오 리사이틀",2026.04.03,2026.04.03,통영국제음악당,서양음악(클래식),http://www.kopis.or.kr/upload/pfmPoster/PF_PF282412_251230_134906.gif,공연예정
PF282411,"통영국제음악제, 일 자르디노 아르모니코 with 야쿠프 유제프 오를린스키",2026.04.01,2026.04.01,통영국제음악당,서양음악(클래식),http://www.kopis.or.kr/upload/pfmPoster/PF_PF282411_251230_134428.gif,공연예정
PF282408,"통영국제음악제, 조성진 피아노 리사이틀",2026.03.30,2026.03.30,통영국제음악당,서양음악(클래식),http://www.kopis.or.kr/upload/pfmPoster/PF_PF282408_251230_133258.gif,공연예정
PF282406,"낙동아트센터 개관 페스티벌, 킹스 싱어즈 내한공연: CLOSE HARMONY [부산]",2026.03.01,2026.03.01,낙동아트센터,서양음악(클래식),http://www.kopis.or.kr/upload/pfmPoster/PF_PF282406_251230_133139.jpg,공연완료
PF282405,"통영국제음악제, 아우구스틴 하델리히 바이올린 리사이틀",2026.04.01,2026.04.01,통영국제음악당,서양음악(클래식),http://www.kopis.or.kr/upload/pfmPoster/PF_PF282405_251230_132831.gif,공연예정
PF282397,"통영국제음악제, 박수예 & 오를리 샤함 듀오 리사이틀",2026.04.02,2026.04.02,통영국제음악당,서양음악(클래식),http://www.kopis.or.kr/upload/pfmPoster/PF_PF282397_251230_130026.jpg,공연예정
PF282394,"통영국제음악제, 카운터테너 야쿠프 유제프 오를린스키 리사이틀",2026.04.04,2026.04.04,통영국제음악당,서양음악(클래식),http://www.kopis.or.kr/upload/pfmPoster/PF_PF282394_251230_124856.gif,공연예정
PF282393,"통영국제음악제, 통영페스티벌오케스트라 Ⅲ",2026.04.05,2026.04.05,통영국제음악당,서양음악(클래식),http://www.kopis.or.kr/upload/pfmPoster/PF_PF282393_251230_124855.jpg,공연예정
PF282392,"통영국제음악제, 앙상블 모데른 Ⅱ",2026.03.29,2026.03.29,통영국제음악당,서양음악(클래식),http://www.kopis.or.kr/upload/pfmPoster/PF_PF282392_251230_124404.gif,공연예정
PF282390,"통영국제음악제, 일 자르디노 아르모니코 with 안나 프로하스카",2026.04.02,2026.04.02,통영국제음악당,서양음악(클래식),http://www.kopis.or.kr/upload/pfmPoster/PF_PF282390_251230_123626.gif,공연예정
PF282389,"통영국제음악제, 모딜리아니 콰르텟 Ⅰ",2026.03.28,2026.03.28,통영국제음악당,서양음악(클래식),http://www.kopis.or.kr/upload/pfmPoster/PF_PF282389_251230_122350.jpg,공연중
PF282388,"통영국제음악제, 베르비에 페스티벌 체임버 오케스트라 with 니콜라스 알트슈태트 & 김유빈",2026.03.28,2026.03.28,통영국제음악당,서양음악(클래식),http://www.kopis.or.kr/upload/pfmPoster/PF_PF282388_251230_121319.gif,공연중
PF282386,"통영국제음악제, 통영페스티벌오케스트라 Ⅱ",2026.04.03,2026.04.03,통영국제음악당,서양음악(클래식),http://www.kopis.or.kr/upload/pfmPoster/PF_PF282386_251230_113849.gif,공연예정
PF282384,제천예술의전당 신년음악회: Sound of the New year,2026.01.16,2026.01.16,제천예술의전당,서양음악(클래식),http://www.kopis.or.kr/upload/pfmPoster/PF_PF282384_251230_113307.gif,공연완료
PF282381,"낙동아트센터 개관 페스티벌, 쾰른 (WDR) 방송오케스트라 내한공연 [부산]",2026.03.05,2026.03.05,낙동아트센터,서양음악(클래식),http://www.kopis.or.kr/upload/pfmPoster/PF_PF282381_251230_112551.jpg,공연완료
PF282380,"통영국제음악제, 앙상블 모데른 Ⅰ",2026.03.28,2026.03.28,통영국제음악당,서양음악(클래식),http://www.kopis.or.kr/upload/pfmPoster/PF_PF282380_251230_112328.gif,공연중
PF282379,"통영국제음악제, 김유빈 플루트 리사이틀",2026.03.30,2026.03.30,통영국제음악당,서양음악(클래식),http://www.kopis.or.kr/upload/pfmPoster/PF_PF282379_251230_111606.gif,공연예정
PF282375,"낙동아트센터 개관 페스티벌, 베르디 아이다 [부산]",2026.02.05,2026.02.08,낙동아트센터,서양음악(클래식),http://www.kopis.or.kr/upload/pfmPoster/PF_PF282375_251230_110638.jpg,공연완료
PF282373,"통영국제음악제, 하델리히와 친구들",2026.04.04,2026.04.04,통영국제음악당,서양음악(클래식),http://www.kopis.or.kr/upload/pfmPoster/PF_PF282373_251230_110329.gif,공연예정
PF282372,"통영국제음악제, 메조 소프라노 플뢰르 바론 리사이틀",2026.03.26,2026.03.26,통영국제음악당,서양음악(클래식),http://www.kopis.or.kr/upload/pfmPoster/PF_PF282372_251230_105833.gif,공연완료
PF282370,"제30회 MERRY 정기연주회, 심연: 파우스트 & 겨울왕국 콘서트 [고양]",2026.02.15,2026.02.15,고양아람누리,서양음악(클래식),http://www.kopis.or.kr/upload/pfmPoster/PF_PF282370_251230_105554.jpg,공연완료
PF282367,"통영국제음악제, 통영페스티벌오케스트라 Ⅰ",2026.03.27,2026.03.27,통영국제음악당,서양음악(클래식),http://www.kopis.or.kr/upload/pfmPoster/PF_PF282367_251230_105104.gif,공연완료
PF282362,"통영국제음악제, 모딜리아니 콰르텟 Ⅱ",2026.03.29,2026.03.29,통영국제음악당,서양음악(클래식),http://www.kopis.or.kr/upload/pfmPoster/PF_PF282362_251230_104255.gif,공연예정
PF282361,"통영국제음악제, 경기필하모닉오케스트라 with 김선욱",2026.04.04,2026.04.04,통영국제음악당,서양음악(클래식),http://www.kopis.or.kr/upload/pfmPoster/PF_PF282361_251230_104018.gif,공연예정
PF282359,황수미와 함께하는 신년음악회 [울산],2026.01.30,2026.01.30,울주문화예술회관,서양음악(클래식),http://www.kopis.or.kr/upload/pfmPoster/PF_PF282359_251230_103423.png,공연완료
PF282355,"리트플레이 (Lied Play) , 겨울나그네 [과천]",2026.01.17,2026.01.17,과천시민회관,서양음악(클래식),http://www.kopis.or.kr/upload/pfmPoster/PF_PF282355_251230_102338.gif,공연완료
PF282351,CINEMA IN CLASSIC: 지브리 픽사 영화음악 OST [포항],2026.05.02,2026.05.02,포항시청 대잠홀,서양음악(클래식),http://www.kopis.or.kr/upload/pfmPoster/PF_PF282351_251230_101631.jpg,공연예정
PF282344,빈필하모닉 신년음악회 [서울 종로] (영상화),2026.01.17,2026.01.17,JCC 아트센터,서양음악(클래식),http://www.kopis.or.kr/upload/pfmPoster/PF_PF282344_251230_100405.gif,공연완료
PF282343,제14회 건우회 정기연주회,2026.02.22,2026.02.22,예술의전당 [서울],서양음악(클래식),http://www.kopis.or.kr/upload/pfmPoster/PF_PF282343_251230_100016.gif,공연완료
PF282342,너의 이름은. 필름 콘서트 [부산],2026.03.08,2026.03.08,부산시민회관,서양음악(클래식),http://www.kopis.or.kr/upload/pfmPoster/PF_PF282342_260122_152435.gif,공연완료
PF282341,"누구나 클래식, 신년음악회",2026.01.07,2026.01.07,세종문화회관,서양음악(클래식),http://www.kopis.or.kr/upload/pfmPoster/PF_PF282341_251230_100013.jpg,공연완료
PF282340,김홍기 피아노 리사이틀,2026.01.13,2026.01.13,헤르만아트홀,서양음악(클래식),http://www.kopis.or.kr/upload/pfmPoster/PF_PF282340_251230_095843.jpg,공연완료
PF282337,"낭만주의 거장, 차이코프스키 & 라흐마니노프 & 신세계로부터 [세종]",2026.02.20,2026.02.20,세종예술의전당,서양음악(클래식),http://www.kopis.or.kr/upload/pfmPoster/PF_PF282337_251230_095440.gif,공연완료
PF282336,제9회 한양 솔로이스츠 정기연주회: 베토벤 피아노 소나타 전곡시리즈 #5,2026.01.11,2026.01.11,부천아트센터,서양음악(클래식),http://www.kopis.or.kr/upload/pfmPoster/PF_PF282336_251229_151524.jpg,공연완료
PF282335,한국클래식음악교수협회 신년음악회 [대구],2026.01.15,2026.01.15,대구범어대성당,서양음악(클래식),http://www.kopis.or.kr/upload/pfmPoster/PF_PF282335_251229_151007.png,공연완료
PF282333,김하늘 피아노 독주회: 드뷔시 전곡 연주 시리즈 Ⅰ,2026.01.11,2026.01.11,예술의전당 [서울],서양음악(클래식),http://www.kopis.or.kr/upload/pfmPoster/PF_PF282333_251229_145617.gif,공연완료
PF282330,원아영 피아노 독주회,2026.01.28,2026.01.28,금호아트홀 연세,서양음악(클래식),http://www.kopis.or.kr/upload/pfmPoster/PF_PF282330_251229_143759.gif,공연완료
PF282323,"리베볼앙상블, WINTER OST NIGHT [구미]",2026.01.25,2026.01.25,구미시문화예술회관,서양음악(클래식),http://www.kopis.or.kr/upload/pfmPoster/PF_PF282323_251229_133723.jpg,공연완료
PF282320,제56회 대구소년소녀관현악단 정기연주회,2026.01.04,2026.01.04,대구문화예술회관,서양음악(클래식),http://www.kopis.or.kr/upload/pfmPoster/PF_PF282320_251229_133006.png,공연완료
PF282317,"제402회 광주시립교향악단 정기연주회: 신년음악회, 만남",2026.01.16,2026.01.16,광주 예술의 전당,서양음악(클래식),http://www.kopis.or.kr/upload/pfmPoster/PF_PF282317_251229_131816.jpg,공연완료
PF282309,앙상블 누리 창단연주회,2026.01.19,2026.01.19,반포심산아트홀,서양음악(클래식),http://www.kopis.or.kr/upload/pfmPoster/PF_PF282309_251229_130601.gif,공연완료
PF282308,성남시립교향악단 신년음악회 [성남],2026.01.22,2026.01.22,성남아트센터,서양음악(클래식),http://www.kopis.or.kr/upload/pfmPoster/PF_PF282308_251229_130355.gif,공연완료
PF282305,제2회 아마티챔버오케스트라 정기연주회 [부천],2026.01.18,2026.01.18,부천아트센터,서양음악(클래식),http://www.kopis.or.kr/upload/pfmPoster/PF_PF282305_251229_125102.jpg,공연완료
PF282303,"아티스트 시리즈 2, The Violin and Lifelong Friends",2026.06.08,2026.06.08,예술가의 집,서양음악(클래식),http://www.kopis.or.kr/upload/pfmPoster/PF_PF282303_251229_124603.jpg,공연예정
PF282302,"제9회 쌀롱드무지끄 정기연주회, Essential Cello Ⅱ",2026.01.08,2026.01.08,쌀롱드무지끄,서양음악(클래식),http://www.kopis.or.kr/upload/pfmPoster/PF_PF282302_260105_145821.jpg,공연완료
PF282300,"쌀롱드무지끄, Piano Dialogues",2026.01.10,2026.01.10,쌀롱드무지끄,서양음악(클래식),http://www.kopis.or.kr/upload/pfmPoster/PF_PF282300_260105_150224.jpg,공연완료
PF282297,세브란스 페스티벌 오케스트라 창단연주회,2026.02.01,2026.02.01,서울아트센터,서양음악(클래식),http://www.kopis.or.kr/upload/pfmPoster/PF_PF282297_251229_114612.gif,공연완료
PF282277,"제16회 MS 필하모닉 정기연주회: 낭만의 불꽃, 이야기의 바다",2026.01.10,2026.01.10,성남아트센터,서양음악(클래식),http://www.kopis.or.kr/upload/pfmPoster/PF_PF282277_251229_104453.jpg,공연완료
PF282276,"지브리를 품은 클래식: 겨울의 끝, 봄의 문턱에서 [부산]",2026.02.21,2026.02.21,해운대문화회관,서양음악(클래식),http://www.kopis.or.kr/upload/pfmPoster/PF_PF282276_260107_122703.jpg,공연완료
PF282274,이아라 & 전지안 듀오 리사이틀,2026.01.29,2026.01.29,예술의전당 [서울],서양음악(클래식),http://www.kopis.or.kr/upload/pfmPoster/PF_PF282274_251229_104053.gif,공연완료
PF282273,AOU 신년음악회: L'amour,2026.01.10,2026.01.10,부천아트센터,서양음악(클래식),http://www.kopis.or.kr/upload/pfmPoster/PF_PF282273_251229_103935.jpg,공연완료
PF282270,"아티스트 시리즈 4, The Party",2026.12.14,2026.12.14,예술가의 집,서양음악(클래식),http://www.kopis.or.kr/upload/pfmPoster/PF_PF282270_251229_103145.png,공연예정
PF282266,레이어드 콘서트 시즌 2,2026.01.29,2026.01.29,영산아트홀,서양음악(클래식),http://www.kopis.or.kr/upload/pfmPoster/PF_PF282266_251229_102525.gif,공연완료
PF282264,"아티스트 시리즈 1, Portrait: 김재영, 임동민, 박하문, 박유신, 박성현, 임현진",2026.03.16,2026.03.16,예술가의 집,서양음악(클래식),http://www.kopis.or.kr/upload/pfmPoster/PF_PF282264_251229_101821.png,공연완료
PF282263,금난새와 함께하는 신년 음악회 [광명],2026.01.15,2026.01.15,광명시민회관,서양음악(클래식),http://www.kopis.or.kr/upload/pfmPoster/PF_PF282263_251229_101710.jpg,공연완료
PF282262,"아티스트 시리즈 3, Brahms in Autumn: 김재영 & 유성호",2026.09.21,2026.09.21,예술가의 집,서양음악(클래식),http://www.kopis.or.kr/upload/pfmPoster/PF_PF282262_251229_101419.png,공연예정
PF282260,"제1146회 하우스콘서트, 박하영 (Piano)",2026.02.02,2026.02.02,예술가의 집,서양음악(클래식),http://www.kopis.or.kr/upload/pfmPoster/PF_PF282260_251229_100831.png,공연완료
PF282257,신년음악회 [서울 서초],2026.01.07,2026.01.07,예술의전당 [서울],서양음악(클래식),http://www.kopis.or.kr/upload/pfmPoster/PF_PF282257_251226_151940.gif,공연완료
PF282256,PHILHARMONIC ENSEMBLE (필 하모닉 앙상블: 13인의 빈 필하모닉 수석 및 현역 단원) [서울 관악],2026.02.03,2026.02.03,관악아트홀 (구. 관악문화관),서양음악(클래식),http://www.kopis.or.kr/upload/pfmPoster/PF_PF282256_251226_151028.gif,공연완료
PF282247,허지은 바순 독주회,2026.02.08,2026.02.08,예술의전당 [서울],서양음악(클래식),http://www.kopis.or.kr/upload/pfmPoster/PF_PF282247_251226_135657.gif,공연완료
PF282240,Sunday Vibe (선데이 바이브),2026.01.04,2026.06.07,자양스테이션(파리뮤직포럼),서양음악(클래식),http://www.kopis.or.kr/upload/pfmPoster/PF_PF282240_251226_131433.jpeg,공연중
PF282235,"토요클래식의 밤, 해설이 있는 클래식: 그들이 남긴 시간",2026.01.24,2026.01.24,콘서트홀 나누,서양음악(클래식),http://www.kopis.or.kr/upload/pfmPoster/PF_PF282235_251226_130208.jpg,공연완료
PF282230,"월간연주자, 피아니스트 노윤서 (3월)",2026.03.21,2026.03.21,갤러리 디 아르테 청담,서양음악(클래식),http://www.kopis.or.kr/upload/pfmPoster/PF_PF282230_251226_124842.gif,공연완료
PF282221,작곡가 손일훈의 에릭 사티 이야기,2026.03.14,2026.03.14,예술의전당 [서울],서양음악(클래식),http://www.kopis.or.kr/upload/pfmPoster/PF_PF282221_251226_120119.gif,공연완료
PF282219,이선미 피아노 독주회: 내면의 바다,2026.02.13,2026.02.13,예술의전당 [서울],서양음악(클래식),http://www.kopis.or.kr/upload/pfmPoster/PF_PF282219_251226_115000.gif,공연완료
PF282216,광진구민과 함께하는 광진문화재단 신년음악회,2026.01.23,2026.01.23,나루아트센터,서양음악(클래식),http://www.kopis.or.kr/upload/pfmPoster/PF_PF282216_251226_113354.gif,공연완료
PF282213,박대식 귀국 반주 리사이틀,2026.01.26,2026.01.26,금호아트홀 연세,서양음악(클래식),http://www.kopis.or.kr/upload/pfmPoster/PF_PF282213_251226_113001.gif,공연완료
PF282207,"제1147회 하우스콘서트: 김여레, Antoine Boyer",2026.02.10,2026.02.10,예술가의 집,서양음악(클래식),http://www.kopis.or.kr/upload/pfmPoster/PF_PF282207_251226_111302.png,공연완료
PF282205,윤영석 색소폰 독주회,2026.01.30,2026.01.30,예술의전당 [서울],서양음악(클래식),http://www.kopis.or.kr/upload/pfmPoster/PF_PF282205_251226_110628.gif,공연완료
PF282199,지브리&디즈니 The Magic of Film,2026.01.20,2026.01.20,신세계남산,서양음악(클래식),http://www.kopis.or.kr/upload/pfmPoster/PF_PF282199_251226_105331.png,공연완료
PF282197,PIAURA Ensemble (피아우라 앙상블) 창단연주회,2026.01.17,2026.01.17,모차르트홀,서양음악(클래식),http://www.kopis.or.kr/upload/pfmPoster/PF_PF282197_251226_105056.gif,공연완료
PF282195,PAPA x 프라임필하모닉 기획 시리즈: The Rising [군포],2026.01.23,2026.01.23,군포문화예술회관,서양음악(클래식),http://www.kopis.or.kr/upload/pfmPoster/PF_PF282195_251226_104233.gif,공연완료
PF282181,어텀실내악페스티벌: 시간초월 [부산],2026.01.30,2026.01.30,낙동아트센터,서양음악(클래식),http://www.kopis.or.kr/upload/pfmPoster/PF_PF282181_251224_152646.jpg,공연완료
PF282179,낙동이 여는 클래식 신세계 [부산],2026.01.17,2026.01.17,낙동아트센터,서양음악(클래식),http://www.kopis.or.kr/upload/pfmPoster/PF_PF282179_251224_153011.jpg,공연완료
PF282174,"서울시합창단 명작시리즈 Ⅰ: 언제라도, 봄",2026.03.12,2026.03.13,세종문화회관,서양음악(클래식),http://www.kopis.or.kr/upload/pfmPoster/PF_PF282174_251224_144107.jpg,공연완료
PF282172,"낙동아트센터 개관 페스티벌, 미래세대 클래식 협연 콘서트: NAC 미래를 깨우다 [부산]",2026.01.13,2026.01.13,낙동아트센터,서양음악(클래식),http://www.kopis.or.kr/upload/pfmPoster/PF_PF282172_251224_143423.jpg,공연완료
PF282168,"낙동아트센터 개관 페스티벌, 낙동의 첫울림: 낙동강 팡파레 & 말러 교향곡 8번 [부산]",2026.01.10,2026.01.11,낙동아트센터,서양음악(클래식),http://www.kopis.or.kr/upload/pfmPoster/PF_PF282168_251224_142210.jpg,공연완료
PF282167,"낭만주의 거장, 라흐마니노프: 발레틴 말리닌 X 예수아",2026.01.22,2026.01.22,롯데콘서트홀,서양음악(클래식),http://www.kopis.or.kr/upload/pfmPoster/PF_PF282167_251224_141535.gif,공연완료
PF282164,낙동아트센터 개관 어텀실내악페스티벌: 피어나는 [부산],2026.01.29,2026.01.29,낙동아트센터,서양음악(클래식),http://www.kopis.or.kr/upload/pfmPoster/PF_PF282164_251224_141005.jpg,공연완료
PF282163,"서울시합창단, 한여름의 메시아",2026.08.27,2026.08.28,세종문화회관,서양음악(클래식),http://www.kopis.or.kr/upload/pfmPoster/PF_PF282163_251224_140734.jpg,공연예정
PF282159,낙동아트센터 개관 어텀실내악페스티벌: 노부스 콰르텟 & Friends [부산],2026.01.31,2026.01.31,낙동아트센터,서양음악(클래식),http://www.kopis.or.kr/upload/pfmPoster/PF_PF282159_251224_135850.jpg,공연완료
PF282155,"낙동아트센터 개관 페스티벌, 개관 팡파르 [부산]",2026.01.28,2026.01.28,낙동아트센터,서양음악(클래식),http://www.kopis.or.kr/upload/pfmPoster/PF_PF282155_251224_135048.jpg,공연완료
PF282150,"낙동아트센터 개관 페스티벌, Falling in String [부산]",2026.01.27,2026.01.27,낙동아트센터,서양음악(클래식),http://www.kopis.or.kr/upload/pfmPoster/PF_PF282150_251224_134020.jpg,공연완료
PF282149,"대구시립교향악단, 말러 교향곡 제1번 거인 [대구]",2026.01.23,2026.01.23,대구문화예술회관,서양음악(클래식),http://www.kopis.or.kr/upload/pfmPoster/PF_PF282149_251224_133444.gif,공연완료
PF282143,"세종시즌, 정명훈 x KBS교향악단 x 김선욱: 베토벤 + 브람스",2026.10.04,2026.10.04,세종문화회관,서양음악(클래식),http://www.kopis.or.kr/upload/pfmPoster/PF_PF282143_251224_132513.jpg,공연예정
PF282139,"낙동아트센터 개관 페스티벌, 낙동의 바람 피아노로 노래하다 [부산]",2026.01.20,2026.01.20,낙동아트센터,서양음악(클래식),http://www.kopis.or.kr/upload/pfmPoster/PF_PF282139_251224_131920.jpg,공연완료
PF282138,"낙동아트센터 개관 페스티벌, NAC 솔리스트 시리즈 Ⅱ. 김다미 바이올린 리사이틀 [부산]",2026.01.23,2026.01.23,낙동아트센터,서양음악(클래식),http://www.kopis.or.kr/upload/pfmPoster/PF_PF282138_251224_131337.jpg,공연완료
PF282136,"낙동아트센터 개관 페스티벌, NAC 솔리스트 시리즈 I. 성재창 트럼펫 리사이틀 [부산]",2026.01.22,2026.01.22,낙동아트센터,서양음악(클래식),http://www.kopis.or.kr/upload/pfmPoster/PF_PF282136_251224_131053.jpg,공연완료
PF282135,"세종시즌, 나부코",2026.04.09,2026.04.12,세종문화회관,서양음악(클래식),http://www.kopis.or.kr/upload/pfmPoster/PF_PF282135_251224_130851.jpg,공연예정
PF282131,"서울시오페라단, 오페라 갈라",2026.12.12,2026.12.12,세종문화회관,서양음악(클래식),http://www.kopis.or.kr/upload/pfmPoster/PF_PF282131_251224_130141.jpg,공연예정
PF282127,해리 포터와 죽음의 성물™ Part Ⅱ 인 콘서트,2026.05.15,2026.05.17,세종문화회관,서양음악(클래식),http://www.kopis.or.kr/upload/pfmPoster/PF_PF282127_251224_125318.jpg,공연예정
PF282126,우시다 토모하루 피아노 리사이틀,2026.04.08,2026.04.08,롯데콘서트홀,서양음악(클래식),http://www.kopis.or.kr/upload/pfmPoster/PF_PF282126_251224_125016.jpg,공연예정
PF282120,제10회 한국플루트학회 신인음악회,2026.02.01,2026.02.01,예술의전당 [서울],서양음악(클래식),http://www.kopis.or.kr/upload/pfmPoster/PF_PF282120_251224_122110.gif,공연완료
PF282117,"On Stage Concert, 그랜드 테너 스타즈 [부산]",2026.01.20,2026.01.20,해운대문화회관,서양음악(클래식),http://www.kopis.or.kr/upload/pfmPoster/PF_PF282117_251224_120638.jpg,공연완료
PF282109,"서울시오페라단, 라보엠",2026.11.05,2026.11.08,세종문화회관,서양음악(클래식),http://www.kopis.or.kr/upload/pfmPoster/PF_PF282109_251224_113518.jpg,공연예정
PF282105,영도문화예술회관 신년음악회: 사계,2026.01.22,2026.01.22,영도문화예술회관,서양음악(클래식),http://www.kopis.or.kr/upload/pfmPoster/PF_PF282105_251224_112756.jpg,공연완료
PF282102,허수진 귀국 클라리넷 독주회,2026.02.01,2026.02.01,예술의전당 [서울],서양음악(클래식),http://www.kopis.or.kr/upload/pfmPoster/PF_PF282102_251224_111910.gif,공연완료
PF282100,두산 신년음악회,2026.01.13,2026.01.13,세종문화회관,서양음악(클래식),http://www.kopis.or.kr/upload/pfmPoster/PF_PF282100_251224_111709.jpg,공연완료
PF282095,피아니스트 최동욱 반주 리사이틀,2026.01.26,2026.01.26,세종문화회관,서양음악(클래식),http://www.kopis.or.kr/upload/pfmPoster/PF_PF282095_251224_110444.png,공연완료
PF282089,스베틀린 루세브 무반주 바흐 전곡 리사이틀,2026.02.22,2026.02.22,예술의전당 [서울],서양음악(클래식),http://www.kopis.or.kr/upload/pfmPoster/PF_PF282089_251224_105259.gif,공연완료
PF282087,정혜연 쇼팽 피아노 소나타 전곡 리사이틀,2026.03.13,2026.03.13,예술의전당 [서울],서양음악(클래식),http://www.kopis.or.kr/upload/pfmPoster/PF_PF282087_251224_104703.gif,공연완료
PF282086,마사야 카메이 피아노 리사이틀,2026.04.04,2026.04.04,롯데콘서트홀,서양음악(클래식),http://www.kopis.or.kr/upload/pfmPoster/PF_PF282086_251224_104703.jpg,공연예정
PF282069,"서울시합창단, 가곡시대",2026.10.23,2026.10.24,세종문화회관,서양음악(클래식),http://www.kopis.or.kr/upload/pfmPoster/PF_PF282069_251224_101459.jpg,공연예정
PF282067,너에게 들려주고 싶은 클래식 이야기: 너클리 [성남],2026.01.17,2026.01.17,성남아트센터,서양음악(클래식),http://www.kopis.or.kr/upload/pfmPoster/PF_PF282067_251223_140113.gif,공연완료
PF282066,조수미 신년음악회: Dream with me [과천],2026.01.03,2026.01.03,과천시민회관,서양음악(클래식),http://www.kopis.or.kr/upload/pfmPoster/PF_PF282066_251223_135055.gif,공연완료
PF282064,해운대음악제: Concert 2,2026.01.28,2026.01.28,해운대문화회관,서양음악(클래식),http://www.kopis.or.kr/upload/pfmPoster/PF_PF282064_251223_130945.gif,공연완료
PF282063,해운대음악제: Concert 1,2026.01.27,2026.01.27,해운대문화회관,서양음악(클래식),http://www.kopis.or.kr/upload/pfmPoster/PF_PF282063_251223_130945.gif,공연완료
PF282061,제208회 공주시충남교향악단 정기연주회: 목가적 전원,2026.01.30,2026.01.30,공주문예회관,서양음악(클래식),http://www.kopis.or.kr/upload/pfmPoster/PF_PF282061_251223_124825.gif,공연완료
PF282052,지브리와 사랑에 빠지다: 지브리 영화음악 콘서트 스페셜 [포항],2026.03.21,2026.03.21,포항시청 대잠홀,서양음악(클래식),http://www.kopis.or.kr/upload/pfmPoster/PF_PF282052_251223_112645.jpg,공연완료
PF282048,나비부인 [강릉],2026.01.23,2026.01.24,강릉아트센터 (구. 강릉문화예술관),서양음악(클래식),http://www.kopis.or.kr/upload/pfmPoster/PF_PF282048_251223_111610.jpg,공연완료
PF282047,"국립심포니콘서트오케스트라, 브람스, 교향곡 2번 [세종]",2026.01.27,2026.01.27,세종예술의전당,서양음악(클래식),http://www.kopis.or.kr/upload/pfmPoster/PF_PF282047_251223_111609.gif,공연완료
PF282040,CINEMA IN CLASSIC: 지브리 픽사 영화음악 OST [대구],2026.04.11,2026.04.11,비원뮤직홀,서양음악(클래식),http://www.kopis.or.kr/upload/pfmPoster/PF_PF282040_251223_105132.gif,공연예정
PF282039,Viva 앙상블 창단연주회 [광주],2026.01.22,2026.01.22,광주 예술의 전당,서양음악(클래식),http://www.kopis.or.kr/upload/pfmPoster/PF_PF282039_251223_105014.png,공연완료
PF282032,소프라노 이은혜 독창회,2026.01.22,2026.01.22,JCC 아트센터,서양음악(클래식),http://www.kopis.or.kr/upload/pfmPoster/PF_PF282032_251223_103116.gif,공연완료
PF282031,오잉클!,2025.03.07,2026.04.25,오감클래식,서양음악(클래식),http://www.kopis.or.kr/upload/pfmPoster/PF_PF282031_260113_150927.jpg,공연중
PF282029,소프라노 강종희 독창회,2026.01.29,2026.01.29,세종문화회관,서양음악(클래식),http://www.kopis.or.kr/upload/pfmPoster/PF_PF282029_251223_102547.png,공연완료
PF282027,국립심포니오케스트라와 함께하는 신년음악회 [안동],2026.01.31,2026.01.31,안동문화예술의전당,서양음악(클래식),http://www.kopis.or.kr/upload/pfmPoster/PF_PF282027_251223_101808.jpg,공연완료
PF282024,"춘천시립합창단 모닝콘서트, PAUSE Ⅰ: 새로움의 희망, 기쁨 그리고 설렘",2026.01.21,2026.01.21,춘천문화예술회관,서양음악(클래식),http://www.kopis.or.kr/upload/pfmPoster/PF_PF282024_251223_101546.jpg,공연완료
PF282003,구로문화재단 신년음악회,2026.01.16,2026.01.16,구로아트밸리,서양음악(클래식),http://www.kopis.or.kr/upload/pfmPoster/PF_PF282003_251222_151040.gif,공연완료
PF282001,지브리와 사랑에 빠지다: 지브리 영화음악 콘서트 [제주],2026.02.28,2026.02.28,제주호은아트센터(구.섬아이뮤직아트센터),서양음악(클래식),http://www.kopis.or.kr/upload/pfmPoster/PF_PF282001_251222_150457.png,공연완료
PF281995,양촌리 러브 스캔들,2026.02.27,2026.02.28,예술의전당 [서울],서양음악(클래식),http://www.kopis.or.kr/upload/pfmPoster/PF_PF281995_251222_144402.gif,공연완료
PF281991,빈 소년 합창단 신년음악회 [제천],2026.01.18,2026.01.18,제천예술의전당,서양음악(클래식),http://www.kopis.or.kr/upload/pfmPoster/PF_PF281991_251222_142052.gif,공연완료
PF281978,제3회 Conducting Forum 연주회,2026.01.09,2026.01.09,꿈의숲아트센터,서양음악(클래식),http://www.kopis.or.kr/upload/pfmPoster/PF_PF281978_251222_133448.jpg,공연완료
PF281976,우리들합창단 창단연주회 [성남],2026.01.18,2026.01.18,성남아트센터,서양음악(클래식),http://www.kopis.or.kr/upload/pfmPoster/PF_PF281976_251222_132620.gif,공연완료
PF281970,"제30회 MERRY 정기연주회, BEYOND: 클래식 & 영화음악 콘서트",2026.01.24,2026.01.24,KBS홀 [별관],서양음악(클래식),http://www.kopis.or.kr/upload/pfmPoster/PF_PF281970_251222_131757.gif,공연완료
PF281964,조수미 신년음악회: Dream with me [인천],2026.01.08,2026.01.08,아트센터 인천,서양음악(클래식),http://www.kopis.or.kr/upload/pfmPoster/PF_PF281964_251222_125918.gif,공연완료
PF281960,롯데 키즈 오케스트라 신년 콘서트,2026.01.19,2026.01.19,롯데콘서트홀,서양음악(클래식),http://www.kopis.or.kr/upload/pfmPoster/PF_PF281960_251222_124848.jpg,공연완료
PF281958,"대전시립교향악단 마스터즈 시리즈 Ⅰ, 신년음악회: 림스키코르사코프 세헤라자데 [대전]",2026.01.08,2026.01.08,대전예술의전당,서양음악(클래식),http://www.kopis.or.kr/upload/pfmPoster/PF_PF281958_251223_113115.gif,공연완료
PF281955,파주문화재단 신년음악회,2026.01.09,2026.01.09,파주운정행복센터,서양음악(클래식),http://www.kopis.or.kr/upload/pfmPoster/PF_PF281955_251222_122534.png,공연완료
PF281954,"금호영체임버콘서트, 브리오 퀸텟 연주회",2026.03.28,2026.03.28,금호아트홀 연세,서양음악(클래식),http://www.kopis.or.kr/upload/pfmPoster/PF_PF281954_251222_121959.gif,공연중
PF281953,"금호영체임버콘서트, 리히트 브라스 퀸텟 연주회",2026.02.28,2026.02.28,금호아트홀 연세,서양음악(클래식),http://www.kopis.or.kr/upload/pfmPoster/PF_PF281953_251222_121454.gif,공연완료
PF281952,"금호영아티스트콘서트, 이승재 피아노 독주회",2026.02.07,2026.02.07,금호아트홀 연세,서양음악(클래식),http://www.kopis.or.kr/upload/pfmPoster/PF_PF281952_251222_120929.gif,공연완료
PF281944,정명훈 & 드레스덴 슈타츠카펠레 with 임윤찬 [평택],2026.01.30,2026.01.30,평택아트센터,서양음악(클래식),http://www.kopis.or.kr/upload/pfmPoster/PF_PF281944_251222_112230.gif,공연완료
PF281943,김지현 귀국 피아노 독주회,2026.01.22,2026.01.22,세종문화회관,서양음악(클래식),http://www.kopis.or.kr/upload/pfmPoster/PF_PF281943_251222_111821.jpg,공연완료
PF281941,빈 소년 합창단 신년음악회 [평택],2026.01.23,2026.01.23,평택아트센터,서양음악(클래식),http://www.kopis.or.kr/upload/pfmPoster/PF_PF281941_251222_111241.gif,공연완료
PF281940,앙상블 헤어츠와 함께하는 동화 쏙! 클래식 - 피노키오 (1월),2026.01.03,2026.01.24,통의동클래식,서양음악(클래식),http://www.kopis.or.kr/upload/pfmPoster/PF_PF281940_251222_111044.jpeg,공연완료
PF281937,제627회 부산시립교향악단 정기연주회 [부산],2026.01.29,2026.01.29,부산콘서트홀,서양음악(클래식),http://www.kopis.or.kr/upload/pfmPoster/PF_PF281937_251222_110152.jpg,공연완료
PF281936,제3회 오케스트라 드 아르떼 정기연주회,2026.01.03,2026.01.03,고양아람누리,서양음악(클래식),http://www.kopis.or.kr/upload/pfmPoster/PF_PF281936_251222_110151.png,공연완료
PF281931,경기아트센터 신년음악회 [수원],2026.01.10,2026.01.10,경기아트센터(구. 경기도문화의전당),서양음악(클래식),http://www.kopis.or.kr/upload/pfmPoster/PF_PF281931_251222_104746.gif,공연완료
PF281927,창작오페라 찬드라,2026.01.31,2026.02.01,아르코예술극장,서양음악(클래식),http://www.kopis.or.kr/upload/pfmPoster/PF_PF281927_251222_103856.jpg,공연완료
PF281925,"금호영재콘서트, 김진 플루트 독주회",2026.01.31,2026.01.31,금호아트홀 연세,서양음악(클래식),http://www.kopis.or.kr/upload/pfmPoster/PF_PF281925_251222_103112.gif,공연완료
PF281923,"금호영아티스트콘서트, 임태오 트럼펫 독주회",2026.03.07,2026.03.07,금호아트홀 연세,서양음악(클래식),http://www.kopis.or.kr/upload/pfmPoster/PF_PF281923_251222_102735.gif,공연완료
PF281913,언블락 신년기획 오작교: 희망을 연주하다,2026.01.01,2026.01.01,롯데콘서트홀,서양음악(클래식),http://www.kopis.or.kr/upload/pfmPoster/PF_PF281913_251219_144153.gif,공연완료
PF281911,김홍박 호른 리사이틀,2026.03.13,2026.03.13,예술의전당 [서울],서양음악(클래식),http://www.kopis.or.kr/upload/pfmPoster/PF_PF281911_251219_143654.gif,공연완료
PF281910,김예라 피아노 독주회,2026.01.15,2026.01.15,세종문화회관,서양음악(클래식),http://www.kopis.or.kr/upload/pfmPoster/PF_PF281910_251219_143320.png,공연완료
PF281908,안드라스 쉬프 피아노 리사이틀,2026.03.15,2026.03.15,예술의전당 [서울],서양음악(클래식),http://www.kopis.or.kr/upload/pfmPoster/PF_PF281908_251219_142329.gif,공연완료
PF281898,"DISNEY. ART COLLECTION, FANTASIA NIGHT 연주회",2026.01.03,2026.02.28,IFC몰(서울국제금융센터),서양음악(클래식),http://www.kopis.or.kr/upload/pfmPoster/PF_PF281898_251219_133619.jpg,공연완료
PF281896,"클래식 온: 김현수, 김소정 바이올린 듀오 리사이틀 [대구]",2026.01.20,2026.01.20,대구콘서트하우스,서양음악(클래식),http://www.kopis.or.kr/upload/pfmPoster/PF_PF281896_251231_160911.png,공연완료
PF281889,"대구콘서트하우스 명연주시리즈, 빈 소년 합창단",2026.01.21,2026.01.21,대구콘서트하우스,서양음악(클래식),http://www.kopis.or.kr/upload/pfmPoster/PF_PF281889_251219_130331.gif,공연완료
PF281885,"ONLY FOR YOU, 김연화 바순 독주회",2026.01.17,2026.01.17,에이치아츠 (H-Art),서양음악(클래식),http://www.kopis.or.kr/upload/pfmPoster/PF_PF281885_251219_124927.gif,공연완료
PF281882,바이올리니스트 조최현 & 피아니스트 공원경 듀오 리사이틀,2026.02.02,2026.02.02,세종문화회관,서양음악(클래식),http://www.kopis.or.kr/upload/pfmPoster/PF_PF281882_251219_123333.gif,공연완료
PF281874,더 필하모닉 브라스 첫 내한공연,2026.02.05,2026.02.05,예술의전당 [서울],서양음악(클래식),http://www.kopis.or.kr/upload/pfmPoster/PF_PF281874_251230_154237.gif,공연완료
PF281872,소프라노 이혜지의 노래의 여정: 건반과 기타편,2026.01.28,2026.01.28,예술의전당 [서울],서양음악(클래식),http://www.kopis.or.kr/upload/pfmPoster/PF_PF281872_251219_111543.gif,공연완료
PF281862,제10회 Andy Phil 정기연주회,2026.01.17,2026.01.17,부천아트센터,서양음악(클래식),http://www.kopis.or.kr/upload/pfmPoster/PF_PF281862_251219_104349.jpg,공연완료
PF281860,"창작산실, 2.28",2026.01.16,2026.01.17,아르코예술극장,서양음악(클래식),http://www.kopis.or.kr/upload/pfmPoster/PF_PF281860_251219_103543.jpg,공연완료
PF281859,국민대학교 피아노 페다고지 제자연주회: Junior Gala Concert,2026.01.21,2026.01.21,롯데콘서트홀,서양음악(클래식),http://www.kopis.or.kr/upload/pfmPoster/PF_PF281859_251219_103511.png,공연완료
PF281842,지브리와 사랑에 빠지다: 지브리 영화음악 콘서트 [광명],2026.02.14,2026.02.14,광명시민회관,서양음악(클래식),http://www.kopis.or.kr/upload/pfmPoster/PF_PF281842_251218_143534.jpg,공연완료
PF281836,지브리와 사랑에 빠지다: 지브리 영화음악 콘서트 [아산],2026.02.01,2026.02.01,아산시 평생학습관(아산아트홀),서양음악(클래식),http://www.kopis.or.kr/upload/pfmPoster/PF_PF281836_251218_141340.gif,공연완료
PF281826,성동구민과 함께하는 신년음악회,2026.01.10,2026.01.10,소월아트홀 (성동문화회관),서양음악(클래식),http://www.kopis.or.kr/upload/pfmPoster/PF_PF281826_260105_151223.jpg,공연완료
PF281823,김준한 피아노 리사이틀 (앵콜),2026.01.10,2026.01.10,JCC 아트센터,서양음악(클래식),http://www.kopis.or.kr/upload/pfmPoster/PF_PF281823_251218_132519.gif,공연완료
PF281822,롯콘 마티네: 대니 구의 플레이리스트,2026.03.05,2026.11.05,롯데콘서트홀,서양음악(클래식),http://www.kopis.or.kr/upload/pfmPoster/PF_PF281822_251222_110249.gif,공연중
PF281801,앙상블 버라이어티 신년음악회: All That Waltz,2026.01.01,2026.01.01,세종문화회관,서양음악(클래식),http://www.kopis.or.kr/upload/pfmPoster/PF_PF281801_251218_112832.gif,공연완료
PF281793,장인형 피아노 독주회,2026.01.07,2026.01.07,세종문화회관,서양음악(클래식),http://www.kopis.or.kr/upload/pfmPoster/PF_PF281793_251218_110305.jpg,공연완료
PF281791,"임이환, 민요 첼로 (MINYO CELLO)",2026.01.03,2026.01.04,아르코예술극장,서양음악(클래식),http://www.kopis.or.kr/upload/pfmPoster/PF_PF281791_251218_105810.jpg,공연완료
PF281789,리스트 국제 피아노 콩쿠르 위너 [서울],2026.02.28,2026.02.28,예술의전당 [서울],서양음악(클래식),http://www.kopis.or.kr/upload/pfmPoster/PF_PF281789_251218_104939.gif,공연완료
PF281786,제11회 플레이어즈 필하모닉 오케스트라 정기연주회,2026.01.23,2026.01.23,성남아트센터,서양음악(클래식),http://www.kopis.or.kr/upload/pfmPoster/PF_PF281786_260105_150530.gif,공연완료
PF281780,"더클랑 신년음악회, 파리의 선율 : 사라사테 & 비제 그리고 베토벤 황제",2026.01.20,2026.01.20,롯데콘서트홀,서양음악(클래식),http://www.kopis.or.kr/upload/pfmPoster/PF_PF281780_251218_102341.jpg,공연완료
PF281769,오르간 오딧세이,2026.02.25,2026.12.16,롯데콘서트홀,서양음악(클래식),http://www.kopis.or.kr/upload/pfmPoster/PF_PF281769_251217_135219.gif,공연중
PF281765,"꾸러기음악회, 봄이 오는 소리",2026.02.21,2026.02.22,국립극장,서양음악(클래식),http://www.kopis.or.kr/upload/pfmPoster/PF_PF281765_251217_133913.gif,공연완료
PF281762,"대구시립교향악단, 신년음악회 [대구]",2026.01.09,2026.01.09,대구콘서트하우스,서양음악(클래식),http://www.kopis.or.kr/upload/pfmPoster/PF_PF281762_251217_133307.gif,공연완료
PF281760,부산 메세나 신년음악회,2026.01.08,2026.01.08,부산콘서트홀,서양음악(클래식),http://www.kopis.or.kr/upload/pfmPoster/PF_PF281760_251217_132359.png,공연완료
PF281759,제114회 강남심포니오케스트라 정기연주회,2026.01.28,2026.01.28,예술의전당 [서울],서양음악(클래식),http://www.kopis.or.kr/upload/pfmPoster/PF_PF281759_251217_132009.gif,공연완료
PF281758,"지브리를 품은 클래식: 겨울, 비워내는 계절 [대구]",2026.03.14,2026.03.14,대구문화예술회관,서양음악(클래식),http://www.kopis.or.kr/upload/pfmPoster/PF_PF281758_251217_132008.jpg,공연완료
PF281753,윤수아 오보에 독주회,2026.01.27,2026.01.27,예술의전당 [서울],서양음악(클래식),http://www.kopis.or.kr/upload/pfmPoster/PF_PF281753_251217_130015.gif,공연완료
PF281745,삼성증권 VIP 초청 음악회,2026.02.26,2026.02.26,롯데콘서트홀,서양음악(클래식),http://www.kopis.or.kr/upload/pfmPoster/PF_PF281745_251217_115352.png,공연완료
PF281737,정명훈 & 드레스덴 슈타츠카펠레,2026.01.28,2026.01.28,롯데콘서트홀,서양음악(클래식),http://www.kopis.or.kr/upload/pfmPoster/PF_PF281737_251219_105127.gif,공연완료
PF281735,강릉아트센터 신년콘서트: 빈 소년 합창단 내한공연 [강릉],2026.01.16,2026.01.16,강릉아트센터 (구. 강릉문화예술관),서양음악(클래식),http://www.kopis.or.kr/upload/pfmPoster/PF_PF281735_251217_111836.jpg,공연완료
PF281733,빈 소년 합창단 신년 콘서트 [군포],2026.01.24,2026.01.24,군포문화예술회관,서양음악(클래식),http://www.kopis.or.kr/upload/pfmPoster/PF_PF281733_251217_111229.gif,공연완료
PF281725,민서영 귀국 바순 독주회,2026.01.28,2026.01.28,예술의전당 [서울],서양음악(클래식),http://www.kopis.or.kr/upload/pfmPoster/PF_PF281725_251217_105506.gif,공연완료
PF281718,제183회 춘천시립교향악단 정기연주회,2026.01.23,2026.01.23,춘천문화예술회관,서양음악(클래식),http://www.kopis.or.kr/upload/pfmPoster/PF_PF281718_251217_104303.jpg,공연완료
PF281716,최지웅 윤소영 듀오 연주회: 모차르트 소나타 전곡 시리즈 Ⅳ,2026.01.31,2026.01.31,예술의전당 [서울],서양음악(클래식),http://www.kopis.or.kr/upload/pfmPoster/PF_PF281716_251217_103744.gif,공연완료
PF281708,날씨의 아이 필름 콘서트 [서울 송파],2026.02.20,2026.02.20,롯데콘서트홀,서양음악(클래식),http://www.kopis.or.kr/upload/pfmPoster/PF_PF281708_251217_102224.gif,공연완료
PF281707,발렌타인데이 지브리 OST 콘서트: 디 오케스트라 [고양],2026.02.14,2026.02.14,고양아람누리,서양음악(클래식),http://www.kopis.or.kr/upload/pfmPoster/PF_PF281707_251217_102019.jpg,공연완료
PF281705,박세호 귀국 첼로 독주회,2026.02.10,2026.02.10,세종문화회관,서양음악(클래식),http://www.kopis.or.kr/upload/pfmPoster/PF_PF281705_251217_101429.png,공연완료
PF281704,지브리를 품은 클래식: 나만의 응원이 필요했다 [대구],2026.02.27,2026.02.27,달서아트센터 (구. 웃는얼굴아트센터),서양음악(클래식),http://www.kopis.or.kr/upload/pfmPoster/PF_PF281704_251217_101354.jpg,공연완료
PF281698,"제133회 울산시립합창단 정기연주회: 하이든, 천지창조 [울산]",2026.01.29,2026.01.29,울산문화예술회관,서양음악(클래식),http://www.kopis.or.kr/upload/pfmPoster/PF_PF281698_251217_100719.jpg,공연완료
PF281692,콘사노 체임버오케스트라 신년음악회: Romantic d'amor,2026.01.17,2026.01.17,세종문화회관,서양음악(클래식),http://www.kopis.or.kr/upload/pfmPoster/PF_PF281692_251217_095556.jpg,공연완료
PF281691,제450회 인천시립교향악단 정기연주회: 인천시향의 말러,2026.12.19,2026.12.19,아트센터 인천,서양음악(클래식),http://www.kopis.or.kr/upload/pfmPoster/PF_PF281691_251216_141758.png,공연예정
PF281690,제449회 인천시립교향악단 정기연주회: 인천시향과 크리스토프 포펜,2026.11.20,2026.11.20,아트센터 인천,서양음악(클래식),http://www.kopis.or.kr/upload/pfmPoster/PF_PF281690_251216_141335.png,공연예정
PF281689,제448회 인천시립교향악단 정기연주회: 인천시향의 브람스,2026.10.23,2026.10.23,아트센터 인천,서양음악(클래식),http://www.kopis.or.kr/upload/pfmPoster/PF_PF281689_251216_140856.png,공연예정
PF281688,제447회 인천시립교향악단 정기연주회: 인천시향의 버르토크,2026.10.02,2026.10.02,아트센터 인천,서양음악(클래식),http://www.kopis.or.kr/upload/pfmPoster/PF_PF281688_251216_140406.png,공연예정
PF281687,제445회 인천시립교향악단 정기연주회 [인천],2026.07.17,2026.07.17,아트센터 인천,서양음악(클래식),http://www.kopis.or.kr/upload/pfmPoster/PF_PF281687_251216_140406.jpg,공연예정
PF281686,"인천시립교향악단 기획연주회, 인천 영 아티스트 콘서트",2026.02.25,2026.02.25,인천문화예술회관,서양음악(클래식),http://www.kopis.or.kr/upload/pfmPoster/PF_PF281686_260102_111750.gif,공연완료
PF281685,제446회 인천시립교향악단 정기연주회: 창단 60주년 기념음악회,2026.09.05,2026.09.05,아트센터 인천,서양음악(클래식),http://www.kopis.or.kr/upload/pfmPoster/PF_PF281685_251216_135721.png,공연예정
PF281684,제444회 인천시립교향악단 정기연주회 [인천],2026.06.19,2026.06.19,아트센터 인천,서양음악(클래식),http://www.kopis.or.kr/upload/pfmPoster/PF_PF281684_251216_135202.jpg,공연예정
PF281683,"인천시립교향악단 기획연주회, 과정음악회 Ⅱ",2026.06.18,2026.06.18,아트센터 인천,서양음악(클래식),http://www.kopis.or.kr/upload/pfmPoster/PF_PF281683_251216_134416.jpg,공연예정
PF281679,정명훈 & KBS교향악단 연주회 (협연: 레오니다스 카바코스) [화성],2026.01.15,2026.01.15,화성예술의전당,서양음악(클래식),http://www.kopis.or.kr/upload/pfmPoster/PF_PF281679_251216_132527.gif,공연완료
PF281677,"제441회 인천시립교향악단 정기연주회, 인천시향과 올해의 예술가 Adventurous IPO Ⅱ",2026.03.27,2026.03.27,아트센터 인천,서양음악(클래식),http://www.kopis.or.kr/upload/pfmPoster/PF_PF281677_251216_132321.jpg,공연완료
PF281675,"인천시립교향악단 기획연주회, 과정음악회 Ⅰ",2026.03.26,2026.03.26,아트센터 인천,서양음악(클래식),http://www.kopis.or.kr/upload/pfmPoster/PF_PF281675_251216_131456.jpg,공연완료
PF281673,제443회 인천시립교향악단 정기연주회: 인천시향의 드보르자크,2026.05.15,2026.05.15,아트센터 인천,서양음악(클래식),http://www.kopis.or.kr/upload/pfmPoster/PF_PF281673_251216_130949.jpg,공연예정
PF281672,"제440회 인천시립교향악단 정기연주회, 새해음악회",2026.01.30,2026.01.30,인천문화예술회관,서양음악(클래식),http://www.kopis.or.kr/upload/pfmPoster/PF_PF281672_251222_130308.gif,공연완료
PF281671,제442회 인천시립교향악단 정기연주회: 인천시향의 말러,2026.04.25,2026.04.25,아트센터 인천,서양음악(클래식),http://www.kopis.or.kr/upload/pfmPoster/PF_PF281671_251216_130628.jpg,공연예정
PF281670,"인천시립교향악단 기획연주회, 과정음악회 Ⅲ",2026.10.22,2026.10.22,아트센터 인천,서양음악(클래식),http://www.kopis.or.kr/upload/pfmPoster/PF_PF281670_251216_130108.jpg,공연예정
PF281669,"인천시립교향악단 기획연주회, 실내악 콘서트 Ⅰ",2026.01.21,2026.01.21,인천문화예술회관,서양음악(클래식),http://www.kopis.or.kr/upload/pfmPoster/PF_PF281669_251216_125920.jpg,공연완료
PF281668,"인천시립교향악단 기획연주회, 과정음악회 Ⅳ",2026.12.18,2026.12.18,아트센터 인천,서양음악(클래식),http://www.kopis.or.kr/upload/pfmPoster/PF_PF281668_251216_125648.jpg,공연예정
PF281663,"HAC Choice, 필하모닉 앙상블 신년음악회 [화성]",2026.02.07,2026.02.07,화성예술의전당,서양음악(클래식),http://www.kopis.or.kr/upload/pfmPoster/PF_PF281663_251216_123617.gif,공연완료
PF281662,제13회 용인 플룻 앙상블 정기 연주회 [성남],2026.01.23,2026.01.23,성남아트센터,서양음악(클래식),http://www.kopis.or.kr/upload/pfmPoster/PF_PF281662_260126_154651.png,공연완료
PF281647,"금호영재콘서트, 이윤서 피아노 독주회",2026.03.14,2026.03.14,금호아트홀 연세,서양음악(클래식),http://www.kopis.or.kr/upload/pfmPoster/PF_PF281647_251216_110610.gif,공연완료
PF281642,지브리를 품은 클래식: 바람이 피어나는 계절 [부산],2026.03.21,2026.03.21,해운대문화회관,서양음악(클래식),http://www.kopis.or.kr/upload/pfmPoster/PF_PF281642_260126_111901.gif,공연완료
PF281640,KBS교향악단 x 정명훈의 말러 교향곡 5번,2026.03.13,2026.03.13,예술의전당 [서울],서양음악(클래식),http://www.kopis.or.kr/upload/pfmPoster/PF_PF281640_260212_163726.gif,공연완료
PF281632,광복회 신년음악회: 봉오동의 영웅,2026.01.06,2026.01.06,국립극장,서양음악(클래식),http://www.kopis.or.kr/upload/pfmPoster/PF_PF281632_251216_103123.jpg,공연완료
PF281610,"의정부문화재단 신년음악회, 국립심포니오케스트라: 빛으로 여는 새해 [의정부]",2026.01.23,2026.01.23,의정부예술의전당,서양음악(클래식),http://www.kopis.or.kr/upload/pfmPoster/PF_PF281610_251215_143913.gif,공연완료
PF281607,김포문화재단 신년 음악회 [김포],2026.01.03,2026.01.03,김포아트홀,서양음악(클래식),http://www.kopis.or.kr/upload/pfmPoster/PF_PF281607_251215_143246.gif,공연완료
PF281606,신년음악회: 리듬 오브 클래식,2026.01.15,2026.01.15,세종문화회관,서양음악(클래식),http://www.kopis.or.kr/upload/pfmPoster/PF_PF281606_251215_142931.gif,공연완료
PF281604,영화 음악 오케스트라 콘서트 with 지브리 & 디즈니 [서울 송파],2026.01.02,2026.01.02,롯데콘서트홀,서양음악(클래식),http://www.kopis.or.kr/upload/pfmPoster/PF_PF281604_251215_142823.gif,공연완료
PF281603,대전MBC예술단 신년음악회 [대전],2026.01.02,2026.01.02,대전예술의전당,서양음악(클래식),http://www.kopis.or.kr/upload/pfmPoster/PF_PF281603_251215_142515.gif,공연완료
PF281593,KBS교향악단과 함께하는 신년음악회 [하남],2026.01.24,2026.01.24,하남문화예술회관,서양음악(클래식),http://www.kopis.or.kr/upload/pfmPoster/PF_PF281593_251215_140319.gif,공연완료
PF281587,빈재현 귀국 색소폰 독주회,2026.01.04,2026.01.04,금호아트홀 연세,서양음악(클래식),http://www.kopis.or.kr/upload/pfmPoster/PF_PF281587_251215_134547.gif,공연완료
PF281579,Flutist 원유림 내한공연 Memory and Curve [화성],2026.01.03,2026.01.03,인스파이어 컬쳐홀,서양음악(클래식),http://www.kopis.or.kr/upload/pfmPoster/PF_PF281579_251215_133003.gif,공연완료
PF281575,박지현 오보에 독주회: Re: composition,2026.01.13,2026.01.13,금호아트홀 연세,서양음악(클래식),http://www.kopis.or.kr/upload/pfmPoster/PF_PF281575_251215_132120.gif,공연완료
PF281571,바이올리니스트 김주원의 바흐 전곡 시리즈 2,2026.01.11,2026.01.11,예술의전당 [서울],서양음악(클래식),http://www.kopis.or.kr/upload/pfmPoster/PF_PF281571_251215_131648.gif,공연완료
PF281560,최예림 플루트 독주회,2026.01.27,2026.01.27,금호아트홀 연세,서양음악(클래식),http://www.kopis.or.kr/upload/pfmPoster/PF_PF281560_251215_125400.gif,공연완료
PF281559,"앙상블 R.E 정기연주회: 겨울, 그 쉼에 대하여",2026.01.30,2026.01.30,금호아트홀 연세,서양음악(클래식),http://www.kopis.or.kr/upload/pfmPoster/PF_PF281559_251229_164652.gif,공연완료
PF281555,송하나 피아노 독주회,2026.01.14,2026.01.14,세종문화회관,서양음악(클래식),http://www.kopis.or.kr/upload/pfmPoster/PF_PF281555_251215_123428.png,공연완료
PF281547,한국대학생연합오케스트라 창단 15주년 기념 정기연주회: The Nutcracker,2026.01.24,2026.01.24,고양아람누리,서양음악(클래식),http://www.kopis.or.kr/upload/pfmPoster/PF_PF281547_251215_113714.jpg,공연완료
PF281539,성재창 트럼펫 독주회 [대구],2026.01.07,2026.01.07,대구콘서트하우스,서양음악(클래식),http://www.kopis.or.kr/upload/pfmPoster/PF_PF281539_251215_111425.jpg,공연완료
PF281513,지브리와 사랑에 빠지다: 지브리 영화음악 콘서트 스페셜 [제주 서귀포],2026.03.01,2026.03.01,서귀포예술의전당,서양음악(클래식),http://www.kopis.or.kr/upload/pfmPoster/PF_PF281513_251215_101154.gif,공연완료
PF281488,"세종예술의전당 신년음악회, 시즌 오프닝 콘서트 with 국립심포니오케스트라 [세종]",2026.01.16,2026.01.16,세종예술의전당,서양음악(클래식),http://www.kopis.or.kr/upload/pfmPoster/PF_PF281488_251212_143231.gif,공연완료
PF281485,피아니스트 정용환 & 임재한 듀오 리사이틀,2026.01.12,2026.01.12,세종문화회관,서양음악(클래식),http://www.kopis.or.kr/upload/pfmPoster/PF_PF281485_251230_151602.gif,공연완료
PF281477,제198회 원주시립교향악단 정기연주회 [원주],2026.01.08,2026.01.08,원주백운아트홀,서양음악(클래식),http://www.kopis.or.kr/upload/pfmPoster/PF_PF281477_251212_134309.jpg,공연완료
PF281476,테너 최병준 귀국 독창회,2026.01.16,2026.01.16,세종문화회관,서양음악(클래식),http://www.kopis.or.kr/upload/pfmPoster/PF_PF281476_251212_134056.png,공연완료
PF281469,소프라노 변지영 독창회,2026.01.05,2026.01.05,금호아트홀 연세,서양음악(클래식),http://www.kopis.or.kr/upload/pfmPoster/PF_PF281469_251212_131909.gif,공연완료
PF281449,첼리스트 홍진호: 첼로 스케이프,2026.03.03,2026.03.03,세종문화회관,서양음악(클래식),http://www.kopis.or.kr/upload/pfmPoster/PF_PF281449_251212_112309.gif,공연완료
PF281445,구미 신년음악회: 정명훈 & 레오니다스 카바코스 & KBS교향악단,2026.01.17,2026.01.17,구미시문화예술회관,서양음악(클래식),http://www.kopis.or.kr/upload/pfmPoster/PF_PF281445_251212_111435.gif,공연완료
PF281436,정유라 귀국 피아노 독주회,2026.01.04,2026.01.04,금호아트홀 연세,서양음악(클래식),http://www.kopis.or.kr/upload/pfmPoster/PF_PF281436_251212_104444.gif,공연완료
PF281429,"금호영재콘서트, 윤가을 호른 독주회",2026.01.24,2026.01.24,금호아트홀 연세,서양음악(클래식),http://www.kopis.or.kr/upload/pfmPoster/PF_PF281429_251212_102501.gif,공연완료
PF281426,제7회 아르텔 필하모닉 오케스트라 정기연주회: 대국민통합 신년음악회,2026.01.20,2026.01.20,세종문화회관,서양음악(클래식),http://www.kopis.or.kr/upload/pfmPoster/PF_PF281426_251212_101230.jpg,공연완료
PF281424,신유민 피아노 독주회: FANTASIE,2026.01.19,2026.01.19,세종문화회관,서양음악(클래식),http://www.kopis.or.kr/upload/pfmPoster/PF_PF281424_251212_100631.jpg,공연완료
PF281408,제2회 SM Young Choir 정기연주회: All That Music [대구],2026.01.24,2026.01.24,대구문화예술회관,서양음악(클래식),http://www.kopis.or.kr/upload/pfmPoster/PF_PF281408_251211_142751.png,공연완료
PF281407,지브리 하우스 콘서트: 당신이 듣고싶던 곡들 [부산],2026.01.24,2026.01.24,첼리스트의 서재,서양음악(클래식),http://www.kopis.or.kr/upload/pfmPoster/PF_PF281407_251211_142111.gif,공연완료
PF281404,CMS ROUND TABLE의 친절한 클래식: Reproduction,2026.01.28,2026.01.28,세종문화회관,서양음악(클래식),http://www.kopis.or.kr/upload/pfmPoster/PF_PF281404_251211_140258.jpg,공연완료
PF281393,송파구 신년인사회,2026.01.07,2026.01.07,롯데콘서트홀,서양음악(클래식),http://www.kopis.or.kr/upload/pfmPoster/PF_PF281393_251211_131538.png,공연완료
PF281386,강북문화재단 신년음악회: 한빛예술단 & 라포엠,2026.01.16,2026.01.16,강북문화예술회관,서양음악(클래식),http://www.kopis.or.kr/upload/pfmPoster/PF_PF281386_251211_130200.gif,공연완료
PF281377,"제1144회 하우스콘서트, 신년음악회: 헤이리챔버오케스트라",2026.01.12,2026.01.12,예술가의 집,서양음악(클래식),http://www.kopis.or.kr/upload/pfmPoster/PF_PF281377_251211_113936.png,공연완료
PF281376,라미띠에 트리오 정기연주회: From Death to Birth,2026.01.23,2026.01.23,세종문화회관,서양음악(클래식),http://www.kopis.or.kr/upload/pfmPoster/PF_PF281376_251211_113054.jpg,공연완료
PF281368,이찬우 귀국 피아노 독주회,2026.01.20,2026.01.20,금호아트홀 연세,서양음악(클래식),http://www.kopis.or.kr/upload/pfmPoster/PF_PF281368_251211_111352.gif,공연완료
PF281361,공주시충남교향악단 신년음악회 New Year‘s Concert,2026.01.08,2026.01.08,공주문예회관,서양음악(클래식),http://www.kopis.or.kr/upload/pfmPoster/PF_PF281361_251211_105432.gif,공연완료
PF281353,"금호영재콘서트, 성시윤 바이올린 독주회",2026.02.28,2026.02.28,금호아트홀 연세,서양음악(클래식),http://www.kopis.or.kr/upload/pfmPoster/PF_PF281353_251211_103302.gif,공연완료
PF281330,지브리와 사랑에 빠지다: 지브리 영화음악 콘서트 스페셜 [안산],2026.02.28,2026.02.28,안산문화예술의전당,서양음악(클래식),http://www.kopis.or.kr/upload/pfmPoster/PF_PF281330_251210_135544.gif,공연완료
PF281328,이관욱 피아노 독주회 [고양],2026.02.24,2026.02.24,고양아람누리,서양음악(클래식),http://www.kopis.or.kr/upload/pfmPoster/PF_PF281328_251210_134959.gif,공연완료
PF281321,한지민 피아노 독주회,2026.01.08,2026.01.08,세종문화회관,서양음악(클래식),http://www.kopis.or.kr/upload/pfmPoster/PF_PF281321_251210_133712.jpg,공연완료
PF281318,크리스티안 짐머만 피아노 리사이틀,2026.01.08,2026.01.08,신세계남산,서양음악(클래식),http://www.kopis.or.kr/upload/pfmPoster/PF_PF281318_251210_132109.png,공연완료
PF281310,"대구, 광주 달빛동맹 교류공연: 라 보엠 [대구]",2026.01.30,2026.01.31,대구오페라하우스,서양음악(클래식),http://www.kopis.or.kr/upload/pfmPoster/PF_PF281310_251210_125851.gif,공연완료
PF281299,지브리와 사랑에 빠지다: 지브리 영화음악 콘서트 스페셜 [전주],2026.02.07,2026.02.07,한국소리문화의전당,서양음악(클래식),http://www.kopis.or.kr/upload/pfmPoster/PF_PF281299_251210_115803.gif,공연완료
PF281296,당진문화재단 신년음악회: 국립심포니오케스트라,2026.01.17,2026.01.17,당진문예의전당,서양음악(클래식),http://www.kopis.or.kr/upload/pfmPoster/PF_PF281296_251210_113707.jpg,공연완료
PF281278,"F1963 겨울음악회4, 첼로의 대화 [부산]",2026.02.07,2026.02.07,F1963,서양음악(클래식),http://www.kopis.or.kr/upload/pfmPoster/PF_PF281278_251210_104642.jpg,공연완료
PF281274,"F1963 겨울음악회3, 현악 콰르텟과 피아노 [부산]",2026.01.24,2026.01.24,F1963,서양음악(클래식),http://www.kopis.or.kr/upload/pfmPoster/PF_PF281274_251210_104057.jpg,공연완료
PF281259,"국립심포니오케스트라, 영화음악 콘서트",2026.05.02,2026.05.02,예술의전당 [서울],서양음악(클래식),http://www.kopis.or.kr/upload/pfmPoster/PF_PF281259_260226_161017.gif,공연예정
PF281257,"국립심포니오케스트라, 실내악 시리즈 Ⅰ: 베버 서거 200주기 기념",2026.03.26,2026.03.26,예술의전당 [서울],서양음악(클래식),http://www.kopis.or.kr/upload/pfmPoster/PF_PF281257_260219_174546.gif,공연완료
PF281255,"제266회 국립심포니오케스트라 정기연주회: 파야, 삼각모자 모음곡",2026.08.07,2026.08.07,예술의전당 [서울],서양음악(클래식),http://www.kopis.or.kr/upload/pfmPoster/PF_PF281255_260209_174923.gif,공연예정
PF281252,"제264회 국립심포니오케스트라 정기연주회: 멘델스존, 교향곡 4번 이탈리아",2026.06.05,2026.06.05,예술의전당 [서울],서양음악(클래식),http://www.kopis.or.kr/upload/pfmPoster/PF_PF281252_260212_170502.gif,공연예정
PF281249,"제267회 국립심포니오케스트라 정기연주회: 슈만, 교향곡 2번",2026.09.13,2026.09.13,예술의전당 [서울],서양음악(클래식),http://www.kopis.or.kr/upload/pfmPoster/PF_PF281249_260212_172438.gif,공연예정
PF281247,"제261회 국립심포니오케스트라 정기연주회: 쇼스타코비치, 교향곡 1번",2026.02.11,2026.02.11,예술의전당 [서울],서양음악(클래식),http://www.kopis.or.kr/upload/pfmPoster/PF_PF281247_260116_112850.gif,공연완료
PF281245,"제262회 국립심포니오케스트라 정기연주회: 시벨리우스, 교향곡 2번",2026.03.07,2026.03.07,예술의전당 [서울],서양음악(클래식),http://www.kopis.or.kr/upload/pfmPoster/PF_PF281245_260126_155419.gif,공연완료
PF281243,"국립심포니오케스트라, 실내악 시리즈 Ⅱ: 베버 서거 200주기 기념",2026.09.18,2026.09.18,예술의전당 [서울],서양음악(클래식),http://www.kopis.or.kr/upload/pfmPoster/PF_PF281243_260226_161259.gif,공연예정
PF281241,"국립심포니오케스트라, 영화음악 콘서트: 할리우드 블록버스터",2026.05.01,2026.05.01,예술의전당 [서울],서양음악(클래식),http://www.kopis.or.kr/upload/pfmPoster/PF_PF281241_251209_133148.gif,공연예정
PF281239,"제268회 국립심포니오케스트라 정기연주회: 멘델스존, 교향곡 3번 스코틀랜드",2026.12.03,2026.12.03,예술의전당 [서울],서양음악(클래식),http://www.kopis.or.kr/upload/pfmPoster/PF_PF281239_260226_162352.gif,공연예정
PF281238,"국립심포니오케스트라, 실내악 시리즈 Ⅲ. 국립심포니 6 첼리스트",2026.11.22,2026.11.22,예술의전당 [서울],서양음악(클래식),http://www.kopis.or.kr/upload/pfmPoster/PF_PF281238_251209_132714.gif,공연예정
PF281236,"제265회 국립심포니오케스트라 정기연주회: 베토벤, 교향곡 7번",2026.07.04,2026.07.04,예술의전당 [서울],서양음악(클래식),http://www.kopis.or.kr/upload/pfmPoster/PF_PF281236_251209_132045.gif,공연예정
PF281232,이데일리 신년음악회: KG필하모닉 오케스트라,2026.01.17,2026.01.17,롯데콘서트홀,서양음악(클래식),http://www.kopis.or.kr/upload/pfmPoster/PF_PF281232_251223_162028.png,공연완료
PF281202,소프라노 김미주 독창회,2026.03.14,2026.03.14,세종문화회관,서양음악(클래식),http://www.kopis.or.kr/upload/pfmPoster/PF_PF281202_251209_110955.png,공연완료
PF281189,제822회 KBS교향악단 정기연주회,2026.01.16,2026.01.16,롯데콘서트홀,서양음악(클래식),http://www.kopis.or.kr/upload/pfmPoster/PF_PF281189_260105_161339.gif,공연완료
PF281172,"금호영재콘서트, 유하람 피아노 독주회",2026.03.07,2026.03.07,금호아트홀 연세,서양음악(클래식),http://www.kopis.or.kr/upload/pfmPoster/PF_PF281172_251209_100937.gif,공연완료
PF281148,지브리 & 디즈니 영화음악 FESTA [용인 (앵콜) ],2026.02.22,2026.02.22,용인포은아트홀,서양음악(클래식),http://www.kopis.or.kr/upload/pfmPoster/PF_PF281148_251208_144356.gif,공연완료
PF281147,"라이징 비루투오소: 발렌틴 말리닌 & 이재리, 낭만의 두 얼굴 - 차이콥스키 & 드보르작",2026.01.21,2026.01.21,롯데콘서트홀,서양음악(클래식),http://www.kopis.or.kr/upload/pfmPoster/PF_PF281147_251208_143919.gif,공연완료
PF281136,신년음악회 [군포],2026.01.17,2026.01.17,군포문화예술회관,서양음악(클래식),http://www.kopis.or.kr/upload/pfmPoster/PF_PF281136_251208_141611.gif,공연완료
PF281129,"신년 갈라 콘서트, NEW GALA: 고잉홈프로젝트 X 윤별발레컴퍼니 [고양]",2026.01.10,2026.01.10,고양아람누리,서양음악(클래식),http://www.kopis.or.kr/upload/pfmPoster/PF_PF281129_251208_140151.jpg,공연완료
PF281084,"금호 위너스, 김채령 Piano",2026.01.10,2026.01.10,금호아트홀 연세,서양음악(클래식),http://www.kopis.or.kr/upload/pfmPoster/PF_PF281084_251208_120105.gif,공연완료
PF281077,지브리 & 디즈니 영화음악 FESTA [인천 (앵콜) ],2026.01.30,2026.01.30,아트센터 인천,서양음악(클래식),http://www.kopis.or.kr/upload/pfmPoster/PF_PF281077_251208_113346.gif,공연완료
PF281052,지브리와 사랑에 빠지다: 지브리 영화음악 콘서트 [인천],2026.01.24,2026.01.24,청라복합문화센터 블루노바홀,서양음악(클래식),http://www.kopis.or.kr/upload/pfmPoster/PF_PF281052_251208_105213.gif,공연완료
PF281024,오스카상 수상 작곡가 제임스 호너의 타이타닉 & 아바타 라이브 백-투-백 필름 콘서트,2026.04.25,2026.04.26,세종문화회관,서양음악(클래식),http://www.kopis.or.kr/upload/pfmPoster/PF_PF281024_251205_143556.gif,공연예정
PF280998,MelON 지브리 & 뮤지컬 갈라 오케스트라 콘서트 [인천],2026.01.31,2026.01.31,아트센터 인천,서양음악(클래식),http://www.kopis.or.kr/upload/pfmPoster/PF_PF280998_251205_131735.gif,공연완료
PF280997,정명훈 & 드레스덴 슈타츠카펠레 (협연: 임윤찬),2026.01.27,2026.01.27,롯데콘서트홀,서양음악(클래식),http://www.kopis.or.kr/upload/pfmPoster/PF_PF280997_251205_131011.png,공연완료
PF280977,지브리를 품은 클래식: 다시 찾아온 겨울 [부산],2026.01.18,2026.01.18,해운대문화회관,서양음악(클래식),http://www.kopis.or.kr/upload/pfmPoster/PF_PF280977_251205_113543.jpg,공연완료
PF280971,제17회 숙명 플라비올 플루트 앙상블 정기연주회,2026.01.10,2026.01.10,세종문화회관,서양음악(클래식),http://www.kopis.or.kr/upload/pfmPoster/PF_PF280971_251205_112103.png,공연완료
PF280968,제10회 서울 플루티스트 앙상블 The K 정기연주회,2026.01.20,2026.01.20,세종문화회관,서양음악(클래식),http://www.kopis.or.kr/upload/pfmPoster/PF_PF280968_251216_174157.gif,공연완료
PF280966,일리야 라쉬코프스키 & 신세계로부터 [성남],2026.01.31,2026.01.31,성남아트센터,서양음악(클래식),http://www.kopis.or.kr/upload/pfmPoster/PF_PF280966_251205_110313.gif,공연완료
PF280965,너의 이름은. 필름 콘서트 [세종],2026.02.21,2026.02.21,세종예술의전당,서양음악(클래식),http://www.kopis.or.kr/upload/pfmPoster/PF_PF280965_251205_110237.gif,공연완료
PF280959,이선아 피아노 독주회: J.S.Bach Keyboard Suite 전곡 시리즈 I,2026.01.11,2026.01.11,예술의전당 [서울],서양음악(클래식),http://www.kopis.or.kr/upload/pfmPoster/PF_PF280959_251205_104658.gif,공연완료
PF280948,제8대 국립심포니오케스트라 음악감독 취임연주회,2026.01.11,2026.01.11,예술의전당 [서울],서양음악(클래식),http://www.kopis.or.kr/upload/pfmPoster/PF_PF280948_251229_161013.gif,공연완료
PF280946,"제263회 국립심포니오케스트라 정기연주회: 거슈윈, 파리의 아메리카인",2026.05.17,2026.05.17,예술의전당 [서울],서양음악(클래식),http://www.kopis.or.kr/upload/pfmPoster/PF_PF280946_260212_172123.gif,공연예정
PF280937,제823회 KBS교향악단 정기연주회,2026.02.28,2026.02.28,예술의전당 [서울],서양음악(클래식),http://www.kopis.or.kr/upload/pfmPoster/PF_PF280937_260304_162740.gif,공연완료
PF280928,드미트리 시쉬킨 피아노 리사이틀,2026.03.08,2026.03.08,예술의전당 [서울],서양음악(클래식),http://www.kopis.or.kr/upload/pfmPoster/PF_PF280928_251204_135220.gif,공연완료
PF280924,제824회 KBS교향악단 정기연주회,2026.03.31,2026.03.31,예술의전당 [서울],서양음악(클래식),http://www.kopis.or.kr/upload/pfmPoster/PF_PF280924_260226_161536.gif,공연예정
PF280911,빈 소년 합창단 신년음악회,2026.01.25,2026.01.25,롯데콘서트홀,서양음악(클래식),http://www.kopis.or.kr/upload/pfmPoster/PF_PF280911_260105_160840.gif,공연완료
PF280908,"멜론 심포니 오케스트라 (MelON) , 디즈니 + 지브리 오케스트라 콘서트 VOLUME 2 [광주]",2026.01.25,2026.01.25,광주 예술의 전당,서양음악(클래식),http://www.kopis.or.kr/upload/pfmPoster/PF_PF280908_251204_125633.gif,공연완료
PF280892,박미리 귀국 피아노 독주회,2026.01.07,2026.01.07,금호아트홀 연세,서양음악(클래식),http://www.kopis.or.kr/upload/pfmPoster/PF_PF280892_251204_112435.gif,공연완료
PF280880,크리스티안 짐머만 피아노 리사이틀: Prelude [부산],2026.01.20,2026.01.20,부산콘서트홀,서양음악(클래식),http://www.kopis.or.kr/upload/pfmPoster/PF_PF280880_251204_105903.jpg,공연완료
PF280869,페스트 [부산],2026.01.16,2026.01.17,부산문화회관,서양음악(클래식),http://www.kopis.or.kr/upload/pfmPoster/PF_PF280869_251204_103545.png,공연완료
PF280846,"부천필하모닉오케스트라 해설음악회 Ⅰ, Classic in Mass Media: Classic in Drama [부천]",2026.03.12,2026.03.12,부천아트센터,서양음악(클래식),http://www.kopis.or.kr/upload/pfmPoster/PF_PF280846_260205_172529.gif,공연완료
PF280845,"제180회 부천시립합창단 정기연주회: 헨델, 메시아",2026.12.16,2026.12.16,부천아트센터,서양음악(클래식),http://www.kopis.or.kr/upload/pfmPoster/PF_PF280845_251203_144550.jpg,공연예정
PF280843,제334회 부천필하모닉오케스트라 정기연주회 [부천],2026.02.27,2026.02.27,부천아트센터,서양음악(클래식),http://www.kopis.or.kr/upload/pfmPoster/PF_PF280843_260128_153746.gif,공연완료
PF280836,제336회 부천필하모닉오케스트라 정기연주회: BOHEMIA,2026.05.19,2026.05.19,부천아트센터,서양음악(클래식),http://www.kopis.or.kr/upload/pfmPoster/PF_PF280836_260319_155824.gif,공연예정
PF280834,"부천시립예술단 1234 콘서트 Ⅰ, 부천필하모닉오케스트라: 봄, 그리고 이야기 [부천]",2026.03.19,2026.03.19,부천아트센터,서양음악(클래식),http://www.kopis.or.kr/upload/pfmPoster/PF_PF280834_260318_130437.jpg,공연완료
PF280823,빈 소년 합창단 신년음악회 [창원],2026.01.20,2026.01.20,3.15아트센터,서양음악(클래식),http://www.kopis.or.kr/upload/pfmPoster/PF_PF280823_251203_135428.jpg,공연완료
PF280822,부천필하모닉오케스트라 발렌타인 콘서트,2026.02.13,2026.02.13,부천아트센터,서양음악(클래식),http://www.kopis.or.kr/upload/pfmPoster/PF_PF280822_260119_170519.gif,공연완료
PF280819,부천필하모닉오케스트라 해설음악회 Ⅲ: Classic in Mass Media: Classic on Screen,2026.07.31,2026.07.31,부천아트센터,서양음악(클래식),http://www.kopis.or.kr/upload/pfmPoster/PF_PF280819_251203_134902.jpg,공연예정
PF280817,제333회 부천필하모닉오케스트라 정기연주회: Top of the World,2026.01.16,2026.01.16,부천아트센터,서양음악(클래식),http://www.kopis.or.kr/upload/pfmPoster/PF_PF280817_260105_161722.jpg,공연완료
PF280816,"제342회 부천필하모닉오케스트라 정기연주회: 베토벤, 합창",2026.12.23,2026.12.23,부천아트센터,서양음악(클래식),http://www.kopis.or.kr/upload/pfmPoster/PF_PF280816_251203_134157.jpg,공연예정
PF280813,제335회 부천필하모닉오케스트라 정기연주회: Romeo & Juliet,2026.04.03,2026.04.03,부천아트센터,서양음악(클래식),http://www.kopis.or.kr/upload/pfmPoster/PF_PF280813_260211_130459.gif,공연예정
PF280811,"제178회 부천시립합창단 정기연주회: 모차르트, c단조 미사",2026.04.23,2026.04.23,부천아트센터,서양음악(클래식),http://www.kopis.or.kr/upload/pfmPoster/PF_PF280811_251203_133217.jpg,공연예정
PF280809,"부천시립합창단 기획연주회, YOU사연Ⅰ",2026.03.20,2026.03.20,부천아트센터,서양음악(클래식),http://www.kopis.or.kr/upload/pfmPoster/PF_PF280809_251203_133018.jpg,공연완료
PF280802,부천시립합창단 가족음악회: 수궁가,2026.05.30,2026.05.30,부천아트센터,서양음악(클래식),http://www.kopis.or.kr/upload/pfmPoster/PF_PF280802_251203_131847.jpg,공연예정
PF280788,부천시립합창단 어린이 음악회: 우리가 노래하는 이유,2026.02.12,2026.02.12,부천아트센터,서양음악(클래식),http://www.kopis.or.kr/upload/pfmPoster/PF_PF280788_260122_152855.gif,공연완료
PF280767,이근영 귀국 피아노 독주회,2026.01.12,2026.01.12,금호아트홀 연세,서양음악(클래식),http://www.kopis.or.kr/upload/pfmPoster/PF_PF280767_251203_112448.gif,공연완료
PF280755,앙상블 콘스피로 창단 연주회,2026.01.13,2026.01.13,세종문화회관,서양음악(클래식),http://www.kopis.or.kr/upload/pfmPoster/PF_PF280755_251203_110459.jpg,공연완료
PF280750,아시안 닥터스 오케스트라 콘서트,2026.01.11,2026.01.11,롯데콘서트홀,서양음악(클래식),http://www.kopis.or.kr/upload/pfmPoster/PF_PF280750_251203_105542.jpg,공연완료
PF280746,부산시립교향악단 신년음악회 [부산],2026.01.15,2026.01.15,부산시민회관,서양음악(클래식),http://www.kopis.or.kr/upload/pfmPoster/PF_PF280746_251203_104710.jpg,공연완료
PF280737,제6회 앙상블 콘솔라티오 정기연주회 [성남],2026.01.06,2026.01.06,성남아트센터,서양음악(클래식),http://www.kopis.or.kr/upload/pfmPoster/PF_PF280737_251203_102859.gif,공연완료
PF280723,"금호영아티스트콘서트, 최윤하 타악기 독주회",2026.01.24,2026.01.24,금호아트홀 연세,서양음악(클래식),http://www.kopis.or.kr/upload/pfmPoster/PF_PF280723_251202_152130.gif,공연완료
PF280720,"금호영재콘서트, 김주안 트럼펫 독주회",2026.03.21,2026.03.21,금호아트홀 연세,서양음악(클래식),http://www.kopis.or.kr/upload/pfmPoster/PF_PF280720_251202_145130.gif,공연완료
PF280716,"금호영재콘서트, 오상민 더블베이스 독주회",2026.02.07,2026.02.07,금호아트홀 연세,서양음악(클래식),http://www.kopis.or.kr/upload/pfmPoster/PF_PF280716_251202_143713.gif,공연완료
PF280714,"금호영재콘서트, 김민채 오보에 독주회",2026.02.21,2026.02.21,금호아트홀 연세,서양음악(클래식),http://www.kopis.or.kr/upload/pfmPoster/PF_PF280714_251202_143216.gif,공연완료
PF280707,최영성 피아노 리사이틀,2026.01.21,2026.01.21,금호아트홀 연세,서양음악(클래식),http://www.kopis.or.kr/upload/pfmPoster/PF_PF280707_251202_140528.gif,공연완료
PF280691,빈 필하모닉 신년음악회 라이브 상영회 [세종] (영상화),2026.01.01,2026.01.01,세종예술의전당,서양음악(클래식),http://www.kopis.or.kr/upload/pfmPoster/PF_PF280691_251202_131138.gif,공연완료
PF280689,"금호영아티스트콘서트, 이지언 첼로 독주회",2026.02.21,2026.02.21,금호아트홀 연세,서양음악(클래식),http://www.kopis.or.kr/upload/pfmPoster/PF_PF280689_251202_130938.gif,공연완료
PF280686,"금호 위너스, 윤서영 Flute",2026.01.10,2026.01.10,금호아트홀 연세,서양음악(클래식),http://www.kopis.or.kr/upload/pfmPoster/PF_PF280686_251202_130534.gif,공연완료
PF280685,"금호영아티스트콘서트, 차환희 기타 독주회",2026.01.17,2026.01.17,금호아트홀 연세,서양음악(클래식),http://www.kopis.or.kr/upload/pfmPoster/PF_PF280685_251202_130235.gif,공연완료
PF280680,빈 필하모닉 신년음악회 라이브 (영상화) [고양],2026.01.01,2026.01.01,고양아람누리,서양음악(클래식),http://www.kopis.or.kr/upload/pfmPoster/PF_PF280680_251202_125458.jpg,공연완료
PF280667,김주상 피아노 리사이틀: 주상이는 연주가 하고 싶어서 [광주],2026.01.15,2026.01.15,광주 예술의 전당,서양음악(클래식),http://www.kopis.or.kr/upload/pfmPoster/PF_PF280667_251202_113024.jpg,공연완료
PF280651,비앙상블 정기연주회,2026.01.02,2026.01.02,세종문화회관,서양음악(클래식),http://www.kopis.or.kr/upload/pfmPoster/PF_PF280651_251202_105148.jpg,공연완료
PF280640,오감클래식 영유아 클래식 콘서트,2025.01.04,2026.03.28,오감클래식,서양음악(클래식),http://www.kopis.or.kr/upload/pfmPoster/PF_PF280640_251202_102618.jpg,공연중
PF280615,지브리와 사랑에 빠지다: 지브리 영화음악 콘서트 [구미],2026.02.15,2026.02.15,구미시문화예술회관,서양음악(클래식),http://www.kopis.or.kr/upload/pfmPoster/PF_PF280615_251201_155552.gif,공연완료
PF280588,지브리와 사랑에 빠지다: 지브리 영화음악 콘서트 스페셜 [부천],2026.01.10,2026.01.10,부천아트센터,서양음악(클래식),http://www.kopis.or.kr/upload/pfmPoster/PF_PF280588_251201_141925.gif,공연완료
PF280586,해피 뉴 오페라: 벨칸토 갈라,2026.01.30,2026.01.30,롯데콘서트홀,서양음악(클래식),http://www.kopis.or.kr/upload/pfmPoster/PF_PF280586_251201_141254.gif,공연완료
PF280559,지브리와 사랑에 빠지다: 지브리 영화음악 콘서트 스페셜 [울산],2026.04.05,2026.04.05,울산중구문화의전당,서양음악(클래식),http://www.kopis.or.kr/upload/pfmPoster/PF_PF280559_251201_131434.gif,공연예정
PF280518,김현경 바이올린 독주회,2026.01.18,2026.01.18,금호아트홀 연세,서양음악(클래식),http://www.kopis.or.kr/upload/pfmPoster/PF_PF280518_251201_110113.gif,공연완료
PF280495,서울시향 신년 음악회,2026.01.09,2026.01.09,롯데콘서트홀,서양음악(클래식),http://www.kopis.or.kr/upload/pfmPoster/PF_PF280495_251201_101435.gif,공연완료
PF280484,피아니스트 박인혜의 베토벤 피아노 소나타 정주행 Ⅲ,2026.01.24,2026.01.24,세종문화회관,서양음악(클래식),http://www.kopis.or.kr/upload/pfmPoster/PF_PF280484_251128_152142.png,공연완료
PF280437,이천문화재단 신년음악회,2026.01.24,2026.01.24,이천아트홀,서양음악(클래식),http://www.kopis.or.kr/upload/pfmPoster/PF_PF280437_251128_125214.gif,공연완료
PF280412,김현정글로리아 & 진강우 피아노 듀오 리사이틀: Sweet Story,2026.02.13,2026.02.13,예술의전당 [서울],서양음악(클래식),http://www.kopis.or.kr/upload/pfmPoster/PF_PF280412_251128_104828.jpg,공연완료
PF280409,제10회 김재한 트롬본 독주회: Song for Winter Ⅲ,2026.01.06,2026.01.06,세종문화회관,서양음악(클래식),http://www.kopis.or.kr/upload/pfmPoster/PF_PF280409_251128_104305.jpg,공연완료
PF280408,"김응수 & 카메라타 솔, 겹의 미학 시리즈 2: B",2026.02.24,2026.02.24,예술의전당 [서울],서양음악(클래식),http://www.kopis.or.kr/upload/pfmPoster/PF_PF280408_251128_103935.gif,공연완료
PF280294,김덕우의 다시 만난 사계,2026.01.31,2026.01.31,예술의전당 [서울],서양음악(클래식),http://www.kopis.or.kr/upload/pfmPoster/PF_PF280294_251127_101926.gif,공연완료
PF280226,지브리 & 디즈니 영화음악 FESTA [서울 (앵콜) ],2026.02.14,2026.02.14,예술의전당 [서울],서양음악(클래식),http://www.kopis.or.kr/upload/pfmPoster/PF_PF280226_251126_113934.gif,공연완료
PF280138,지브리와 사랑에 빠지다: 지브리 영화음악 콘서트 [거제],2026.03.06,2026.03.06,거제문화예술회관,서양음악(클래식),http://www.kopis.or.kr/upload/pfmPoster/PF_PF280138_251125_131257.jpg,공연완료
PF280135,"지브리와 디즈니 그리고, 픽사: 마법의 멜로디 [세종]",2026.01.08,2026.01.08,비오케이아트센터(BOK아트센터),서양음악(클래식),http://www.kopis.or.kr/upload/pfmPoster/PF_PF280135_260106_153146.gif,공연완료
PF280111,"F1963 겨울음악회2, F1963 바로크 연주회 [부산]",2026.01.10,2026.01.10,F1963,서양음악(클래식),http://www.kopis.or.kr/upload/pfmPoster/PF_PF280111_251125_112817.jpg,공연완료
PF280105,조유리 바이올린 독주회: 모차르트 소나타 전곡 시리즈 IV,2026.01.03,2026.01.03,세종문화회관,서양음악(클래식),http://www.kopis.or.kr/upload/pfmPoster/PF_PF280105_251125_111648.jpg,공연완료
PF280017,지브리와 사랑에 빠지다: 지브리 영화음악 콘서트 스페셜 [천안],2026.01.04,2026.01.04,천안예술의전당,서양음악(클래식),http://www.kopis.or.kr/upload/pfmPoster/PF_PF280017_251124_151628.gif,공연완료
PF280000,이다솜 피아노 독주회,2026.01.09,2026.01.09,세종문화회관,서양음악(클래식),http://www.kopis.or.kr/upload/pfmPoster/PF_PF280000_251124_144940.png,공연완료
PF279985,서울 윈터 뮤직 페스티벌: Warm Air (01.30),2026.01.30,2026.01.30,예술의전당 [서울],서양음악(클래식),http://www.kopis.or.kr/upload/pfmPoster/PF_PF279985_251124_142727.gif,공연완료
PF279873,"코리안 영 아티스트 시리즈 Ⅴ, 이정우 피아노 리사이틀",2026.01.12,2026.01.12,명동대성당,서양음악(클래식),http://www.kopis.or.kr/upload/pfmPoster/PF_PF279873_251121_161647.gif,공연완료
PF279851,서울 윈터 뮤직 페스티벌: Warm Air (01.31),2026.01.31,2026.01.31,정동1928아트센터,서양음악(클래식),http://www.kopis.or.kr/upload/pfmPoster/PF_PF279851_251121_150404.gif,공연완료
PF279850,서울 윈터 뮤직 페스티벌: Warm Air (01.27),2026.01.27,2026.01.27,정동1928아트센터,서양음악(클래식),http://www.kopis.or.kr/upload/pfmPoster/PF_PF279850_251121_145852.gif,공연완료
PF279839,아즈마 아키와 함께하는 영화음악 콘서트: 지브리 & 월드무비 OST [천안],2026.02.22,2026.02.22,천안예술의전당,서양음악(클래식),http://www.kopis.or.kr/upload/pfmPoster/PF_PF279839_251121_143838.gif,공연완료
PF279757,지브리와 사랑에 빠지다: 지브리 영화음악 콘서트 [오산],2026.01.31,2026.01.31,오산문화예술회관,서양음악(클래식),http://www.kopis.or.kr/upload/pfmPoster/PF_PF279757_251121_103149.gif,공연완료
PF279754,지브리와 사랑에 빠지다: 지브리 영화음악 콘서트 [성남],2026.01.04,2026.01.04,성남아트센터,서양음악(클래식),http://www.kopis.or.kr/upload/pfmPoster/PF_PF279754_251121_102700.gif,공연완료
PF279740,킹스 싱어즈: CLOSE HARMONY [서울],2026.02.26,2026.02.26,예술의전당 [서울],서양음악(클래식),http://www.kopis.or.kr/upload/pfmPoster/PF_PF279740_251120_142915.gif,공연완료
PF279734,"클래식 디깅 클럽, 모차르트",2026.01.11,2026.01.11,예술의전당 [서울],서양음악(클래식),http://www.kopis.or.kr/upload/pfmPoster/PF_PF279734_251120_141402.gif,공연완료
PF279718,베토벤 & 라흐마니노프 [대구],2026.01.18,2026.01.18,대구콘서트하우스,서양음악(클래식),http://www.kopis.or.kr/upload/pfmPoster/PF_PF279718_251120_134453.gif,공연완료
PF279629,천안예술의전당 신년음악회 [천안],2026.01.24,2026.01.24,천안예술의전당,서양음악(클래식),http://www.kopis.or.kr/upload/pfmPoster/PF_PF279629_251119_150030.gif,공연완료
PF279587,크리스티안 짐머만 피아노 리사이틀: Prelude [대구],2026.01.22,2026.01.22,대구콘서트하우스,서양음악(클래식),http://www.kopis.or.kr/upload/pfmPoster/PF_PF279587_251119_132314.gif,공연완료
PF279557,바리톤 김진추 리사이틀,2026.01.31,2026.01.31,예술의전당 [서울],서양음악(클래식),http://www.kopis.or.kr/upload/pfmPoster/PF_PF279557_251119_122701.gif,공연완료
PF279555,피아노의 숲 피아노 콘서트,2026.02.08,2026.02.08,금호아트홀 연세,서양음악(클래식),http://www.kopis.or.kr/upload/pfmPoster/PF_PF279555_251119_122145.gif,공연완료
PF279516,조수미 신년음악회: Dream with me [천안],2026.01.02,2026.01.02,천안예술의전당,서양음악(클래식),http://www.kopis.or.kr/upload/pfmPoster/PF_PF279516_251119_102721.jpg,공연완료
PF279502,아름다운 목요일 요하네스: 김재영 & 문태국 & 박재홍,2026.11.26,2026.11.26,금호아트홀 연세,서양음악(클래식),http://www.kopis.or.kr/upload/pfmPoster/PF_PF279502_260326_164947.gif,공연예정
PF279501,"아름다운 목요일 영 오디세이: 베토벤, Ⅲ. 윤해원 & 박원민 & 진영훈 Violin",2026.07.30,2026.07.30,금호아트홀 연세,서양음악(클래식),http://www.kopis.or.kr/upload/pfmPoster/PF_PF279501_251118_144522.gif,공연예정
PF279500,"아름다운 목요일 영 오디세이: 베토벤, Ⅱ. 윤해원 & 박원민 & 진영훈 Violin",2026.07.23,2026.07.23,금호아트홀 연세,서양음악(클래식),http://www.kopis.or.kr/upload/pfmPoster/PF_PF279500_251118_143955.gif,공연예정
PF279499,"아름다운 목요일 영 오디세이: 베토벤, Ⅰ. 이현정 & 손지우 Violin",2026.07.16,2026.07.16,금호아트홀 연세,서양음악(클래식),http://www.kopis.or.kr/upload/pfmPoster/PF_PF279499_251118_143500.gif,공연예정
PF279498,"아름다운 목요일 영 오디세이: 모차르트, Ⅳ. 이정우 & 김아인 Piano",2026.08.27,2026.08.27,금호아트홀 연세,서양음악(클래식),http://www.kopis.or.kr/upload/pfmPoster/PF_PF279498_251118_142943.gif,공연예정
PF279497,"아름다운 목요일 영 오디세이: 모차르트, III. 남예서 & 홍석영 & 박해림 Piano",2026.08.20,2026.08.20,금호아트홀 연세,서양음악(클래식),http://www.kopis.or.kr/upload/pfmPoster/PF_PF279497_251118_142504.gif,공연예정
PF279496,"아름다운 목요일 영 오디세이: 모차르트, Ⅱ. 남예서 & 이정우 Piano",2026.08.13,2026.08.13,금호아트홀 연세,서양음악(클래식),http://www.kopis.or.kr/upload/pfmPoster/PF_PF279496_251118_142037.gif,공연예정
PF279495,"아름다운 목요일 영 오디세이: 모차르트, Ⅰ. 홍석영 & 박해림 & 김아인 Piano",2026.08.06,2026.08.06,금호아트홀 연세,서양음악(클래식),http://www.kopis.or.kr/upload/pfmPoster/PF_PF279495_251128_142507.gif,공연예정
PF279494,"아름다운 목요일 스페이스, 트리오 오원 Piano Trio",2026.04.09,2026.04.09,금호아트홀 연세,서양음악(클래식),http://www.kopis.or.kr/upload/pfmPoster/PF_PF279494_260212_164336.gif,공연예정
PF279493,"아름다운 목요일 스페이스, 노부스 콰르텟 String Quartet",2026.10.01,2026.10.01,금호아트홀 연세,서양음악(클래식),http://www.kopis.or.kr/upload/pfmPoster/PF_PF279493_251126_140426.gif,공연예정
PF279490,"아름다운 목요일 스페이스, 김다솔 Piano",2026.05.21,2026.05.21,금호아트홀 연세,서양음악(클래식),http://www.kopis.or.kr/upload/pfmPoster/PF_PF279490_251208_113922.gif,공연예정
PF279488,"아름다운 목요일 스페이스, 김다미 Violin",2026.05.07,2026.05.07,금호아트홀 연세,서양음악(클래식),http://www.kopis.or.kr/upload/pfmPoster/PF_PF279488_251128_131138.jpg,공연예정
PF279487,"아름다운 목요일 스페셜 콘서트, 윤이상국제음악콩쿠르 박성용영재특별상 수상자 음악회, 이재리 Cello",2026.06.11,2026.06.11,금호아트홀 연세,서양음악(클래식),http://www.kopis.or.kr/upload/pfmPoster/PF_PF279487_251218_164627.jpg,공연예정
PF279484,"아름다운 목요일 금호아트홀 상주음악가, 금호아트홀 신년음악회: 페르소나 - 바리톤 김태한",2026.01.08,2026.01.08,금호아트홀 연세,서양음악(클래식),http://www.kopis.or.kr/upload/pfmPoster/PF_PF279484_251118_133238.gif,공연완료
PF279482,"아름다운 목요일 금호아트홀 상주음악가, 바리톤 김태한: 페르소나 Ⅳ. 고독",2026.10.15,2026.10.15,금호아트홀 연세,서양음악(클래식),http://www.kopis.or.kr/upload/pfmPoster/PF_PF279482_251118_132949.gif,공연예정
PF279480,"아름다운 목요일 금호아트홀 상주음악가, 바리톤 김태한: 페르소나 Ⅲ. 사랑",2026.07.02,2026.07.02,금호아트홀 연세,서양음악(클래식),http://www.kopis.or.kr/upload/pfmPoster/PF_PF279480_251118_132612.gif,공연예정
PF279477,"아름다운 목요일 금호솔로이스츠: 선율의 항해 I. 프랑스, 우아한 인상",2026.03.05,2026.03.05,금호아트홀 연세,서양음악(클래식),http://www.kopis.or.kr/upload/pfmPoster/PF_PF279477_251118_132340.png,공연완료
PF279476,"아름다운 목요일 금호아트홀 상주음악가, 바리톤 김태한: 페르소나 Ⅱ. 관계",2026.04.23,2026.04.23,금호아트홀 연세,서양음악(클래식),http://www.kopis.or.kr/upload/pfmPoster/PF_PF279476_251118_132340.gif,공연예정
PF279473,"아름다운 목요일 금호솔로이스츠, 금호솔로이스츠: 선율의 항해 Ⅳ. 러시아, 영혼의 기록",2026.12.17,2026.12.17,금호아트홀 연세,서양음악(클래식),http://www.kopis.or.kr/upload/pfmPoster/PF_PF279473_251118_131829.jpeg,공연예정
PF279470,"아름다운 목요일 금호솔로이스츠, 금호솔로이스츠: 선율의 항해 Ⅲ. 오스트리아, 전통의 숨결",2026.06.25,2026.06.25,금호아트홀 연세,서양음악(클래식),http://www.kopis.or.kr/upload/pfmPoster/PF_PF279470_251118_131651.jpeg,공연예정
PF279468,"아름다운 목요일 금호솔로이스츠, 금호솔로이스츠: 선율의 항해 Ⅱ. 동유럽, 사랑과 열정으로",2026.04.02,2026.04.02,금호아트홀 연세,서양음악(클래식),http://www.kopis.or.kr/upload/pfmPoster/PF_PF279468_251118_131311.jpeg,공연예정
PF279467,"아름다운 목요일 금호라이징스타, 희석 엘리아스 아클리 Piano",2026.06.18,2026.06.18,금호아트홀 연세,서양음악(클래식),http://www.kopis.or.kr/upload/pfmPoster/PF_PF279467_251118_131311.png,공연예정
PF279464,"아름다운 목요일 금호라이징스타, 이해수 Viola",2026.03.26,2026.03.26,금호아트홀 연세,서양음악(클래식),http://www.kopis.or.kr/upload/pfmPoster/PF_PF279464_251118_130947.png,공연완료
PF279463,"아름다운 목요일 금호라이징스타, 유시헌 Double Bass",2026.02.26,2026.02.26,금호아트홀 연세,서양음악(클래식),http://www.kopis.or.kr/upload/pfmPoster/PF_PF279463_251118_130617.png,공연완료
PF279461,"아름다운 목요일 금호라이징스타, 박상진 Clarinet",2026.02.12,2026.02.12,금호아트홀 연세,서양음악(클래식),http://www.kopis.or.kr/upload/pfmPoster/PF_PF279461_251118_130247.png,공연완료
PF279458,"아름다운 목요일 금호 Exclusive, 로날트 브라우티함 Fortepiano",2026.05.28,2026.05.28,금호아트홀 연세,서양음악(클래식),http://www.kopis.or.kr/upload/pfmPoster/PF_PF279458_251118_125903.png,공연예정
PF279456,"아름다운 목요일: 고요, 그 너머에: 트리오 서울 Piano Trio",2026.01.22,2026.01.22,금호아트홀 연세,서양음악(클래식),http://www.kopis.or.kr/upload/pfmPoster/PF_PF279456_251118_125542.png,공연완료
PF279455,아름다운 목요일 인터내셔널 마스터즈: 스티븐 허프 Piano,2026.11.19,2026.11.19,금호아트홀 연세,서양음악(클래식),http://www.kopis.or.kr/upload/pfmPoster/PF_PF279455_251128_131356.gif,공연예정
PF279454,"아름다운 목요일: 고요, 그 너머에: 조진주 Violin Solo",2026.12.10,2026.12.10,금호아트홀 연세,서양음악(클래식),http://www.kopis.or.kr/upload/pfmPoster/PF_PF279454_251118_125051.png,공연예정
PF279451,"아름다운 목요일 인터내셔널 마스터즈, 모차르트 플러스 Ⅱ: 폴 루이스 Piano",2026.10.22,2026.10.22,금호아트홀 연세,서양음악(클래식),http://www.kopis.or.kr/upload/pfmPoster/PF_PF279451_251118_124722.png,공연예정
PF279450,"아름다운 목요일: 고요, 그 너머에: 조진주 Violin",2026.09.03,2026.09.03,금호아트홀 연세,서양음악(클래식),http://www.kopis.or.kr/upload/pfmPoster/PF_PF279450_251118_124627.png,공연예정
PF279448,"아름다운 목요일 인터내셔널 마스터즈, 모차르트 플러스 Ⅰ: 폴 루이스 Piano",2026.10.21,2026.10.21,금호아트홀 연세,서양음악(클래식),http://www.kopis.or.kr/upload/pfmPoster/PF_PF279448_251118_124224.png,공연예정
PF279438,아름다운 목요일 위대한 작곡가: 프란츠 슈베르트 X 문지영 Piano Ⅰ,2026.11.12,2026.11.12,금호아트홀 연세,서양음악(클래식),http://www.kopis.or.kr/upload/pfmPoster/PF_PF279438_251215_133518.jpg,공연예정
PF279436,아름다운 목요일 위대한 작곡가: 유다윤 & 정우찬 Violin Cello Duo,2026.03.12,2026.03.12,금호아트홀 연세,서양음악(클래식),http://www.kopis.or.kr/upload/pfmPoster/PF_PF279436_251118_113538.png,공연완료
PF279435,아름다운 목요일 위대한 작곡가: 루트비히 판 베토벤 X 김태형 Piano Ⅱ,2026.09.17,2026.09.17,금호아트홀 연세,서양음악(클래식),http://www.kopis.or.kr/upload/pfmPoster/PF_PF279435_251118_113010.png,공연예정
PF279431,아름다운 목요일 위대한 작곡가: J.S.바흐 X 한수진 Violin,2026.09.10,2026.09.10,금호아트홀 연세,서양음악(클래식),http://www.kopis.or.kr/upload/pfmPoster/PF_PF279431_251126_131324.gif,공연예정
PF279429,아름다운 목요일 요하네스: 이한나 Viola & 김다솔 Piano,2026.06.04,2026.06.04,금호아트홀 연세,서양음악(클래식),http://www.kopis.or.kr/upload/pfmPoster/PF_PF279429_251118_112145.png,공연예정
PF279425,아름다운 목요일 요하네스: 윤홍천 Piano,2026.04.16,2026.04.16,금호아트홀 연세,서양음악(클래식),http://www.kopis.or.kr/upload/pfmPoster/PF_PF279425_251118_111435.png,공연예정
PF279362,홍수민 피아노 독주회,2026.01.05,2026.01.05,세종문화회관,서양음악(클래식),http://www.kopis.or.kr/upload/pfmPoster/PF_PF279362_251117_175851.png,공연완료
PF279309,지브리 & 디즈니 영화음악 FESTA [성남 (앵콜) ],2026.01.25,2026.01.25,성남아트센터,서양음악(클래식),http://www.kopis.or.kr/upload/pfmPoster/PF_PF279309_251117_152857.gif,공연완료
PF279292,너의 이름은. 필름 콘서트 [광주],2026.02.08,2026.02.08,광주 예술의 전당,서양음악(클래식),http://www.kopis.or.kr/upload/pfmPoster/PF_PF279292_251117_150747.gif,공연완료
PF279282,남양성모성지 신년음악회: 이루어질 거예요!,2026.01.01,2026.01.01,남양성모성지,서양음악(클래식),http://www.kopis.or.kr/upload/pfmPoster/PF_PF279282_251117_144805.gif,공연완료
PF279251,"함께, 봄",2026.04.11,2026.04.11,국립극장,서양음악(클래식),http://www.kopis.or.kr/upload/pfmPoster/PF_PF279251_251117_134124.jpg,공연예정
PF279042,헐리우드 인 블록버스터,2026.01.31,2026.01.31,롯데콘서트홀,서양음악(클래식),http://www.kopis.or.kr/upload/pfmPoster/PF_PF279042_251113_161943.gif,공연완료
PF279036,크리스티안 짐머만 피아노 리사이틀 [대전],2026.01.11,2026.01.11,대전예술의전당,서양음악(클래식),http://www.kopis.or.kr/upload/pfmPoster/PF_PF279036_251113_154100.gif,공연완료
PF279014,영유클래식,2025.01.11,2026.06.28,온쉼표,서양음악(클래식),http://www.kopis.or.kr/upload/pfmPoster/PF_PF279014_251113_143041.png,공연중
PF278995,지브리와 사랑에 빠지다: 지브리 영화음악 콘서트 스페셜 [창원],2026.05.23,2026.05.23,성산아트홀,서양음악(클래식),http://www.kopis.or.kr/upload/pfmPoster/PF_PF278995_251113_135000.jpg,공연예정
PF278955,GS칼텍스 예울마루 신년음악회 [여수],2026.01.09,2026.01.09,GS칼텍스 예울마루,서양음악(클래식),http://www.kopis.or.kr/upload/pfmPoster/PF_PF278955_251113_112548.gif,공연완료
PF278923,제19회 쇼팽 국제 피아노 콩쿠르 위너스 갈라 콘서트 with 바르샤바 필하모닉,2026.02.03,2026.02.03,예술의전당 [서울],서양음악(클래식),http://www.kopis.or.kr/upload/pfmPoster/PF_PF278923_251209_155334.gif,공연완료
PF278917,지브리와 사랑에 빠지다: 지브리 영화음악 콘서트 [수원],2026.01.25,2026.01.25,수원문화원 (빛누리아트홀),서양음악(클래식),http://www.kopis.or.kr/upload/pfmPoster/PF_PF278917_251112_144450.jpg,공연완료
PF278884,"꾸러기음악회, 신나는 겨울 [대구]",2026.01.31,2026.01.31,수성아트피아,서양음악(클래식),http://www.kopis.or.kr/upload/pfmPoster/PF_PF278884_251112_130717.gif,공연완료
PF278883,"꾸러기음악회, 신나는 겨울 [대전]",2026.01.17,2026.01.17,대전예술의전당,서양음악(클래식),http://www.kopis.or.kr/upload/pfmPoster/PF_PF278883_251112_130716.gif,공연완료
PF278862,크리스마스 & 애니메이션 OST 섀도우콘서트 [제주],2025.01.24,2026.01.07,알레스 아트(Alles-Art),서양음악(클래식),http://www.kopis.or.kr/upload/pfmPoster/PF_PF278862_251112_112952.png,공연완료
PF278838,"꾸러기음악회, 신나는 겨울 [울산]",2026.01.24,2026.01.24,울산문화예술회관,서양음악(클래식),http://www.kopis.or.kr/upload/pfmPoster/PF_PF278838_251112_104633.gif,공연완료
PF278593,크리스티안 짐머만 피아노 리사이틀 [서울],2026.01.13,2026.01.15,롯데콘서트홀,서양음악(클래식),http://www.kopis.or.kr/upload/pfmPoster/PF_PF278593_251111_135635.gif,공연완료
PF278469,춤추는 발레 FESTA: 백조의호수 & 호두까기인형 [고양],2026.01.17,2026.01.17,고양아람누리,서양음악(클래식),http://www.kopis.or.kr/upload/pfmPoster/PF_PF278469_251107_124326.gif,공연완료
PF278452,지브리와 사랑에 빠지다: 지브리 영화음악 콘서트 [부산],2026.02.14,2026.02.14,해운대문화회관,서양음악(클래식),http://www.kopis.or.kr/upload/pfmPoster/PF_PF278452_251107_111556.png,공연완료
PF278420,"월간연주자, 피아니스트 이관욱 (2월)",2026.02.14,2026.02.14,갤러리 디 아르테 청담,서양음악(클래식),http://www.kopis.or.kr/upload/pfmPoster/PF_PF278420_251208_170946.gif,공연완료
PF278388,이자벨 파우스트 & 알렉산더 멜니코프 듀오 콘서트,2026.02.04,2026.02.04,예술의전당 [서울],서양음악(클래식),http://www.kopis.or.kr/upload/pfmPoster/PF_PF278388_251106_133907.gif,공연완료
PF278324,피아니스트 김진석 베토벤 시리즈 9,2026.03.08,2026.03.08,예술의전당 [서울],서양음악(클래식),http://www.kopis.or.kr/upload/pfmPoster/PF_PF278324_251106_103521.gif,공연완료
PF278232,NIKKE ORCHESTRAL CONCERT: Unbreakable Memories,2026.03.28,2026.03.29,광운대학교 동해문화예술관,서양음악(클래식),http://www.kopis.or.kr/upload/pfmPoster/PF_PF278232_251105_123558.png,공연중
PF278227,시네마 파라디소: Begin Again [부산],2026.03.14,2026.03.14,부산문화회관,서양음악(클래식),http://www.kopis.or.kr/upload/pfmPoster/PF_PF278227_251112_174934.png,공연완료
PF278224,"토요일의 키즈 클래식, 라보의 클래식 상자: 하이든 [부산]",2026.02.28,2026.02.28,부산시민회관,서양음악(클래식),http://www.kopis.or.kr/upload/pfmPoster/PF_PF278224_251105_113433.jpg,공연완료
PF278186,백건우 피아노 리사이틀 [부산],2026.04.03,2026.04.03,부산시민회관,서양음악(클래식),http://www.kopis.or.kr/upload/pfmPoster/PF_PF278186_251105_102254.jpg,공연예정
PF278184,"Sound of Busan #3: 유나이티드 코리안 오케스트라, 올 댓 차이콥스키 (교향곡#6)",2026.08.21,2026.08.21,부산시민회관,서양음악(클래식),http://www.kopis.or.kr/upload/pfmPoster/PF_PF278184_251105_101721.jpg,공연예정
PF278182,"Sound of Busan #2: 부산네오필하모닉오케스트라, 올 댓 차이콥스키 (교향곡#5)",2026.06.19,2026.06.19,부산시민회관,서양음악(클래식),http://www.kopis.or.kr/upload/pfmPoster/PF_PF278182_251105_101614.jpg,공연예정
PF278181,"Sound of Busan #1: 부산심포니오케스트라, 올 댓 차이콥스키 (교향곡#4)",2026.02.27,2026.02.27,부산시민회관,서양음악(클래식),http://www.kopis.or.kr/upload/pfmPoster/PF_PF278181_251105_101436.jpg,공연완료
PF278148,너의 이름은. 필름 콘서트 [대구],2026.02.01,2026.02.01,수성아트피아,서양음악(클래식),http://www.kopis.or.kr/upload/pfmPoster/PF_PF278148_251107_090209.gif,공연완료
PF277586,서울시향 체임버 클래식스 Ⅱ: 슬라브,2026.04.04,2026.04.04,세종문화회관,서양음악(클래식),http://www.kopis.or.kr/upload/pfmPoster/PF_PF277586_260209_174155.gif,공연예정
PF277563,서울시향 체임버 클래식스 Ⅲ: 독일 & 오스트리아,2026.06.20,2026.06.20,세종문화회관,서양음악(클래식),http://www.kopis.or.kr/upload/pfmPoster/PF_PF277563_260212_171730.gif,공연예정
PF277553,서울시향 체임버 클래식스 Ⅰ: 미국,2026.02.28,2026.02.28,세종문화회관,서양음악(클래식),http://www.kopis.or.kr/upload/pfmPoster/PF_PF277553_251223_162603.gif,공연완료
PF277523,아이라이크 클래식: 헬로 차이콥스키,2025.02.13,2026.02.28,필슈파스 [부산진구],서양음악(클래식),http://www.kopis.or.kr/upload/pfmPoster/PF_PF277523_251028_124325.jpg,공연완료
PF277470,지브리와 사랑에 빠지다: 지브리 영화음악 콘서트 스페셜 [대전],2026.01.03,2026.01.03,대전예술의전당,서양음악(클래식),http://www.kopis.or.kr/upload/pfmPoster/PF_PF277470_251027_171703.gif,공연완료
PF277461,서울시향 얍 판 츠베덴의 브루크너 교향곡 4번,2026.04.02,2026.04.03,롯데콘서트홀,서양음악(클래식),http://www.kopis.or.kr/upload/pfmPoster/PF_PF277461_260204_173947.gif,공연예정
PF277458,서울시향 얍 판 츠베덴의 말러 교향곡 6번: 비극적,2026.03.19,2026.03.20,롯데콘서트홀,서양음악(클래식),http://www.kopis.or.kr/upload/pfmPoster/PF_PF277458_260202_174244.gif,공연완료
PF277454,서울시향 니콜라이 루간스키의 쇼팽 피아노 협주곡 1번 ②,2026.02.13,2026.02.13,예술의전당 [서울],서양음악(클래식),http://www.kopis.or.kr/upload/pfmPoster/PF_PF277454_260109_162920.jpg,공연완료
PF277440,서울시향 필리프 조르당의 브루크너 교향곡 9번 ②,2026.01.30,2026.01.30,예술의전당 [서울],서양음악(클래식),http://www.kopis.or.kr/upload/pfmPoster/PF_PF277440_251216_172640.gif,공연완료
PF277434,서울시향 김선욱과 알리스 사라 오트 ②,2026.05.09,2026.05.09,예술의전당 [서울],서양음악(클래식),http://www.kopis.or.kr/upload/pfmPoster/PF_PF277434_260209_174436.gif,공연예정
PF277431,서울시향 수산나 멜키의 슈베르트: 그레이트,2026.07.23,2026.07.24,롯데콘서트홀,서양음악(클래식),http://www.kopis.or.kr/upload/pfmPoster/PF_PF277431_260319_162011.gif,공연예정
PF277428,서울시향 니콜라이 루간스키의 쇼팽 피아노 협주곡 1번 ①,2026.02.12,2026.02.12,예술의전당 [서울],서양음악(클래식),http://www.kopis.or.kr/upload/pfmPoster/PF_PF277428_260109_161856.gif,공연완료
PF277416,서울시향 이지윤의 드보르자크 바이올린 협주곡,2026.07.10,2026.07.10,롯데콘서트홀,서양음악(클래식),http://www.kopis.or.kr/upload/pfmPoster/PF_PF277416_260220_155605.gif,공연예정
PF277413,서울시향 필리프 조르당의 브루크너 교향곡 9번 ①,2026.01.29,2026.01.29,롯데콘서트홀,서양음악(클래식),http://www.kopis.or.kr/upload/pfmPoster/PF_PF277413_251203_100242.gif,공연완료
PF277403,서울시향 마르쿠스 슈텐츠와 바딤 글루즈만 ②,2026.05.29,2026.05.29,예술의전당 [서울],서양음악(클래식),http://www.kopis.or.kr/upload/pfmPoster/PF_PF277403_260209_172305.gif,공연예정
PF277399,서울시향 김선욱과 알리스 사라 오트 ①,2026.05.08,2026.05.08,롯데콘서트홀,서양음악(클래식),http://www.kopis.or.kr/upload/pfmPoster/PF_PF277399_260212_171354.gif,공연예정
PF277362,서울시향 조너선 노트의 차이콥스키 교향곡 3번 ①,2026.06.18,2026.06.18,예술의전당 [서울],서양음악(클래식),http://www.kopis.or.kr/upload/pfmPoster/PF_PF277362_260319_161407.gif,공연예정
PF277361,The 7th YAMAHA INTERNATIONAL HIGHLIGHT CONCERT,2026.01.24,2026.01.24,롯데콘서트홀,서양음악(클래식),http://www.kopis.or.kr/upload/pfmPoster/PF_PF277361_251027_130226.jpg,공연완료
PF277359,서울시향 조너선 노트의 차이콥스키 교향곡 3번 ②,2026.06.19,2026.06.19,롯데콘서트홀,서양음악(클래식),http://www.kopis.or.kr/upload/pfmPoster/PF_PF277359_260226_155935.gif,공연예정
PF277336,서울시향 마르쿠스 슈텐츠와 바딤 글루즈만 ①,2026.05.28,2026.05.28,롯데콘서트홀,서양음악(클래식),http://www.kopis.or.kr/upload/pfmPoster/PF_PF277336_260209_172043.gif,공연예정
PF277103,토들러 콘서트 [하우스오브베르],2025.02.15,2026.03.02,하우스오브베르,서양음악(클래식),http://www.kopis.or.kr/upload/pfmPoster/PF_PF277103_251023_113338.jpg,공연완료
PF276777,지휘자 백윤학의 칸타빌레: New Year FESTA,2026.01.04,2026.01.04,롯데콘서트홀,서양음악(클래식),http://www.kopis.or.kr/upload/pfmPoster/PF_PF276777_251126_174138.gif,공연완료
PF276740,춤추는 발레 FESTA: 백조의호수 & 호두까기인형 [서울],2026.01.10,2026.01.10,롯데콘서트홀,서양음악(클래식),http://www.kopis.or.kr/upload/pfmPoster/PF_PF276740_251028_164335.gif,공연완료
PF276701,지브리 영화음악 FESTA [광주],2026.02.07,2026.02.07,광주 예술의 전당,서양음악(클래식),http://www.kopis.or.kr/upload/pfmPoster/PF_PF276701_251028_165304.gif,공연완료
PF276482,지브리 & 디즈니 영화음악 FESTA [대전 (앵콜) ],2026.05.01,2026.05.01,대전예술의전당,서양음악(클래식),http://www.kopis.or.kr/upload/pfmPoster/PF_PF276482_251017_125214.jpg,공연예정
PF276111,백조의호수 & 호두까기인형 발레 FESTA [대전],2026.02.28,2026.02.28,대전예술의전당,서양음악(클래식),http://www.kopis.or.kr/upload/pfmPoster/PF_PF276111_251014_140154.gif,공연완료
PF276107,지브리 & 디즈니 영화음악 FESTA [서울 (앵콜) ],2026.01.03,2026.01.03,롯데콘서트홀,서양음악(클래식),http://www.kopis.or.kr/upload/pfmPoster/PF_PF276107_251014_135526.gif,공연완료
PF275999,지브리 & 디즈니 영화음악 FESTA [청주 (앵콜) ],2026.02.15,2026.02.15,청주예술의전당,서양음악(클래식),http://www.kopis.or.kr/upload/pfmPoster/PF_PF275999_251013_160003.gif,공연완료
PF275887,지브리 & 디즈니 영화음악 FESTA [대구 (앵콜) ],2026.01.24,2026.01.24,대구콘서트하우스,서양음악(클래식),http://www.kopis.or.kr/upload/pfmPoster/PF_PF275887_251013_120105.gif,공연완료
PF275885,지브리 하우스 콘서트: 당신만의 속도로 [대구] (화요일),2025.10.14,2026.01.20,어연히하우스,서양음악(클래식),http://www.kopis.or.kr/upload/pfmPoster/PF_PF275885_251013_114303.jpg,공연완료
PF275882,지브리 하우스 콘서트: 당신만의 속도로 [대구] (수요일),2025.10.22,2026.01.28,어연히하우스,서양음악(클래식),http://www.kopis.or.kr/upload/pfmPoster/PF_PF275882_251013_113634.jpg,공연완료
PF275192,리틀뮤직랩 하우스콘서트,2025.04.05,2026.03.28,브릴란트 아트 스튜디오 [서울 서초],서양음악(클래식),http://www.kopis.or.kr/upload/pfmPoster/PF_PF275192_250929_113859.jpeg,공연중
PF275137,아벨 콰르텟 베토벤 현악사중주 전곡연주 5,2026.02.07,2026.02.07,예술의전당 [서울],서양음악(클래식),http://www.kopis.or.kr/upload/pfmPoster/PF_PF275137_250926_151334.gif,공연완료
PF275122,아벨 콰르텟 베토벤 현악사중주 전곡연주 4,2026.02.05,2026.02.05,예술의전당 [서울],서양음악(클래식),http://www.kopis.or.kr/upload/pfmPoster/PF_PF275122_250926_144507.gif,공연완료
PF274397,"반지의 제왕, 왕의 귀환 인 콘서트",2026.01.17,2026.01.18,세종문화회관,서양음악(클래식),http://www.kopis.or.kr/upload/pfmPoster/PF_PF274397_250918_111214.gif,공연완료
PF274143,스테이지엠 크리스마스 영화 음악 & 캐롤 콘서트 [대구],2025.12.06,2026.12.19,스테이지엠 (STAGE M) (구.프란츠홀),서양음악(클래식),http://www.kopis.or.kr/upload/pfmPoster/PF_PF274143_251128_134208.gif,공연중
PF273702,포르테피아노와 함께하는 최연우 바이올린 독주회,2026.04.06,2026.04.06,세종문화회관,서양음악(클래식),http://www.kopis.or.kr/upload/pfmPoster/PF_PF273702_250909_162305.png,공연예정
PF263047,삼익 자일러 아티스트 시리즈,2025.05.28,2026.03.25,엠팟홀 (구. 삼익아트홀),서양음악(클래식),http://www.kopis.or.kr/upload/pfmPoster/PF_PF263047_250508_134732.jpg,공연완료
PF258951,세비야의 이발사 [대학로],2025.03.14,2026.03.04,유니플렉스,서양음악(클래식),http://www.kopis.or.kr/upload/pfmPoster/PF_PF258951_250516_151534.jpg,공연완료
PF256370,스테이지 M 신년 음악회: 캔들데이 콘서트 [대구],2025.01.17,2026.12.27,스테이지엠 (STAGE M) (구.프란츠홀),서양음악(클래식),http://www.kopis.or.kr/upload/pfmPoster/PF_PF256370_250108_161156.gif,공연중
PF254737,지브리와 사랑에 빠지다: 지브리 영화 음악 콘서트 [대구],2025.01.05,2026.05.02,스테이지엠 (STAGE M) (구.프란츠홀),서양음악(클래식),http://www.kopis.or.kr/upload/pfmPoster/PF_PF254737_250915_150123.jpg,공연중
PF248820,우리가 사랑한 한국 영화 OST 콘서트 [대구],2024.11.09,2026.05.24,스테이지엠 (STAGE M) (구.프란츠홀),서양음악(클래식),http://www.kopis.or.kr/upload/pfmPoster/PF_PF248820_241223_114124.jpg,공연중
